outer_fold,seed_index,q,candidate_id,control_id,fidelity_delta_l2,rbf25_delta_l2,rbf50_delta_l2,candidate_weight,control_weight,residual_target_rows,channel_fit_rows,validation_outcomes_used,channel_source
CV01,1,4,SFRK-04-CV,TWO-RBF-04-CV,1.325444887097594,0.7051940277436792,0.8820864186559444,1.0,0.7617783715002899,1024,1024,0,same_cross_fitted_c06_residual
CV01,1,6,SFRK-06-CV,TWO-RBF-06-CV,1.6217429070433558,0.772797815990476,0.9220015604889706,1.0,0.0,1024,1024,0,same_cross_fitted_c06_residual
CV01,1,8,SFRK-08-CV,TWO-RBF-08-CV,1.948822813431716,0.8604265471795082,1.0631171783701239,1.0,0.0,1024,1024,0,same_cross_fitted_c06_residual
CV01,2,4,SFRK-04-CV,TWO-RBF-04-CV,1.3254448870793716,0.7051028859226777,0.8803215116859142,1.0,0.7655584359956097,1024,1024,0,same_cross_fitted_c06_residual
CV01,2,6,SFRK-06-CV,TWO-RBF-06-CV,1.623797028992797,0.7729890393001918,0.9209740238314231,1.0,0.0,1024,1024,0,same_cross_fitted_c06_residual
CV01,2,8,SFRK-08-CV,TWO-RBF-08-CV,1.9700968434422372,0.8617688233513778,1.0659254559144742,1.0,0.0,1024,1024,0,same_cross_fitted_c06_residual
CV01,3,4,SFRK-04-CV,TWO-RBF-04-CV,1.3254448879063163,0.7041581601518423,0.8805699960114198,1.0,0.763458630422243,1024,1024,0,same_cross_fitted_c06_residual
CV01,3,6,SFRK-06-CV,TWO-RBF-06-CV,1.627853345749981,0.7726014601378748,0.922554195030931,1.0,0.0,1024,1024,0,same_cross_fitted_c06_residual
CV01,3,8,SFRK-08-CV,TWO-RBF-08-CV,1.9863346165245954,0.8603227475863964,1.063254265121592,1.0,0.0,1024,1024,0,same_cross_fitted_c06_residual
CV01,4,4,SFRK-04-CV,TWO-RBF-04-CV,1.325444887767813,0.7052438731206069,0.8843468374036665,1.0,0.7616988201991521,1024,1024,0,same_cross_fitted_c06_residual
CV01,4,6,SFRK-06-CV,TWO-RBF-06-CV,1.6183120749979139,0.7725065865288104,0.921162862178883,1.0,0.0,1024,1024,0,same_cross_fitted_c06_residual
CV01,4,8,SFRK-08-CV,TWO-RBF-08-CV,1.9660701891765515,0.8608117331947481,1.0651657673324013,1.0,0.0,1024,1024,0,same_cross_fitted_c06_residual
CV01,5,4,SFRK-04-CV,TWO-RBF-04-CV,1.3254448873852818,0.7042537431799827,0.8804968294213662,1.0,0.7555272173364537,1024,1024,0,same_cross_fitted_c06_residual
CV01,5,6,SFRK-06-CV,TWO-RBF-06-CV,1.618626738328772,0.7733856140005617,0.9214514106348772,1.0,0.0,1024,1024,0,same_cross_fitted_c06_residual
CV01,5,8,SFRK-08-CV,TWO-RBF-08-CV,1.9696472276966543,0.8611683649733033,1.063929490824956,1.0,0.0,1024,1024,0,same_cross_fitted_c06_residual
CV01,6,4,SFRK-04-CV,TWO-RBF-04-CV,1.325444887274383,0.7043549901756135,0.8789196475659535,1.0,0.7793851360532006,1024,1024,0,same_cross_fitted_c06_residual
CV01,6,6,SFRK-06-CV,TWO-RBF-06-CV,1.6146766378074597,0.7729511177881218,0.9204469537769405,1.0,0.0,1024,1024,0,same_cross_fitted_c06_residual
CV01,6,8,SFRK-08-CV,TWO-RBF-08-CV,1.9620146327183077,0.8606437014464189,1.0598724009288891,1.0,0.0,1024,1024,0,same_cross_fitted_c06_residual
CV01,7,4,SFRK-04-CV,TWO-RBF-04-CV,1.3254448865541049,0.7049913287608243,0.8821273284640344,1.0,0.7595981251313735,1024,1024,0,same_cross_fitted_c06_residual
CV01,7,6,SFRK-06-CV,TWO-RBF-06-CV,1.6250070869924624,0.7725427590622577,0.9222104616471178,1.0,0.0,1024,1024,0,same_cross_fitted_c06_residual
CV01,7,8,SFRK-08-CV,TWO-RBF-08-CV,1.9703184216863228,0.8634340395828686,1.0653837850212629,1.0,0.0,1024,1024,0,same_cross_fitted_c06_residual
CV01,8,4,SFRK-04-CV,TWO-RBF-04-CV,1.3254448876325517,0.7044006170750862,0.8791186006651633,1.0,0.7531439635553199,1024,1024,0,same_cross_fitted_c06_residual
CV01,8,6,SFRK-06-CV,TWO-RBF-06-CV,1.6234702270237866,0.773408514883387,0.9217164474494368,1.0,0.0,1024,1024,0,same_cross_fitted_c06_residual
CV01,8,8,SFRK-08-CV,TWO-RBF-08-CV,1.9655208948315124,0.8606666002147719,1.0641910985412162,1.0,0.0,1024,1024,0,same_cross_fitted_c06_residual
CV01,9,4,SFRK-04-CV,TWO-RBF-04-CV,1.3254448869549096,0.7039530010285127,0.8795285340277786,1.0,0.7628704932309475,1024,1024,0,same_cross_fitted_c06_residual
CV01,9,6,SFRK-06-CV,TWO-RBF-06-CV,1.6172514808257257,0.7725897402336467,0.920574867424081,1.0,0.0,1024,1024,0,same_cross_fitted_c06_residual
CV01,9,8,SFRK-08-CV,TWO-RBF-08-CV,1.9650178017865043,0.8598854886451628,1.0630556221942102,1.0,0.0,1024,1024,0,same_cross_fitted_c06_residual
CV01,10,4,SFRK-04-CV,TWO-RBF-04-CV,1.325444888090687,0.7045421148175035,0.8795182017932479,1.0,0.7482988890307931,1024,1024,0,same_cross_fitted_c06_residual
CV01,10,6,SFRK-06-CV,TWO-RBF-06-CV,1.616945161113903,0.7726434597728634,0.9216285300023975,1.0,0.0,1024,1024,0,same_cross_fitted_c06_residual
CV01,10,8,SFRK-08-CV,TWO-RBF-08-CV,1.9561531313250153,0.8602150198433427,1.065618874787987,1.0,0.0,1024,1024,0,same_cross_fitted_c06_residual
CV01,11,4,SFRK-04-CV,TWO-RBF-04-CV,1.3254448871834188,0.7044806672212087,0.8787477234719643,1.0,0.7515849125792271,1024,1024,0,same_cross_fitted_c06_residual
CV01,11,6,SFRK-06-CV,TWO-RBF-06-CV,1.6226669744084203,0.7728991439517923,0.9205840594749191,1.0,0.0,1024,1024,0,same_cross_fitted_c06_residual
CV01,11,8,SFRK-08-CV,TWO-RBF-08-CV,1.9472235507868325,0.8619404075656506,1.0636246608975648,1.0,0.0,1024,1024,0,same_cross_fitted_c06_residual
CV01,12,4,SFRK-04-CV,TWO-RBF-04-CV,1.3254448874162699,0.7051110892224426,0.8819662489779703,1.0,0.7516008588905928,1024,1024,0,same_cross_fitted_c06_residual
CV01,12,6,SFRK-06-CV,TWO-RBF-06-CV,1.625684286500805,0.7726531891279511,0.9210248918885681,1.0,0.0,1024,1024,0,same_cross_fitted_c06_residual
CV01,12,8,SFRK-08-CV,TWO-RBF-08-CV,1.9847789213013027,0.8594624733686899,1.0623375279687493,1.0,0.0,1024,1024,0,same_cross_fitted_c06_residual
CV01,13,4,SFRK-04-CV,TWO-RBF-04-CV,1.3254448870550655,0.7045222277303165,0.8798701611354499,1.0,0.7569540450674419,1024,1024,0,same_cross_fitted_c06_residual
CV01,13,6,SFRK-06-CV,TWO-RBF-06-CV,1.6213514616501883,0.7730614280536455,0.9209626824018498,1.0,0.0,1024,1024,0,same_cross_fitted_c06_residual
CV01,13,8,SFRK-08-CV,TWO-RBF-08-CV,1.9741568473613353,0.8593964220239285,1.0625200081281627,1.0,0.0,1024,1024,0,same_cross_fitted_c06_residual
CV01,14,4,SFRK-04-CV,TWO-RBF-04-CV,1.3254448878237497,0.7051121893366736,0.8794666332159421,1.0,0.7572178134183641,1024,1024,0,same_cross_fitted_c06_residual
CV01,14,6,SFRK-06-CV,TWO-RBF-06-CV,1.6140897333990638,0.7734393781016868,0.9205130263230111,1.0,0.0,1024,1024,0,same_cross_fitted_c06_residual
CV01,14,8,SFRK-08-CV,TWO-RBF-08-CV,1.9570498200894808,0.8601919456445307,1.06277415481806,1.0,0.0,1024,1024,0,same_cross_fitted_c06_residual
CV01,15,4,SFRK-04-CV,TWO-RBF-04-CV,1.325444887300263,0.7046432527703186,0.8797175348746343,1.0,0.7544840786771847,1024,1024,0,same_cross_fitted_c06_residual
CV01,15,6,SFRK-06-CV,TWO-RBF-06-CV,1.6148632380208578,0.7729838753773829,0.9214116188872773,1.0,0.0,1024,1024,0,same_cross_fitted_c06_residual
CV01,15,8,SFRK-08-CV,TWO-RBF-08-CV,1.9433901403446794,0.8594112470239692,1.062953065628357,1.0,0.0,1024,1024,0,same_cross_fitted_c06_residual
CV01,16,4,SFRK-04-CV,TWO-RBF-04-CV,1.3254448867834792,0.7045487954422686,0.8810560572065993,1.0,0.7595837366840206,1024,1024,0,same_cross_fitted_c06_residual
CV01,16,6,SFRK-06-CV,TWO-RBF-06-CV,1.6201970777834818,0.7731146075415936,0.9221074696600136,1.0,0.0,1024,1024,0,same_cross_fitted_c06_residual
CV01,16,8,SFRK-08-CV,TWO-RBF-08-CV,1.9892040188496354,0.8598220192777107,1.0648182126904757,1.0,0.0,1024,1024,0,same_cross_fitted_c06_residual
CV01,17,4,SFRK-04-CV,TWO-RBF-04-CV,1.325444886900369,0.7052050859873205,0.8799157461441345,1.0,0.7411557882817561,1024,1024,0,same_cross_fitted_c06_residual
CV01,17,6,SFRK-06-CV,TWO-RBF-06-CV,1.6260339737043765,0.7729235571752654,0.9233668973110566,1.0,0.0,1024,1024,0,same_cross_fitted_c06_residual
CV01,17,8,SFRK-08-CV,TWO-RBF-08-CV,1.9718526631983324,0.861305641326163,1.0624943003746246,1.0,0.0,1024,1024,0,same_cross_fitted_c06_residual
CV01,18,4,SFRK-04-CV,TWO-RBF-04-CV,1.3254448873327556,0.7054359340765026,0.879630353431513,1.0,0.7616154662053528,1024,1024,0,same_cross_fitted_c06_residual
CV01,18,6,SFRK-06-CV,TWO-RBF-06-CV,1.6251909869923882,0.7739668486442185,0.9214698966767148,1.0,0.0,1024,1024,0,same_cross_fitted_c06_residual
CV01,18,8,SFRK-08-CV,TWO-RBF-08-CV,1.9653131290702877,0.8601451642236736,1.0620410628475065,1.0,0.0,1024,1024,0,same_cross_fitted_c06_residual
CV01,19,4,SFRK-04-CV,TWO-RBF-04-CV,1.3254448874808333,0.705174249090221,0.8823450207767721,1.0,0.7595396987487794,1024,1024,0,same_cross_fitted_c06_residual
CV01,19,6,SFRK-06-CV,TWO-RBF-06-CV,1.6233825652364018,0.772406056985204,0.9196333100753241,1.0,0.0,1024,1024,0,same_cross_fitted_c06_residual
CV01,19,8,SFRK-08-CV,TWO-RBF-08-CV,1.9413697247773622,0.8590910701977476,1.0611293822014465,1.0,0.0,1024,1024,0,same_cross_fitted_c06_residual
CV01,20,4,SFRK-04-CV,TWO-RBF-04-CV,1.3254448865928394,0.7046990038201484,0.8795547280559365,1.0,0.7680934683878666,1024,1024,0,same_cross_fitted_c06_residual
CV01,20,6,SFRK-06-CV,TWO-RBF-06-CV,1.6184925482044465,0.7719953263983572,0.9182132918069559,1.0,0.0,1024,1024,0,same_cross_fitted_c06_residual
CV01,20,8,SFRK-08-CV,TWO-RBF-08-CV,1.9664361987515055,0.862304112550149,1.0642229194639254,1.0,0.0,1024,1024,0,same_cross_fitted_c06_residual
CV02,1,4,SFRK-04-CV,TWO-RBF-04-CV,1.9511369853819005,1.5035362882877938,1.7507618317017088,0.2860008212304982,1.0,1024,1024,0,same_cross_fitted_c06_residual
CV02,1,6,SFRK-06-CV,TWO-RBF-06-CV,1.726300269097182,1.0178754810145354,1.0878008091543034,0.6298942221195888,1.0,1024,1024,0,same_cross_fitted_c06_residual
CV02,1,8,SFRK-08-CV,TWO-RBF-08-CV,0.5541758531904347,0.7725953653906514,0.7426687164998141,1.0,1.0,1024,1024,0,same_cross_fitted_c06_residual
CV02,2,4,SFRK-04-CV,TWO-RBF-04-CV,1.9511369864009513,1.503566699264107,1.7506723427593476,0.2861178241274982,1.0,1024,1024,0,same_cross_fitted_c06_residual
CV02,2,6,SFRK-06-CV,TWO-RBF-06-CV,1.7206965241805356,1.0181614806086963,1.0878277028162335,0.626404562855756,1.0,1024,1024,0,same_cross_fitted_c06_residual
CV02,2,8,SFRK-08-CV,TWO-RBF-08-CV,0.5438997160258494,0.7729146266372898,0.741189087504314,0.9973421336822217,1.0,1024,1024,0,same_cross_fitted_c06_residual
CV02,3,4,SFRK-04-CV,TWO-RBF-04-CV,1.9511369871673927,1.5035728446809185,1.7507106863211803,0.28560804984283655,1.0,1024,1024,0,same_cross_fitted_c06_residual
CV02,3,6,SFRK-06-CV,TWO-RBF-06-CV,1.7215438475000737,1.0181321530504275,1.0880909685306974,0.6286106948170271,1.0,1024,1024,0,same_cross_fitted_c06_residual
CV02,3,8,SFRK-08-CV,TWO-RBF-08-CV,0.5552508330692363,0.7720827145943762,0.743843091088089,1.0,1.0,1024,1024,0,same_cross_fitted_c06_residual
CV02,4,4,SFRK-04-CV,TWO-RBF-04-CV,1.95113698475071,1.5035634831273994,1.750635588784586,0.2856000628347175,1.0,1024,1024,0,same_cross_fitted_c06_residual
CV02,4,6,SFRK-06-CV,TWO-RBF-06-CV,1.7206631235808616,1.0179764913294196,1.088085131836463,0.6281337018177992,1.0,1024,1024,0,same_cross_fitted_c06_residual
CV02,4,8,SFRK-08-CV,TWO-RBF-08-CV,0.5463832205236968,0.7724472610412587,0.742356127492462,1.0,1.0,1024,1024,0,same_cross_fitted_c06_residual
CV02,5,4,SFRK-04-CV,TWO-RBF-04-CV,1.9511369869610018,1.503582453973536,1.7506531806522876,0.28589607920875976,1.0,1024,1024,0,same_cross_fitted_c06_residual
CV02,5,6,SFRK-06-CV,TWO-RBF-06-CV,1.7204684670243713,1.018096401001808,1.0883964450414967,0.6299520001333668,1.0,1024,1024,0,same_cross_fitted_c06_residual
CV02,5,8,SFRK-08-CV,TWO-RBF-08-CV,0.5605608508592197,0.772376699032082,0.7420845886943058,1.0,1.0,1024,1024,0,same_cross_fitted_c06_residual
CV02,6,4,SFRK-04-CV,TWO-RBF-04-CV,1.951136987063115,1.503537694181013,1.750721544353377,0.2858677004875656,1.0,1024,1024,0,same_cross_fitted_c06_residual
CV02,6,6,SFRK-06-CV,TWO-RBF-06-CV,1.7248781728475837,1.0182250847725607,1.0885336162595156,0.6291534486686203,1.0,1024,1024,0,same_cross_fitted_c06_residual
CV02,6,8,SFRK-08-CV,TWO-RBF-08-CV,0.5423489111173787,0.7722050768373689,0.7428087941895823,1.0,1.0,1024,1024,0,same_cross_fitted_c06_residual
CV02,7,4,SFRK-04-CV,TWO-RBF-04-CV,1.9511369865250339,1.5036342273106718,1.7506976883984444,0.2862263878670287,1.0,1024,1024,0,same_cross_fitted_c06_residual
CV02,7,6,SFRK-06-CV,TWO-RBF-06-CV,1.7162040348943537,1.0181635943666179,1.0887834050687584,0.6285788515583319,1.0,1024,1024,0,same_cross_fitted_c06_residual
CV02,7,8,SFRK-08-CV,TWO-RBF-08-CV,0.5398131884872313,0.7724258480784681,0.7404323655216246,0.9931048792567114,1.0,1024,1024,0,same_cross_fitted_c06_residual
CV02,8,4,SFRK-04-CV,TWO-RBF-04-CV,1.9511369870145956,1.5035489603463734,1.7506703545113869,0.2867718754244065,1.0,1024,1024,0,same_cross_fitted_c06_residual
CV02,8,6,SFRK-06-CV,TWO-RBF-06-CV,1.7272331608293783,1.0179974817916233,1.0875312441340155,0.6276370313953263,1.0,1024,1024,0,same_cross_fitted_c06_residual
CV02,8,8,SFRK-08-CV,TWO-RBF-08-CV,0.5611401894102146,0.7724503113598274,0.7426908317093517,1.0,1.0,1024,1024,0,same_cross_fitted_c06_residual
CV02,9,4,SFRK-04-CV,TWO-RBF-04-CV,1.9511369877574247,1.5035275673049635,1.7506881809229884,0.28548934228261724,1.0,1024,1024,0,same_cross_fitted_c06_residual
CV02,9,6,SFRK-06-CV,TWO-RBF-06-CV,1.72554398099344,1.0180953775226742,1.0882002915890892,0.6335832226830989,1.0,1024,1024,0,same_cross_fitted_c06_residual
CV02,9,8,SFRK-08-CV,TWO-RBF-08-CV,0.5600979428978119,0.7728130270407547,0.7431358682178983,0.9891553478267026,1.0,1024,1024,0,same_cross_fitted_c06_residual
CV02,10,4,SFRK-04-CV,TWO-RBF-04-CV,1.9511369841876538,1.5035423844069786,1.7507200929936975,0.2856985774734433,1.0,1024,1024,0,same_cross_fitted_c06_residual
CV02,10,6,SFRK-06-CV,TWO-RBF-06-CV,1.7184713565413314,1.0180629044006022,1.0875502562248307,0.6287099404115686,1.0,1024,1024,0,same_cross_fitted_c06_residual
CV02,10,8,SFRK-08-CV,TWO-RBF-08-CV,0.5486764428369357,0.7724835307764131,0.7432092068325173,1.0,1.0,1024,1024,0,same_cross_fitted_c06_residual
CV02,11,4,SFRK-04-CV,TWO-RBF-04-CV,1.9511369871153974,1.503589064040319,1.7505737780512707,0.28543519966560266,1.0,1024,1024,0,same_cross_fitted_c06_residual
CV02,11,6,SFRK-06-CV,TWO-RBF-06-CV,1.7378176943244308,1.0181118599245915,1.0879988925429016,0.63143644808741,1.0,1024,1024,0,same_cross_fitted_c06_residual
CV02,11,8,SFRK-08-CV,TWO-RBF-08-CV,0.5486624546842485,0.7721896319313627,0.7427363917089855,1.0,1.0,1024,1024,0,same_cross_fitted_c06_residual
CV02,12,4,SFRK-04-CV,TWO-RBF-04-CV,1.9511369894919497,1.5035510108278636,1.7506665473477758,0.285973203271566,1.0,1024,1024,0,same_cross_fitted_c06_residual
CV02,12,6,SFRK-06-CV,TWO-RBF-06-CV,1.7225755898121797,1.0180626594553868,1.0879516574948649,0.6258429663065752,1.0,1024,1024,0,same_cross_fitted_c06_residual
CV02,12,8,SFRK-08-CV,TWO-RBF-08-CV,0.5534588893956243,0.772600756181951,0.7437270387119045,1.0,1.0,1024,1024,0,same_cross_fitted_c06_residual
CV02,13,4,SFRK-04-CV,TWO-RBF-04-CV,1.951136987652159,1.5035176878419663,1.7506869905061457,0.28582044780296917,1.0,1024,1024,0,same_cross_fitted_c06_residual
CV02,13,6,SFRK-06-CV,TWO-RBF-06-CV,1.7365764737942688,1.0181100247166537,1.0883123382319664,0.6276314353181252,1.0,1024,1024,0,same_cross_fitted_c06_residual
CV02,13,8,SFRK-08-CV,TWO-RBF-08-CV,0.5601501163460174,0.7721906843806167,0.7410100235078079,1.0,1.0,1024,1024,0,same_cross_fitted_c06_residual
CV02,14,4,SFRK-04-CV,TWO-RBF-04-CV,1.9511369861207888,1.503467988154285,1.750064171205618,0.28596801479636175,1.0,1024,1024,0,same_cross_fitted_c06_residual
CV02,14,6,SFRK-06-CV,TWO-RBF-06-CV,1.7192319103172158,1.018045806123658,1.087573041190582,0.6284844273928732,1.0,1024,1024,0,same_cross_fitted_c06_residual
CV02,14,8,SFRK-08-CV,TWO-RBF-08-CV,0.55160038238,0.772330654519156,0.742203277465013,1.0,1.0,1024,1024,0,same_cross_fitted_c06_residual
CV02,15,4,SFRK-04-CV,TWO-RBF-04-CV,1.9511369861864356,1.5035711439569848,1.7506427425624815,0.28551062679244826,1.0,1024,1024,0,same_cross_fitted_c06_residual
CV02,15,6,SFRK-06-CV,TWO-RBF-06-CV,1.7299374267995662,1.0182835675804038,1.0886285287363495,0.6287347985394683,1.0,1024,1024,0,same_cross_fitted_c06_residual
CV02,15,8,SFRK-08-CV,TWO-RBF-08-CV,0.5599305475579446,0.7727357106827941,0.743024553070886,1.0,1.0,1024,1024,0,same_cross_fitted_c06_residual
CV02,16,4,SFRK-04-CV,TWO-RBF-04-CV,1.9511369868934567,1.5035374064365445,1.7505696138119442,0.2863373342866967,1.0,1024,1024,0,same_cross_fitted_c06_residual
CV02,16,6,SFRK-06-CV,TWO-RBF-06-CV,1.729286662215543,1.0180013715942917,1.0877794305536912,0.6296926683777258,1.0,1024,1024,0,same_cross_fitted_c06_residual
CV02,16,8,SFRK-08-CV,TWO-RBF-08-CV,0.5502786534708708,0.7722348047824465,0.7419900717469267,1.0,1.0,1024,1024,0,same_cross_fitted_c06_residual
CV02,17,4,SFRK-04-CV,TWO-RBF-04-CV,1.9511369840265322,1.5034829583413447,1.7506529028364106,0.2860189817538793,1.0,1024,1024,0,same_cross_fitted_c06_residual
CV02,17,6,SFRK-06-CV,TWO-RBF-06-CV,1.721764433551117,1.0180579701018684,1.0881225933765517,0.6311250127483781,1.0,1024,1024,0,same_cross_fitted_c06_residual
CV02,17,8,SFRK-08-CV,TWO-RBF-08-CV,0.5592792929009159,0.7726160269988547,0.7422804643786265,1.0,1.0,1024,1024,0,same_cross_fitted_c06_residual
CV02,18,4,SFRK-04-CV,TWO-RBF-04-CV,1.9511369853859224,1.5035350705962358,1.7506170350079522,0.28585594810197495,1.0,1024,1024,0,same_cross_fitted_c06_residual
CV02,18,6,SFRK-06-CV,TWO-RBF-06-CV,1.7227121719882568,1.0181809449532822,1.0880330929450586,0.62655659291109,1.0,1024,1024,0,same_cross_fitted_c06_residual
CV02,18,8,SFRK-08-CV,TWO-RBF-08-CV,0.5642029354506941,0.7723066203989747,0.7428220587173672,1.0,1.0,1024,1024,0,same_cross_fitted_c06_residual
CV02,19,4,SFRK-04-CV,TWO-RBF-04-CV,1.9511369869521638,1.5035100331578406,1.750692286502926,0.2862077841069833,1.0,1024,1024,0,same_cross_fitted_c06_residual
CV02,19,6,SFRK-06-CV,TWO-RBF-06-CV,1.7247434026983066,1.0181258097700647,1.0880183370442442,0.6296633648102111,1.0,1024,1024,0,same_cross_fitted_c06_residual
CV02,19,8,SFRK-08-CV,TWO-RBF-08-CV,0.5498897419983932,0.7727018721433984,0.7430122450696922,1.0,1.0,1024,1024,0,same_cross_fitted_c06_residual
CV02,20,4,SFRK-04-CV,TWO-RBF-04-CV,1.9511369874471667,1.5035731194489004,1.7507193296445809,0.28626362604500966,1.0,1024,1024,0,same_cross_fitted_c06_residual
CV02,20,6,SFRK-06-CV,TWO-RBF-06-CV,1.721953166731334,1.018221531431389,1.0878233561177617,0.6316523050306398,1.0,1024,1024,0,same_cross_fitted_c06_residual
CV02,20,8,SFRK-08-CV,TWO-RBF-08-CV,0.5398173681025185,0.7723594960209922,0.7423031840790845,1.0,1.0,1024,1024,0,same_cross_fitted_c06_residual
CV03,1,4,SFRK-04-CV,TWO-RBF-04-CV,1.7440943188321751,2.0589984798742353,2.14636280665909,0.5314617717117212,1.0,1024,1024,0,same_cross_fitted_c06_residual
CV03,1,6,SFRK-06-CV,TWO-RBF-06-CV,1.3376150295908702,1.6708686144804648,1.5830031727426108,0.5022842744651391,1.0,1024,1024,0,same_cross_fitted_c06_residual
CV03,1,8,SFRK-08-CV,TWO-RBF-08-CV,1.4292088619847458,1.7022930976082518,1.6984123550796328,0.6247876163721747,0.8710714535197985,1024,1024,0,same_cross_fitted_c06_residual
CV03,2,4,SFRK-04-CV,TWO-RBF-04-CV,1.7440943184077211,2.0601357485001928,2.142181828804513,0.5316703193907293,1.0,1024,1024,0,same_cross_fitted_c06_residual
CV03,2,6,SFRK-06-CV,TWO-RBF-06-CV,1.311699971930858,1.6686825294384884,1.5848711464044798,0.5036452968600897,1.0,1024,1024,0,same_cross_fitted_c06_residual
CV03,2,8,SFRK-08-CV,TWO-RBF-08-CV,1.438233714043511,1.706131658249141,1.7016724472095344,0.589967789076993,0.8678380866687414,1024,1024,0,same_cross_fitted_c06_residual
CV03,3,4,SFRK-04-CV,TWO-RBF-04-CV,1.7440943185369597,2.062776959425167,2.1443813249056114,0.5313983828930149,1.0,1024,1024,0,same_cross_fitted_c06_residual
CV03,3,6,SFRK-06-CV,TWO-RBF-06-CV,1.3268802479842228,1.6718539089962035,1.5870106001107098,0.5038858328025255,1.0,1024,1024,0,same_cross_fitted_c06_residual
CV03,3,8,SFRK-08-CV,TWO-RBF-08-CV,1.445733699084409,1.7045350575024028,1.701047897059285,0.5810622993212969,0.8834635459499788,1024,1024,0,same_cross_fitted_c06_residual
CV03,4,4,SFRK-04-CV,TWO-RBF-04-CV,1.7440943182177906,2.061468646137572,2.144544106955865,0.531591337734108,1.0,1024,1024,0,same_cross_fitted_c06_residual
CV03,4,6,SFRK-06-CV,TWO-RBF-06-CV,1.3182565741907002,1.6753252200412374,1.5877405464691474,0.5046699179808873,1.0,1024,1024,0,same_cross_fitted_c06_residual
CV03,4,8,SFRK-08-CV,TWO-RBF-08-CV,1.4397154123268747,1.7074283493122127,1.6960234055854941,0.5967240895054702,0.8701397114289772,1024,1024,0,same_cross_fitted_c06_residual
CV03,5,4,SFRK-04-CV,TWO-RBF-04-CV,1.7440943185750655,2.0632571647385047,2.1522906213840463,0.5313732006518993,1.0,1024,1024,0,same_cross_fitted_c06_residual
CV03,5,6,SFRK-06-CV,TWO-RBF-06-CV,1.3342782267387354,1.6751107789441966,1.5884399361872894,0.5049098179192336,1.0,1024,1024,0,same_cross_fitted_c06_residual
CV03,5,8,SFRK-08-CV,TWO-RBF-08-CV,1.444554120715342,1.7051839082248341,1.7108953368626647,0.5746601161754605,0.8800674377535912,1024,1024,0,same_cross_fitted_c06_residual
CV03,6,4,SFRK-04-CV,TWO-RBF-04-CV,1.744094318666162,2.0620258129105764,2.1462420110881224,0.5313691975010107,1.0,1024,1024,0,same_cross_fitted_c06_residual
CV03,6,6,SFRK-06-CV,TWO-RBF-06-CV,1.370801397329308,1.6758797785708048,1.5936520923361215,0.5017541039493513,1.0,1024,1024,0,same_cross_fitted_c06_residual
CV03,6,8,SFRK-08-CV,TWO-RBF-08-CV,1.4191574285037116,1.7110062838419107,1.7043702883197125,0.5985104304474438,0.8664646794487183,1024,1024,0,same_cross_fitted_c06_residual
CV03,7,4,SFRK-04-CV,TWO-RBF-04-CV,1.7440943181846111,2.0654514937899506,2.1503793093445003,0.5312330528423707,1.0,1024,1024,0,same_cross_fitted_c06_residual
CV03,7,6,SFRK-06-CV,TWO-RBF-06-CV,1.323277260229609,1.6688220870110977,1.582739337764889,0.5017086404551165,1.0,1024,1024,0,same_cross_fitted_c06_residual
CV03,7,8,SFRK-08-CV,TWO-RBF-08-CV,1.4261663377254319,1.708904797855652,1.7012383735897485,0.5863461692960228,0.874036440043024,1024,1024,0,same_cross_fitted_c06_residual
CV03,8,4,SFRK-04-CV,TWO-RBF-04-CV,1.7440943187272908,2.055971617882777,2.139709894723579,0.5313005083631186,1.0,1024,1024,0,same_cross_fitted_c06_residual
CV03,8,6,SFRK-06-CV,TWO-RBF-06-CV,1.3464436752661142,1.6753767642085564,1.5917104065950596,0.5017723694632038,1.0,1024,1024,0,same_cross_fitted_c06_residual
CV03,8,8,SFRK-08-CV,TWO-RBF-08-CV,1.4285091389376132,1.7039254680464375,1.6999532447580077,0.5731234523713847,0.8445587261671407,1024,1024,0,same_cross_fitted_c06_residual
CV03,9,4,SFRK-04-CV,TWO-RBF-04-CV,1.7440943181375146,2.0637038028353913,2.1497516591672174,0.5313729637402728,1.0,1024,1024,0,same_cross_fitted_c06_residual
CV03,9,6,SFRK-06-CV,TWO-RBF-06-CV,1.3208775481058426,1.6691977718644635,1.5853327006473221,0.5026159020900439,1.0,1024,1024,0,same_cross_fitted_c06_residual
CV03,9,8,SFRK-08-CV,TWO-RBF-08-CV,1.4332154722566954,1.70163320810549,1.694173934978558,0.582171270887542,0.8979410018193207,1024,1024,0,same_cross_fitted_c06_residual
CV03,10,4,SFRK-04-CV,TWO-RBF-04-CV,1.7440943186675413,2.0564002723921595,2.1424961265091613,0.5313705227528595,1.0,1024,1024,0,same_cross_fitted_c06_residual
CV03,10,6,SFRK-06-CV,TWO-RBF-06-CV,1.3341437028212033,1.674831263069618,1.5852408456345524,0.5077546392008289,1.0,1024,1024,0,same_cross_fitted_c06_residual
CV03,10,8,SFRK-08-CV,TWO-RBF-08-CV,1.4358048420613407,1.7074574116935872,1.69957529084038,0.5602336690432552,0.8518324036310115,1024,1024,0,same_cross_fitted_c06_residual
CV03,11,4,SFRK-04-CV,TWO-RBF-04-CV,1.744094318443334,2.0656220779139907,2.150618442104041,0.5313754656967111,1.0,1024,1024,0,same_cross_fitted_c06_residual
CV03,11,6,SFRK-06-CV,TWO-RBF-06-CV,1.3122352092747547,1.6698629389722788,1.5863885472482715,0.5017103290781679,1.0,1024,1024,0,same_cross_fitted_c06_residual
CV03,11,8,SFRK-08-CV,TWO-RBF-08-CV,1.4448894386042883,1.7063151620593702,1.698711471161369,0.58969900673114,0.8682214926998126,1024,1024,0,same_cross_fitted_c06_residual
CV03,12,4,SFRK-04-CV,TWO-RBF-04-CV,1.7440943188045113,2.0610039609194897,2.142471634807626,0.5313311939697567,1.0,1024,1024,0,same_cross_fitted_c06_residual
CV03,12,6,SFRK-06-CV,TWO-RBF-06-CV,1.3390823764204365,1.6707029443813872,1.586591430023636,0.499942767007267,1.0,1024,1024,0,same_cross_fitted_c06_residual
CV03,12,8,SFRK-08-CV,TWO-RBF-08-CV,1.400603858988749,1.7070919757809389,1.694681782779547,0.584939042764565,0.8653023774651761,1024,1024,0,same_cross_fitted_c06_residual
CV03,13,4,SFRK-04-CV,TWO-RBF-04-CV,1.7440943180466475,2.0669245344944307,2.150954181586552,0.5313501178180312,1.0,1024,1024,0,same_cross_fitted_c06_residual
CV03,13,6,SFRK-06-CV,TWO-RBF-06-CV,1.3166228991144004,1.669673606959496,1.5867049626475989,0.5055821407648267,1.0,1024,1024,0,same_cross_fitted_c06_residual
CV03,13,8,SFRK-08-CV,TWO-RBF-08-CV,1.4653762993568427,1.7032066744353174,1.6999455371365093,0.5899721489277148,0.8554944575962243,1024,1024,0,same_cross_fitted_c06_residual
CV03,14,4,SFRK-04-CV,TWO-RBF-04-CV,1.744094318157005,2.062897377481559,2.1477904199772047,0.5315620269217383,1.0,1024,1024,0,same_cross_fitted_c06_residual
CV03,14,6,SFRK-06-CV,TWO-RBF-06-CV,1.3360152015501703,1.6700417842737736,1.5822300783445475,0.5050088341399803,1.0,1024,1024,0,same_cross_fitted_c06_residual
CV03,14,8,SFRK-08-CV,TWO-RBF-08-CV,1.4589322053594873,1.7046538284040207,1.6996556877295084,0.5841087770135763,0.8655846241923769,1024,1024,0,same_cross_fitted_c06_residual
CV03,15,4,SFRK-04-CV,TWO-RBF-04-CV,1.7440943185546254,2.0594053495902176,2.143507260509088,0.5310674165846535,1.0,1024,1024,0,same_cross_fitted_c06_residual
CV03,15,6,SFRK-06-CV,TWO-RBF-06-CV,1.3215623431826469,1.6723249403012783,1.5869781478269818,0.4984037621545201,1.0,1024,1024,0,same_cross_fitted_c06_residual
CV03,15,8,SFRK-08-CV,TWO-RBF-08-CV,1.4404137843617708,1.703850249294636,1.699315579305842,0.5980621160759692,0.8605271943152887,1024,1024,0,same_cross_fitted_c06_residual
CV03,16,4,SFRK-04-CV,TWO-RBF-04-CV,1.7440943189842835,2.0627650817425454,2.1475030213313056,0.5311181126155795,1.0,1024,1024,0,same_cross_fitted_c06_residual
CV03,16,6,SFRK-06-CV,TWO-RBF-06-CV,1.3324742810006376,1.6725153169826348,1.5877563570565207,0.5026173444930457,1.0,1024,1024,0,same_cross_fitted_c06_residual
CV03,16,8,SFRK-08-CV,TWO-RBF-08-CV,1.438778994317183,1.707240089089983,1.6976768093708228,0.5625470585675922,0.8590548393126226,1024,1024,0,same_cross_fitted_c06_residual
CV03,17,4,SFRK-04-CV,TWO-RBF-04-CV,1.7440943178111656,2.066223343757321,2.1520312691227486,0.5314504373439761,1.0,1024,1024,0,same_cross_fitted_c06_residual
CV03,17,6,SFRK-06-CV,TWO-RBF-06-CV,1.345900006257795,1.670765832369483,1.5836435945139293,0.49936049244709885,1.0,1024,1024,0,same_cross_fitted_c06_residual
CV03,17,8,SFRK-08-CV,TWO-RBF-08-CV,1.4439642849272687,1.7010717748252508,1.6922332107176992,0.5532343777718549,0.8662136869222032,1024,1024,0,same_cross_fitted_c06_residual
CV03,18,4,SFRK-04-CV,TWO-RBF-04-CV,1.7440943188171247,2.0601584150661165,2.1425457764926565,0.5315837414401496,1.0,1024,1024,0,same_cross_fitted_c06_residual
CV03,18,6,SFRK-06-CV,TWO-RBF-06-CV,1.341945389751477,1.6694322773526207,1.5866108778176597,0.5048737903427188,1.0,1024,1024,0,same_cross_fitted_c06_residual
CV03,18,8,SFRK-08-CV,TWO-RBF-08-CV,1.4266255016234453,1.7065569263177964,1.691660849472624,0.5721082159138359,0.8499552210488154,1024,1024,0,same_cross_fitted_c06_residual
CV03,19,4,SFRK-04-CV,TWO-RBF-04-CV,1.7440943184420141,2.0653295435613788,2.152950410274993,0.5312186111073549,1.0,1024,1024,0,same_cross_fitted_c06_residual
CV03,19,6,SFRK-06-CV,TWO-RBF-06-CV,1.3098420913234003,1.6713722773234354,1.5825025411458513,0.508881704724581,1.0,1024,1024,0,same_cross_fitted_c06_residual
CV03,19,8,SFRK-08-CV,TWO-RBF-08-CV,1.4514410411375471,1.704363241265785,1.701552835546347,0.5866886561654595,0.8773020392166437,1024,1024,0,same_cross_fitted_c06_residual
CV03,20,4,SFRK-04-CV,TWO-RBF-04-CV,1.7440943184825004,2.0564568354743673,2.1404994701691837,0.5313379634969725,1.0,1024,1024,0,same_cross_fitted_c06_residual
CV03,20,6,SFRK-06-CV,TWO-RBF-06-CV,1.3227345320582409,1.6693606952026427,1.5848269076522445,0.5001413912482378,1.0,1024,1024,0,same_cross_fitted_c06_residual
CV03,20,8,SFRK-08-CV,TWO-RBF-08-CV,1.4271514587456968,1.7034385476562195,1.7012015140409935,0.5608045798714574,0.851922856732492,1024,1024,0,same_cross_fitted_c06_residual
CV04,1,4,SFRK-04-CV,TWO-RBF-04-CV,0.9941612691825042,0.793421290928984,0.8308024810292314,0.0,1.0,1024,1024,0,same_cross_fitted_c06_residual
CV04,1,6,SFRK-06-CV,TWO-RBF-06-CV,0.6521957752477633,0.4657458877221556,0.47413620402149437,0.0,1.0,1024,1024,0,same_cross_fitted_c06_residual
CV04,1,8,SFRK-08-CV,TWO-RBF-08-CV,0.6894905080726215,0.4290386211304399,0.35947679719238995,0.0,1.0,1024,1024,0,same_cross_fitted_c06_residual
CV04,2,4,SFRK-04-CV,TWO-RBF-04-CV,0.9941612686680162,0.7931577976663348,0.8303080809192284,0.0,1.0,1024,1024,0,same_cross_fitted_c06_residual
CV04,2,6,SFRK-06-CV,TWO-RBF-06-CV,0.6516461651641998,0.4657093426415846,0.4746276143057547,0.0,1.0,1024,1024,0,same_cross_fitted_c06_residual
CV04,2,8,SFRK-08-CV,TWO-RBF-08-CV,0.6850147772996115,0.4294379181548151,0.3601113442380808,0.0,1.0,1024,1024,0,same_cross_fitted_c06_residual
CV04,3,4,SFRK-04-CV,TWO-RBF-04-CV,0.9941612689748948,0.7910123200456679,0.8265001213482494,0.0,1.0,1024,1024,0,same_cross_fitted_c06_residual
CV04,3,6,SFRK-06-CV,TWO-RBF-06-CV,0.6510389076365677,0.4656415663245405,0.4739337031779122,0.0,1.0,1024,1024,0,same_cross_fitted_c06_residual
CV04,3,8,SFRK-08-CV,TWO-RBF-08-CV,0.6843965534293003,0.4282143050503254,0.3555825412826942,0.0,1.0,1024,1024,0,same_cross_fitted_c06_residual
CV04,4,4,SFRK-04-CV,TWO-RBF-04-CV,0.9941612688594421,0.793121515178523,0.8302589975106173,0.0,1.0,1024,1024,0,same_cross_fitted_c06_residual
CV04,4,6,SFRK-06-CV,TWO-RBF-06-CV,0.6522975733786249,0.4651952136926286,0.47191381487940404,0.0,1.0,1024,1024,0,same_cross_fitted_c06_residual
CV04,4,8,SFRK-08-CV,TWO-RBF-08-CV,0.6896494007609912,0.42855142819495895,0.3585526653292042,0.0,1.0,1024,1024,0,same_cross_fitted_c06_residual
CV04,5,4,SFRK-04-CV,TWO-RBF-04-CV,0.9941612688779845,0.7929998168507193,0.8296725223442856,0.0,1.0,1024,1024,0,same_cross_fitted_c06_residual
CV04,5,6,SFRK-06-CV,TWO-RBF-06-CV,0.6517470293695025,0.4653408538960042,0.47355420053280634,0.0,1.0,1024,1024,0,same_cross_fitted_c06_residual
CV04,5,8,SFRK-08-CV,TWO-RBF-08-CV,0.6892840487641156,0.42824104069973273,0.35525827785699216,0.0,1.0,1024,1024,0,same_cross_fitted_c06_residual
CV04,6,4,SFRK-04-CV,TWO-RBF-04-CV,0.9941612686267722,0.7920145751067356,0.827936625391115,0.0,1.0,1024,1024,0,same_cross_fitted_c06_residual
CV04,6,6,SFRK-06-CV,TWO-RBF-06-CV,0.6519654095193442,0.4657681026320851,0.47462639561424563,0.0,1.0,1024,1024,0,same_cross_fitted_c06_residual
CV04,6,8,SFRK-08-CV,TWO-RBF-08-CV,0.6856052411529171,0.42696591653538335,0.3503785392933664,0.0,1.0,1024,1024,0,same_cross_fitted_c06_residual
CV04,7,4,SFRK-04-CV,TWO-RBF-04-CV,0.9941612688969566,0.7928796277151763,0.8292841289919997,0.0,1.0,1024,1024,0,same_cross_fitted_c06_residual
CV04,7,6,SFRK-06-CV,TWO-RBF-06-CV,0.651152515872868,0.466258743060135,0.472781856102106,0.0,1.0,1024,1024,0,same_cross_fitted_c06_residual
CV04,7,8,SFRK-08-CV,TWO-RBF-08-CV,0.6844523279659771,0.4291524966176593,0.35808075423486263,0.0,1.0,1024,1024,0,same_cross_fitted_c06_residual
CV04,8,4,SFRK-04-CV,TWO-RBF-04-CV,0.9941612690516276,0.7907987220021734,0.8265712088726184,0.0,1.0,1024,1024,0,same_cross_fitted_c06_residual
CV04,8,6,SFRK-06-CV,TWO-RBF-06-CV,0.6511254714943174,0.465838950732157,0.47424266820539057,0.0,1.0,1024,1024,0,same_cross_fitted_c06_residual
CV04,8,8,SFRK-08-CV,TWO-RBF-08-CV,0.6872113172136711,0.43241107218539393,0.359985073437465,0.0,1.0,1024,1024,0,same_cross_fitted_c06_residual
CV04,9,4,SFRK-04-CV,TWO-RBF-04-CV,0.9941612694644781,0.7921190085534535,0.8287554330219492,0.0,1.0,1024,1024,0,same_cross_fitted_c06_residual
CV04,9,6,SFRK-06-CV,TWO-RBF-06-CV,0.6525953752499108,0.4655358691842685,0.4740987253524511,0.0,1.0,1024,1024,0,same_cross_fitted_c06_residual
CV04,9,8,SFRK-08-CV,TWO-RBF-08-CV,0.6905960660470952,0.4285604346339035,0.3558456549972901,0.0,1.0,1024,1024,0,same_cross_fitted_c06_residual
CV04,10,4,SFRK-04-CV,TWO-RBF-04-CV,0.9941612691002358,0.7930149631197252,0.8298687718963039,0.0,1.0,1024,1024,0,same_cross_fitted_c06_residual
CV04,10,6,SFRK-06-CV,TWO-RBF-06-CV,0.652124454684788,0.46593967052299146,0.4731070442453168,0.0,1.0,1024,1024,0,same_cross_fitted_c06_residual
CV04,10,8,SFRK-08-CV,TWO-RBF-08-CV,0.6870348556667623,0.42810312961061164,0.35713645742336275,0.0,1.0,1024,1024,0,same_cross_fitted_c06_residual
CV04,11,4,SFRK-04-CV,TWO-RBF-04-CV,0.9941612691918891,0.7934819695480987,0.8310849719891114,0.0,1.0,1024,1024,0,same_cross_fitted_c06_residual
CV04,11,6,SFRK-06-CV,TWO-RBF-06-CV,0.6516096166366794,0.4644103568187473,0.46862919477195286,0.0,1.0,1024,1024,0,same_cross_fitted_c06_residual
CV04,11,8,SFRK-08-CV,TWO-RBF-08-CV,0.6865190410920313,0.4295609137196772,0.3588744037163917,0.0,1.0,1024,1024,0,same_cross_fitted_c06_residual
CV04,12,4,SFRK-04-CV,TWO-RBF-04-CV,0.9941612693193871,0.7931928387484867,0.8302809540839982,0.0,1.0,1024,1024,0,same_cross_fitted_c06_residual
CV04,12,6,SFRK-06-CV,TWO-RBF-06-CV,0.6511936965715426,0.46668211857193015,0.47438870315791637,0.0,1.0,1024,1024,0,same_cross_fitted_c06_residual
CV04,12,8,SFRK-08-CV,TWO-RBF-08-CV,0.6833155191711214,0.42917081285672215,0.35381794886515555,0.0,1.0,1024,1024,0,same_cross_fitted_c06_residual
CV04,13,4,SFRK-04-CV,TWO-RBF-04-CV,0.9941612687065539,0.7934705250185735,0.8312194139925067,0.0,1.0,1024,1024,0,same_cross_fitted_c06_residual
CV04,13,6,SFRK-06-CV,TWO-RBF-06-CV,0.6524744559867778,0.46626130225703083,0.4735634418740876,0.0,1.0,1024,1024,0,same_cross_fitted_c06_residual
CV04,13,8,SFRK-08-CV,TWO-RBF-08-CV,0.6862928441335236,0.4296973029202316,0.35925255555346103,0.0,1.0,1024,1024,0,same_cross_fitted_c06_residual
CV04,14,4,SFRK-04-CV,TWO-RBF-04-CV,0.9941612687947636,0.7930596520652181,0.8296113880946575,0.0,1.0,1024,1024,0,same_cross_fitted_c06_residual
CV04,14,6,SFRK-06-CV,TWO-RBF-06-CV,0.6526599646242129,0.4646098111695227,0.4690675104025537,0.0,1.0,1024,1024,0,same_cross_fitted_c06_residual
CV04,14,8,SFRK-08-CV,TWO-RBF-08-CV,0.686584330154827,0.43015735880740436,0.3589346251315355,0.0,1.0,1024,1024,0,same_cross_fitted_c06_residual
CV04,15,4,SFRK-04-CV,TWO-RBF-04-CV,0.9941612688343412,0.7934433100557988,0.8306274107169802,0.0,1.0,1024,1024,0,same_cross_fitted_c06_residual
CV04,15,6,SFRK-06-CV,TWO-RBF-06-CV,0.6523860068943197,0.4642074756089773,0.4731264754428511,0.0,1.0,1024,1024,0,same_cross_fitted_c06_residual
CV04,15,8,SFRK-08-CV,TWO-RBF-08-CV,0.6871570788335057,0.42708333345607125,0.35512466117818153,0.0,1.0,1024,1024,0,same_cross_fitted_c06_residual
CV04,16,4,SFRK-04-CV,TWO-RBF-04-CV,0.9941612686026697,0.7933148648189476,0.8306294438264692,0.0,1.0,1024,1024,0,same_cross_fitted_c06_residual
CV04,16,6,SFRK-06-CV,TWO-RBF-06-CV,0.6511261479316881,0.465797802151414,0.4743714012062377,0.0,1.0,1024,1024,0,same_cross_fitted_c06_residual
CV04,16,8,SFRK-08-CV,TWO-RBF-08-CV,0.6867955107295428,0.42835699401906063,0.3567319019163723,0.0,1.0,1024,1024,0,same_cross_fitted_c06_residual
CV04,17,4,SFRK-04-CV,TWO-RBF-04-CV,0.9941612692203183,0.7928779217000052,0.8293038902975932,0.0,1.0,1024,1024,0,same_cross_fitted_c06_residual
CV04,17,6,SFRK-06-CV,TWO-RBF-06-CV,0.6516669376584908,0.46282396806958903,0.4667839393169264,0.0,1.0,1024,1024,0,same_cross_fitted_c06_residual
CV04,17,8,SFRK-08-CV,TWO-RBF-08-CV,0.6854618198059613,0.4270577609124016,0.3548166186203144,0.0,1.0,1024,1024,0,same_cross_fitted_c06_residual
CV04,18,4,SFRK-04-CV,TWO-RBF-04-CV,0.9941612693265769,0.7930845846660496,0.8301869889379225,0.0,1.0,1024,1024,0,same_cross_fitted_c06_residual
CV04,18,6,SFRK-06-CV,TWO-RBF-06-CV,0.6521092190769548,0.46495807272367723,0.4722364013946281,0.0,1.0,1024,1024,0,same_cross_fitted_c06_residual
CV04,18,8,SFRK-08-CV,TWO-RBF-08-CV,0.686335740404994,0.42926898202707825,0.35637211393404394,0.0,1.0,1024,1024,0,same_cross_fitted_c06_residual
CV04,19,4,SFRK-04-CV,TWO-RBF-04-CV,0.9941612688035159,0.7933429983681107,0.8308009604123453,0.0,1.0,1024,1024,0,same_cross_fitted_c06_residual
CV04,19,6,SFRK-06-CV,TWO-RBF-06-CV,0.6515840865567748,0.4632968062242879,0.46676324762325005,0.0,1.0,1024,1024,0,same_cross_fitted_c06_residual
CV04,19,8,SFRK-08-CV,TWO-RBF-08-CV,0.6863130652224464,0.4295806433436344,0.35801833485639173,0.0,1.0,1024,1024,0,same_cross_fitted_c06_residual
CV04,20,4,SFRK-04-CV,TWO-RBF-04-CV,0.9941612691877854,0.7933922096050644,0.830905757728241,0.0,1.0,1024,1024,0,same_cross_fitted_c06_residual
CV04,20,6,SFRK-06-CV,TWO-RBF-06-CV,0.6515544515174307,0.4647607397172661,0.47036379718438526,0.0,1.0,1024,1024,0,same_cross_fitted_c06_residual
CV04,20,8,SFRK-08-CV,TWO-RBF-08-CV,0.6877456258211334,0.42997130704702996,0.3600344019957439,0.0,1.0,1024,1024,0,same_cross_fitted_c06_residual
CV05,1,4,SFRK-04-CV,TWO-RBF-04-CV,0.5581806921357777,0.34334090093662684,0.3197316225468694,0.0,1.0,1024,1024,0,same_cross_fitted_c06_residual
CV05,1,6,SFRK-06-CV,TWO-RBF-06-CV,0.7654384844679575,0.42219620716251555,0.548693929579566,0.20371284097060646,0.18707092486169552,1024,1024,0,same_cross_fitted_c06_residual
CV05,1,8,SFRK-08-CV,TWO-RBF-08-CV,0.9534900207408314,0.44753871660124833,0.5208503288755696,0.46598708589157467,0.143191861956841,1024,1024,0,same_cross_fitted_c06_residual
CV05,2,4,SFRK-04-CV,TWO-RBF-04-CV,0.5581806920600236,0.3442598704363984,0.31947504848836017,0.0,1.0,1024,1024,0,same_cross_fitted_c06_residual
CV05,2,6,SFRK-06-CV,TWO-RBF-06-CV,0.7649005865544064,0.42249841166586083,0.5471105687844976,0.24968458454809855,0.2058861023516435,1024,1024,0,same_cross_fitted_c06_residual
CV05,2,8,SFRK-08-CV,TWO-RBF-08-CV,0.9453415328811099,0.4456259017692256,0.519113692428275,0.5951482736689228,0.0952023250228623,1024,1024,0,same_cross_fitted_c06_residual
CV05,3,4,SFRK-04-CV,TWO-RBF-04-CV,0.5581806910831251,0.34370693591053925,0.3204840652966631,0.0,1.0,1024,1024,0,same_cross_fitted_c06_residual
CV05,3,6,SFRK-06-CV,TWO-RBF-06-CV,0.7667475655498063,0.4225477475648971,0.5481660576375526,0.16252189097191086,0.21299065705804784,1024,1024,0,same_cross_fitted_c06_residual
CV05,3,8,SFRK-08-CV,TWO-RBF-08-CV,0.9493199395487916,0.446706303346475,0.5188095996081598,0.551098546014039,0.10542158621148183,1024,1024,0,same_cross_fitted_c06_residual
CV05,4,4,SFRK-04-CV,TWO-RBF-04-CV,0.5581806920306545,0.3440603098553181,0.32062048796787684,0.0,1.0,1024,1024,0,same_cross_fitted_c06_residual
CV05,4,6,SFRK-06-CV,TWO-RBF-06-CV,0.7633550364603048,0.4217307988408441,0.5466169245542707,0.24224112758361382,0.2189660225863447,1024,1024,0,same_cross_fitted_c06_residual
CV05,4,8,SFRK-08-CV,TWO-RBF-08-CV,0.9407405011921314,0.4466698466501523,0.521627548524017,0.575204790320709,0.11922022440928692,1024,1024,0,same_cross_fitted_c06_residual
CV05,5,4,SFRK-04-CV,TWO-RBF-04-CV,0.5581806922325383,0.34345851525007626,0.3194388444164697,0.0,1.0,1024,1024,0,same_cross_fitted_c06_residual
CV05,5,6,SFRK-06-CV,TWO-RBF-06-CV,0.7610056288540528,0.42238316034197976,0.5486902223002896,0.1423355277500876,0.18777666559980843,1024,1024,0,same_cross_fitted_c06_residual
CV05,5,8,SFRK-08-CV,TWO-RBF-08-CV,0.9482921405501656,0.446793852780228,0.5201455459718631,0.5268671763611991,0.11146332170526024,1024,1024,0,same_cross_fitted_c06_residual
CV05,6,4,SFRK-04-CV,TWO-RBF-04-CV,0.5581806917627988,0.34416958016785726,0.3195341740028074,0.0,1.0,1024,1024,0,same_cross_fitted_c06_residual
CV05,6,6,SFRK-06-CV,TWO-RBF-06-CV,0.7636420528718533,0.42194153387796723,0.547799028388685,0.234455725579819,0.15820697622835114,1024,1024,0,same_cross_fitted_c06_residual
CV05,6,8,SFRK-08-CV,TWO-RBF-08-CV,0.938310399867633,0.4464309807811577,0.5217394040506648,0.5627530193570146,0.05344244412937711,1024,1024,0,same_cross_fitted_c06_residual
CV05,7,4,SFRK-04-CV,TWO-RBF-04-CV,0.5581806916258033,0.3436374685108523,0.319745280375965,0.0,1.0,1024,1024,0,same_cross_fitted_c06_residual
CV05,7,6,SFRK-06-CV,TWO-RBF-06-CV,0.7636537639096085,0.42188176669430294,0.547184175053076,0.16029708248184565,0.22967526374695205,1024,1024,0,same_cross_fitted_c06_residual
CV05,7,8,SFRK-08-CV,TWO-RBF-08-CV,0.936848153141533,0.4457095896096352,0.5203366683941572,0.5784515231866074,0.14941305679857703,1024,1024,0,same_cross_fitted_c06_residual
CV05,8,4,SFRK-04-CV,TWO-RBF-04-CV,0.5581806919011814,0.34345242104776247,0.3195455570270501,0.0,1.0,1024,1024,0,same_cross_fitted_c06_residual
CV05,8,6,SFRK-06-CV,TWO-RBF-06-CV,0.7647965637279864,0.422111887077615,0.546777961598252,0.2536958400044924,0.1987603409000454,1024,1024,0,same_cross_fitted_c06_residual
CV05,8,8,SFRK-08-CV,TWO-RBF-08-CV,0.9339043714556649,0.44625134696285446,0.5201525696215686,0.5370879874452783,0.17022480512900393,1024,1024,0,same_cross_fitted_c06_residual
CV05,9,4,SFRK-04-CV,TWO-RBF-04-CV,0.5581806918209116,0.34408261670096074,0.3196383186603416,0.0,1.0,1024,1024,0,same_cross_fitted_c06_residual
CV05,9,6,SFRK-06-CV,TWO-RBF-06-CV,0.7622701769243907,0.4216153485918051,0.54822604531428,0.11170325426502384,0.19473129942709627,1024,1024,0,same_cross_fitted_c06_residual
CV05,9,8,SFRK-08-CV,TWO-RBF-08-CV,0.925610654189222,0.44603720068465974,0.5211251803429837,0.617444820391363,0.14026350850938657,1024,1024,0,same_cross_fitted_c06_residual
CV05,10,4,SFRK-04-CV,TWO-RBF-04-CV,0.5581806920427487,0.34410816662062255,0.3195154759130032,0.0,1.0,1024,1024,0,same_cross_fitted_c06_residual
CV05,10,6,SFRK-06-CV,TWO-RBF-06-CV,0.7622447910281823,0.4215628496669808,0.5475946154238878,0.166335542436633,0.18623718565894679,1024,1024,0,same_cross_fitted_c06_residual
CV05,10,8,SFRK-08-CV,TWO-RBF-08-CV,0.953216434826348,0.4491759308126028,0.5213343466049837,0.5312826503573049,0.06941744267339126,1024,1024,0,same_cross_fitted_c06_residual
CV05,11,4,SFRK-04-CV,TWO-RBF-04-CV,0.5581806924526739,0.34443336162647137,0.3204655735574153,0.0,1.0,1024,1024,0,same_cross_fitted_c06_residual
CV05,11,6,SFRK-06-CV,TWO-RBF-06-CV,0.7597465442401606,0.42099525540300503,0.5457741402050481,0.22142496005298565,0.218214088693291,1024,1024,0,same_cross_fitted_c06_residual
CV05,11,8,SFRK-08-CV,TWO-RBF-08-CV,0.9634034799685431,0.4470416992972757,0.5199792481901951,0.4771967320209546,0.18435398012896992,1024,1024,0,same_cross_fitted_c06_residual
CV05,12,4,SFRK-04-CV,TWO-RBF-04-CV,0.5581806915576428,0.3435961137391634,0.31937410459664467,0.0,1.0,1024,1024,0,same_cross_fitted_c06_residual
CV05,12,6,SFRK-06-CV,TWO-RBF-06-CV,0.7601003814781286,0.42165050954247874,0.5474452597139042,0.24419450257071595,0.2274520616485953,1024,1024,0,same_cross_fitted_c06_residual
CV05,12,8,SFRK-08-CV,TWO-RBF-08-CV,0.9705003071944901,0.447422421248091,0.521668411785856,0.5457191248038844,0.11987373907503082,1024,1024,0,same_cross_fitted_c06_residual
CV05,13,4,SFRK-04-CV,TWO-RBF-04-CV,0.5581806920345056,0.34345927304445967,0.3203337193507256,0.0,1.0,1024,1024,0,same_cross_fitted_c06_residual
CV05,13,6,SFRK-06-CV,TWO-RBF-06-CV,0.7646989733546151,0.4211783725988606,0.5470642948397159,0.22853032038059465,0.24095766354281203,1024,1024,0,same_cross_fitted_c06_residual
CV05,13,8,SFRK-08-CV,TWO-RBF-08-CV,0.9442407590625874,0.44617764156670014,0.520199624148224,0.551709208758906,0.10356659890755733,1024,1024,0,same_cross_fitted_c06_residual
CV05,14,4,SFRK-04-CV,TWO-RBF-04-CV,0.5581806916156941,0.3440793278695861,0.31854099668613095,0.0,1.0,1024,1024,0,same_cross_fitted_c06_residual
CV05,14,6,SFRK-06-CV,TWO-RBF-06-CV,0.7632050640426347,0.4219888850165222,0.5467835148006777,0.24369126420344472,0.2042351598450916,1024,1024,0,same_cross_fitted_c06_residual
CV05,14,8,SFRK-08-CV,TWO-RBF-08-CV,0.9569311725720261,0.44608496087687727,0.5204336767612248,0.45911662190802005,0.14397857017778284,1024,1024,0,same_cross_fitted_c06_residual
CV05,15,4,SFRK-04-CV,TWO-RBF-04-CV,0.5581806917619347,0.3440330509710716,0.31955855344690504,0.0,1.0,1024,1024,0,same_cross_fitted_c06_residual
CV05,15,6,SFRK-06-CV,TWO-RBF-06-CV,0.7611295019063871,0.42204535478570443,0.5479904591798221,0.21281935346229505,0.20472177528385593,1024,1024,0,same_cross_fitted_c06_residual
CV05,15,8,SFRK-08-CV,TWO-RBF-08-CV,0.9660435357184455,0.4479579255526339,0.5219245896233556,0.5509316183773978,0.08916752693980869,1024,1024,0,same_cross_fitted_c06_residual
CV05,16,4,SFRK-04-CV,TWO-RBF-04-CV,0.5581806919472673,0.3442326063794741,0.32006830116754953,0.0,1.0,1024,1024,0,same_cross_fitted_c06_residual
CV05,16,6,SFRK-06-CV,TWO-RBF-06-CV,0.7604297600280842,0.42149376422237983,0.5472306746861502,0.11906607684642556,0.2107821665876916,1024,1024,0,same_cross_fitted_c06_residual
CV05,16,8,SFRK-08-CV,TWO-RBF-08-CV,0.9476246575444313,0.44603010872260085,0.5211417757894291,0.6219285351693268,0.14455571595035135,1024,1024,0,same_cross_fitted_c06_residual
CV05,17,4,SFRK-04-CV,TWO-RBF-04-CV,0.5581806917051145,0.34448812012782815,0.32022319703189,0.0,1.0,1024,1024,0,same_cross_fitted_c06_residual
CV05,17,6,SFRK-06-CV,TWO-RBF-06-CV,0.7619918778117728,0.42172459109574817,0.5471006310196146,0.2244297769050054,0.2372526557418726,1024,1024,0,same_cross_fitted_c06_residual
CV05,17,8,SFRK-08-CV,TWO-RBF-08-CV,0.9474165640989378,0.4490018152756451,0.5227886236186746,0.5680703583169815,0.10622210360431919,1024,1024,0,same_cross_fitted_c06_residual
CV05,18,4,SFRK-04-CV,TWO-RBF-04-CV,0.5581806921473111,0.3442748635826341,0.32046539582226014,0.0,1.0,1024,1024,0,same_cross_fitted_c06_residual
CV05,18,6,SFRK-06-CV,TWO-RBF-06-CV,0.7643738417315111,0.42227323035104475,0.5462448255244508,0.12418697912941058,0.21868418825837826,1024,1024,0,same_cross_fitted_c06_residual
CV05,18,8,SFRK-08-CV,TWO-RBF-08-CV,0.9401257370197921,0.44669406366692016,0.5199557574007668,0.5534462198237736,0.13113930891587236,1024,1024,0,same_cross_fitted_c06_residual
CV05,19,4,SFRK-04-CV,TWO-RBF-04-CV,0.5581806918660865,0.3441221992875873,0.3196919378127433,0.0,1.0,1024,1024,0,same_cross_fitted_c06_residual
CV05,19,6,SFRK-06-CV,TWO-RBF-06-CV,0.761736638824692,0.4220555871267406,0.5472556642832938,0.13618398487590977,0.21535541309270628,1024,1024,0,same_cross_fitted_c06_residual
CV05,19,8,SFRK-08-CV,TWO-RBF-08-CV,0.9266499198278653,0.44578546535218627,0.5202759896437998,0.6291247449452682,0.13621047818878024,1024,1024,0,same_cross_fitted_c06_residual
CV05,20,4,SFRK-04-CV,TWO-RBF-04-CV,0.558180691782807,0.3441197095567899,0.31944495324942046,0.0,1.0,1024,1024,0,same_cross_fitted_c06_residual
CV05,20,6,SFRK-06-CV,TWO-RBF-06-CV,0.7638212409024077,0.42161585878349744,0.5467605456313676,0.21053116463624325,0.24190548060650982,1024,1024,0,same_cross_fitted_c06_residual
CV05,20,8,SFRK-08-CV,TWO-RBF-08-CV,0.9380774626884518,0.44585450969161244,0.5197366715372129,0.5607642149300833,0.14942189282918106,1024,1024,0,same_cross_fitted_c06_residual
