model_id,fold_id,seed_index,validation_rows,threshold,brier,auroc,recall,precision,false_negative_rate,false_positive_rate,expected_calibration_error,intervention_rate
calibrated_logistic,CV01,1,6500,0.3128802448302127,0.11029582491756271,0.9148548058737995,0.9562692176289717,0.6995751062234441,0.04373078237102836,0.3364119787293591,0.1726351194353665,0.6155384615384616
class_weighted_tree,CV01,1,6500,0.7532480642610985,0.13482915246187874,0.9684128324159167,0.0,0.0,1.0,0.0,0.23229622557874918,0.0
a02_exact_rbf_feasibility,CV01,1,6500,0.16261397410789868,0.2113116779309726,0.9380995013372797,0.9648103860608132,0.6279742050255726,0.03518961393918688,0.46823397705009795,0.22447229536484703,0.6918461538461539
calibrated_logistic,CV01,2,6500,0.3128802448302127,0.11029582491756271,0.9148548058737995,0.9562692176289717,0.6995751062234441,0.04373078237102836,0.3364119787293591,0.1726351194353665,0.6155384615384616
class_weighted_tree,CV01,2,6500,0.7673854976534159,0.12177757041077478,0.9606358989540331,0.0,0.0,1.0,0.0,0.23869994200850808,0.0
a02_exact_rbf_feasibility,CV01,2,6500,0.16261397410789868,0.2113116779309726,0.9380995013372797,0.9648103860608132,0.6279742050255726,0.03518961393918688,0.46823397705009795,0.22447229536484703,0.6918461538461539
calibrated_logistic,CV01,3,6500,0.3128802448302127,0.11029582491756271,0.9148548058737995,0.9562692176289717,0.6995751062234441,0.04373078237102836,0.3364119787293591,0.1726351194353665,0.6155384615384616
class_weighted_tree,CV01,3,6500,0.7653750968022878,0.1146528951589154,0.974939164792773,0.0,0.0,1.0,0.0,0.22156388237355895,0.0
a02_exact_rbf_feasibility,CV01,3,6500,0.16261397410789868,0.2113116779309726,0.9380995013372797,0.9648103860608132,0.6279742050255726,0.03518961393918688,0.46823397705009795,0.22447229536484703,0.6918461538461539
calibrated_logistic,CV01,4,6500,0.3128802448302127,0.11029582491756271,0.9148548058737995,0.9562692176289717,0.6995751062234441,0.04373078237102836,0.3364119787293591,0.1726351194353665,0.6155384615384616
class_weighted_tree,CV01,4,6500,0.7614201744228598,0.10525550679672044,0.9664317020633914,0.0,0.0,1.0,0.0,0.22326010681545227,0.0
a02_exact_rbf_feasibility,CV01,4,6500,0.16261397410789868,0.2113116779309726,0.9380995013372797,0.9648103860608132,0.6279742050255726,0.03518961393918688,0.46823397705009795,0.22447229536484703,0.6918461538461539
calibrated_logistic,CV01,5,6500,0.3128802448302127,0.11029582491756271,0.9148548058737995,0.9562692176289717,0.6995751062234441,0.04373078237102836,0.3364119787293591,0.1726351194353665,0.6155384615384616
class_weighted_tree,CV01,5,6500,0.7477817157592598,0.12601020614485509,0.9632047993860494,0.0,0.0,1.0,0.0,0.2455274940748601,0.0
a02_exact_rbf_feasibility,CV01,5,6500,0.16261397410789868,0.2113116779309726,0.9380995013372797,0.9648103860608132,0.6279742050255726,0.03518961393918688,0.46823397705009795,0.22447229536484703,0.6918461538461539
calibrated_logistic,CV01,6,6500,0.3128802448302127,0.11029582491756271,0.9148548058737995,0.9562692176289717,0.6995751062234441,0.04373078237102836,0.3364119787293591,0.1726351194353665,0.6155384615384616
class_weighted_tree,CV01,6,6500,0.7326642747353195,0.14043848770129377,0.9746958144019637,0.0,0.0,1.0,0.0,0.24204046517170882,0.0
a02_exact_rbf_feasibility,CV01,6,6500,0.16261397410789868,0.2113116779309726,0.9380995013372797,0.9648103860608132,0.6279742050255726,0.03518961393918688,0.46823397705009795,0.22447229536484703,0.6918461538461539
calibrated_logistic,CV01,7,6500,0.3128802448302127,0.11029582491756271,0.9148548058737995,0.9562692176289717,0.6995751062234441,0.04373078237102836,0.3364119787293591,0.1726351194353665,0.6155384615384616
class_weighted_tree,CV01,7,6500,0.7634554080053558,0.1261415342551868,0.9601566564555122,0.0,0.0,1.0,0.0,0.22951150091521355,0.0
a02_exact_rbf_feasibility,CV01,7,6500,0.16261397410789868,0.2113116779309726,0.9380995013372797,0.9648103860608132,0.6279742050255726,0.03518961393918688,0.46823397705009795,0.22447229536484703,0.6918461538461539
calibrated_logistic,CV01,8,6500,0.3128802448302127,0.11029582491756271,0.9148548058737995,0.9562692176289717,0.6995751062234441,0.04373078237102836,0.3364119787293591,0.1726351194353665,0.6155384615384616
class_weighted_tree,CV01,8,6500,0.7568914719544398,0.13263222874045166,0.9723385188480854,0.0,0.0,1.0,0.0,0.23048313646261698,0.0
a02_exact_rbf_feasibility,CV01,8,6500,0.16261397410789868,0.2113116779309726,0.9380995013372797,0.9648103860608132,0.6279742050255726,0.03518961393918688,0.46823397705009795,0.22447229536484703,0.6918461538461539
calibrated_logistic,CV01,9,6500,0.3128802448302127,0.11029582491756271,0.9148548058737995,0.9562692176289717,0.6995751062234441,0.04373078237102836,0.3364119787293591,0.1726351194353665,0.6155384615384616
class_weighted_tree,CV01,9,6500,0.7755018724531347,0.12854175237842833,0.9682466943789694,0.0,0.0,1.0,0.0,0.2520410218875869,0.0
a02_exact_rbf_feasibility,CV01,9,6500,0.16261397410789868,0.2113116779309726,0.9380995013372797,0.9648103860608132,0.6279742050255726,0.03518961393918688,0.46823397705009795,0.22447229536484703,0.6918461538461539
calibrated_logistic,CV01,10,6500,0.3128802448302127,0.11029582491756271,0.9148548058737995,0.9562692176289717,0.6995751062234441,0.04373078237102836,0.3364119787293591,0.1726351194353665,0.6155384615384616
class_weighted_tree,CV01,10,6500,0.7619663233064116,0.11945863403677678,0.9667861617485505,0.0,0.0,1.0,0.0,0.2380830905820518,0.0
a02_exact_rbf_feasibility,CV01,10,6500,0.16261397410789868,0.2113116779309726,0.9380995013372797,0.9648103860608132,0.6279742050255726,0.03518961393918688,0.46823397705009795,0.22447229536484703,0.6918461538461539
calibrated_logistic,CV01,11,6500,0.3128802448302127,0.11029582491756271,0.9148548058737995,0.9562692176289717,0.6995751062234441,0.04373078237102836,0.3364119787293591,0.1726351194353665,0.6155384615384616
class_weighted_tree,CV01,11,6500,0.751271116040656,0.12078922062469312,0.9622922593252683,0.0,0.0,1.0,0.0,0.2301521966651892,0.0
a02_exact_rbf_feasibility,CV01,11,6500,0.16261397410789868,0.2113116779309726,0.9380995013372797,0.9648103860608132,0.6279742050255726,0.03518961393918688,0.46823397705009795,0.22447229536484703,0.6918461538461539
calibrated_logistic,CV01,12,6500,0.3128802448302127,0.11029582491756271,0.9148548058737995,0.9562692176289717,0.6995751062234441,0.04373078237102836,0.3364119787293591,0.1726351194353665,0.6155384615384616
class_weighted_tree,CV01,12,6500,0.7381030200392505,0.1244263380020641,0.9686895060331295,0.0,0.0,1.0,0.0,0.2297619825551561,0.0
a02_exact_rbf_feasibility,CV01,12,6500,0.16261397410789868,0.2113116779309726,0.9380995013372797,0.9648103860608132,0.6279742050255726,0.03518961393918688,0.46823397705009795,0.22447229536484703,0.6918461538461539
calibrated_logistic,CV01,13,6500,0.3128802448302127,0.11029582491756271,0.9148548058737995,0.9562692176289717,0.6995751062234441,0.04373078237102836,0.3364119787293591,0.1726351194353665,0.6155384615384616
class_weighted_tree,CV01,13,6500,0.7394327397080204,0.1600924205074607,0.9501047076013578,0.0,0.0,1.0,0.0,0.2618931804891221,0.0
a02_exact_rbf_feasibility,CV01,13,6500,0.16261397410789868,0.2113116779309726,0.9380995013372797,0.9648103860608132,0.6279742050255726,0.03518961393918688,0.46823397705009795,0.22447229536484703,0.6918461538461539
calibrated_logistic,CV01,14,6500,0.3128802448302127,0.11029582491756271,0.9148548058737995,0.9562692176289717,0.6995751062234441,0.04373078237102836,0.3364119787293591,0.1726351194353665,0.6155384615384616
class_weighted_tree,CV01,14,6500,0.7442910576581566,0.11145752218779637,0.9697350521424827,0.0,0.0,1.0,0.0,0.21883250433499318,0.0
a02_exact_rbf_feasibility,CV01,14,6500,0.16261397410789868,0.2113116779309726,0.9380995013372797,0.9648103860608132,0.6279742050255726,0.03518961393918688,0.46823397705009795,0.22447229536484703,0.6918461538461539
calibrated_logistic,CV01,15,6500,0.3128802448302127,0.11029582491756271,0.9148548058737995,0.9562692176289717,0.6995751062234441,0.04373078237102836,0.3364119787293591,0.1726351194353665,0.6155384615384616
class_weighted_tree,CV01,15,6500,0.7639715218719559,0.08948949835878565,0.9679633752402786,0.0341646737273659,1.0,0.9658353262726341,0.0,0.1631768501107793,0.015384615384615385
a02_exact_rbf_feasibility,CV01,15,6500,0.16261397410789868,0.2113116779309726,0.9380995013372797,0.9648103860608132,0.6279742050255726,0.03518961393918688,0.46823397705009795,0.22447229536484703,0.6918461538461539
calibrated_logistic,CV01,16,6500,0.3128802448302127,0.11029582491756271,0.9148548058737995,0.9562692176289717,0.6995751062234441,0.04373078237102836,0.3364119787293591,0.1726351194353665,0.6155384615384616
class_weighted_tree,CV01,16,6500,0.7615244164672913,0.11764456101926794,0.9760980672433067,0.0,0.0,1.0,0.0,0.20751655999415514,0.0
a02_exact_rbf_feasibility,CV01,16,6500,0.16261397410789868,0.2113116779309726,0.9380995013372797,0.9648103860608132,0.6279742050255726,0.03518961393918688,0.46823397705009795,0.22447229536484703,0.6918461538461539
calibrated_logistic,CV01,17,6500,0.3128802448302127,0.11029582491756271,0.9148548058737995,0.9562692176289717,0.6995751062234441,0.04373078237102836,0.3364119787293591,0.1726351194353665,0.6155384615384616
class_weighted_tree,CV01,17,6500,0.7744829221541287,0.10064946047656621,0.9783462136926236,0.0,0.0,1.0,0.0,0.2135626165943562,0.0
a02_exact_rbf_feasibility,CV01,17,6500,0.16261397410789868,0.2113116779309726,0.9380995013372797,0.9648103860608132,0.6279742050255726,0.03518961393918688,0.46823397705009795,0.22447229536484703,0.6918461538461539
calibrated_logistic,CV01,18,6500,0.3128802448302127,0.11029582491756271,0.9148548058737995,0.9562692176289717,0.6995751062234441,0.04373078237102836,0.3364119787293591,0.1726351194353665,0.6155384615384616
class_weighted_tree,CV01,18,6500,0.7511326202263202,0.10301192916861886,0.974010512928121,0.0,0.0,1.0,0.0,0.20009296511909802,0.0
a02_exact_rbf_feasibility,CV01,18,6500,0.16261397410789868,0.2113116779309726,0.9380995013372797,0.9648103860608132,0.6279742050255726,0.03518961393918688,0.46823397705009795,0.22447229536484703,0.6918461538461539
calibrated_logistic,CV01,19,6500,0.3128802448302127,0.11029582491756271,0.9148548058737995,0.9562692176289717,0.6995751062234441,0.04373078237102836,0.3364119787293591,0.1726351194353665,0.6155384615384616
class_weighted_tree,CV01,19,6500,0.7708727396986207,0.11009827745841257,0.9796306639086318,0.0,0.0,1.0,0.0,0.2186840618011232,0.0
a02_exact_rbf_feasibility,CV01,19,6500,0.16261397410789868,0.2113116779309726,0.9380995013372797,0.9648103860608132,0.6279742050255726,0.03518961393918688,0.46823397705009795,0.22447229536484703,0.6918461538461539
calibrated_logistic,CV01,20,6500,0.3128802448302127,0.11029582491756271,0.9148548058737995,0.9562692176289717,0.6995751062234441,0.04373078237102836,0.3364119787293591,0.1726351194353665,0.6155384615384616
class_weighted_tree,CV01,20,6500,0.7548688654888908,0.15344615035959125,0.957192897304892,0.0,0.0,1.0,0.0,0.2567580773602819,0.0
a02_exact_rbf_feasibility,CV01,20,6500,0.16261397410789868,0.2113116779309726,0.9380995013372797,0.9648103860608132,0.6279742050255726,0.03518961393918688,0.46823397705009795,0.22447229536484703,0.6918461538461539
calibrated_logistic,CV02,1,9750,0.3309248900533076,0.2181631586000137,0.6665612403100776,0.9927272727272727,0.5076708507670851,0.007272727272727273,0.4925581395348837,0.23750044359088945,0.6618461538461539
class_weighted_tree,CV02,1,9750,0.7584410081661519,0.23308065564736802,0.6879024430350011,0.06727272727272728,0.5648854961832062,0.9327272727272727,0.026511627906976743,0.28425213581451525,0.04030769230769231
a02_exact_rbf_feasibility,CV02,1,9750,0.176101572327525,0.21824472512470358,0.7945857176415316,0.633030303030303,0.5555851063829788,0.36696969696969695,0.25906976744186044,0.20248712296008448,0.38564102564102565
calibrated_logistic,CV02,2,9750,0.3309248900533076,0.2181631586000137,0.6665612403100776,0.9927272727272727,0.5076708507670851,0.007272727272727273,0.4925581395348837,0.23750044359088945,0.6618461538461539
class_weighted_tree,CV02,2,9750,0.7569268161033812,0.21436576336597085,0.7067647404275311,0.03848484848484848,0.5644444444444444,0.9615151515151515,0.015193798449612403,0.23523809788704608,0.023076923076923078
a02_exact_rbf_feasibility,CV02,2,9750,0.176101572327525,0.21824472512470358,0.7945857176415316,0.633030303030303,0.5555851063829788,0.36696969696969695,0.25906976744186044,0.20248712296008448,0.38564102564102565
calibrated_logistic,CV02,3,9750,0.3309248900533076,0.2181631586000137,0.6665612403100776,0.9927272727272727,0.5076708507670851,0.007272727272727273,0.4925581395348837,0.23750044359088945,0.6618461538461539
class_weighted_tree,CV02,3,9750,0.7434119748571285,0.2511774521430901,0.6344961945031713,0.045454545454545456,0.5319148936170213,0.9545454545454546,0.020465116279069766,0.2575457569621644,0.028923076923076923
a02_exact_rbf_feasibility,CV02,3,9750,0.176101572327525,0.21824472512470358,0.7945857176415316,0.633030303030303,0.5555851063829788,0.36696969696969695,0.25906976744186044,0.20248712296008448,0.38564102564102565
calibrated_logistic,CV02,4,9750,0.3309248900533076,0.2181631586000137,0.6665612403100776,0.9927272727272727,0.5076708507670851,0.007272727272727273,0.4925581395348837,0.23750044359088945,0.6618461538461539
class_weighted_tree,CV02,4,9750,0.756541854861264,0.24786980458050703,0.628,0.08545454545454545,0.5222222222222223,0.9145454545454546,0.04,0.2736147531264819,0.055384615384615386
a02_exact_rbf_feasibility,CV02,4,9750,0.176101572327525,0.21824472512470358,0.7945857176415316,0.633030303030303,0.5555851063829788,0.36696969696969695,0.25906976744186044,0.20248712296008448,0.38564102564102565
calibrated_logistic,CV02,5,9750,0.3309248900533076,0.2181631586000137,0.6665612403100776,0.9927272727272727,0.5076708507670851,0.007272727272727273,0.4925581395348837,0.23750044359088945,0.6618461538461539
class_weighted_tree,CV02,5,9750,0.7424538307292344,0.25269720118281835,0.5618197322057787,0.013333333333333334,0.6197183098591549,0.9866666666666667,0.004186046511627907,0.23838123948838483,0.007282051282051282
a02_exact_rbf_feasibility,CV02,5,9750,0.176101572327525,0.21824472512470358,0.7945857176415316,0.633030303030303,0.5555851063829788,0.36696969696969695,0.25906976744186044,0.20248712296008448,0.38564102564102565
calibrated_logistic,CV02,6,9750,0.3309248900533076,0.2181631586000137,0.6665612403100776,0.9927272727272727,0.5076708507670851,0.007272727272727273,0.4925581395348837,0.23750044359088945,0.6618461538461539
class_weighted_tree,CV02,6,9750,0.7530361189930082,0.2640472343540938,0.611270119802678,0.032424242424242425,0.6184971098265896,0.9675757575757575,0.010232558139534883,0.31145353462789716,0.017743589743589742
a02_exact_rbf_feasibility,CV02,6,9750,0.176101572327525,0.21824472512470358,0.7945857176415316,0.633030303030303,0.5555851063829788,0.36696969696969695,0.25906976744186044,0.20248712296008448,0.38564102564102565
calibrated_logistic,CV02,7,9750,0.3309248900533076,0.2181631586000137,0.6665612403100776,0.9927272727272727,0.5076708507670851,0.007272727272727273,0.4925581395348837,0.23750044359088945,0.6618461538461539
class_weighted_tree,CV02,7,9750,0.7537993286876996,0.23361445260947525,0.6570323702137656,0.03303030303030303,0.6022099447513812,0.9669696969696969,0.011162790697674419,0.27303393396267917,0.018564102564102566
a02_exact_rbf_feasibility,CV02,7,9750,0.176101572327525,0.21824472512470358,0.7945857176415316,0.633030303030303,0.5555851063829788,0.36696969696969695,0.25906976744186044,0.20248712296008448,0.38564102564102565
calibrated_logistic,CV02,8,9750,0.3309248900533076,0.2181631586000137,0.6665612403100776,0.9927272727272727,0.5076708507670851,0.007272727272727273,0.4925581395348837,0.23750044359088945,0.6618461538461539
class_weighted_tree,CV02,8,9750,0.7597050964393566,0.21227879008199269,0.6737163025604886,0.01696969696969697,0.717948717948718,0.983030303030303,0.0034108527131782944,0.2315815255121979,0.008
a02_exact_rbf_feasibility,CV02,8,9750,0.176101572327525,0.21824472512470358,0.7945857176415316,0.633030303030303,0.5555851063829788,0.36696969696969695,0.25906976744186044,0.20248712296008448,0.38564102564102565
calibrated_logistic,CV02,9,9750,0.3309248900533076,0.2181631586000137,0.6665612403100776,0.9927272727272727,0.5076708507670851,0.007272727272727273,0.4925581395348837,0.23750044359088945,0.6618461538461539
class_weighted_tree,CV02,9,9750,0.7361944866238407,0.23711901042648845,0.6488207892882312,0.05787878787878788,0.553623188405797,0.9421212121212121,0.023875968992248062,0.2485304118854886,0.03538461538461538
a02_exact_rbf_feasibility,CV02,9,9750,0.176101572327525,0.21824472512470358,0.7945857176415316,0.633030303030303,0.5555851063829788,0.36696969696969695,0.25906976744186044,0.20248712296008448,0.38564102564102565
calibrated_logistic,CV02,10,9750,0.3309248900533076,0.2181631586000137,0.6665612403100776,0.9927272727272727,0.5076708507670851,0.007272727272727273,0.4925581395348837,0.23750044359088945,0.6618461538461539
class_weighted_tree,CV02,10,9750,0.7522069798807267,0.25971192980252567,0.589516631430585,0.10696969696969696,0.5050071530758226,0.8930303030303031,0.05364341085271318,0.25459235084795123,0.0716923076923077
a02_exact_rbf_feasibility,CV02,10,9750,0.176101572327525,0.21824472512470358,0.7945857176415316,0.633030303030303,0.5555851063829788,0.36696969696969695,0.25906976744186044,0.20248712296008448,0.38564102564102565
calibrated_logistic,CV02,11,9750,0.3309248900533076,0.2181631586000137,0.6665612403100776,0.9927272727272727,0.5076708507670851,0.007272727272727273,0.4925581395348837,0.23750044359088945,0.6618461538461539
class_weighted_tree,CV02,11,9750,0.7484591686924345,0.25093253878730076,0.6166397697909326,0.0009090909090909091,1.0,0.9990909090909091,0.0,0.24432202053854707,0.0003076923076923077
a02_exact_rbf_feasibility,CV02,11,9750,0.176101572327525,0.21824472512470358,0.7945857176415316,0.633030303030303,0.5555851063829788,0.36696969696969695,0.25906976744186044,0.20248712296008448,0.38564102564102565
calibrated_logistic,CV02,12,9750,0.3309248900533076,0.2181631586000137,0.6665612403100776,0.9927272727272727,0.5076708507670851,0.007272727272727273,0.4925581395348837,0.23750044359088945,0.6618461538461539
class_weighted_tree,CV02,12,9750,0.7365243745310737,0.2252671839554494,0.659910523843082,0.06727272727272728,0.5796344647519582,0.9327272727272727,0.02496124031007752,0.27477665797479817,0.039282051282051283
a02_exact_rbf_feasibility,CV02,12,9750,0.176101572327525,0.21824472512470358,0.7945857176415316,0.633030303030303,0.5555851063829788,0.36696969696969695,0.25906976744186044,0.20248712296008448,0.38564102564102565
calibrated_logistic,CV02,13,9750,0.3309248900533076,0.2181631586000137,0.6665612403100776,0.9927272727272727,0.5076708507670851,0.007272727272727273,0.4925581395348837,0.23750044359088945,0.6618461538461539
class_weighted_tree,CV02,13,9750,0.7560097550897955,0.21676227326628406,0.677022621564482,0.019393939393939394,0.6464646464646465,0.9806060606060606,0.005426356589147287,0.24884153765565203,0.010153846153846154
a02_exact_rbf_feasibility,CV02,13,9750,0.176101572327525,0.21824472512470358,0.7945857176415316,0.633030303030303,0.5555851063829788,0.36696969696969695,0.25906976744186044,0.20248712296008448,0.38564102564102565
calibrated_logistic,CV02,14,9750,0.3309248900533076,0.2181631586000137,0.6665612403100776,0.9927272727272727,0.5076708507670851,0.007272727272727273,0.4925581395348837,0.23750044359088945,0.6618461538461539
class_weighted_tree,CV02,14,9750,0.7488851528937508,0.2821151903778458,0.435608104298802,0.03909090909090909,0.6201923076923077,0.9609090909090909,0.012248062015503876,0.2560696160770365,0.021333333333333333
a02_exact_rbf_feasibility,CV02,14,9750,0.176101572327525,0.21824472512470358,0.7945857176415316,0.633030303030303,0.5555851063829788,0.36696969696969695,0.25906976744186044,0.20248712296008448,0.38564102564102565
calibrated_logistic,CV02,15,9750,0.3309248900533076,0.2181631586000137,0.6665612403100776,0.9927272727272727,0.5076708507670851,0.007272727272727273,0.4925581395348837,0.23750044359088945,0.6618461538461539
class_weighted_tree,CV02,15,9750,0.7482397344022387,0.24807689014569628,0.612873831336622,0.03878787878787879,0.6881720430107527,0.9612121212121212,0.008992248062015503,0.2681226825479806,0.019076923076923078
a02_exact_rbf_feasibility,CV02,15,9750,0.176101572327525,0.21824472512470358,0.7945857176415316,0.633030303030303,0.5555851063829788,0.36696969696969695,0.25906976744186044,0.20248712296008448,0.38564102564102565
calibrated_logistic,CV02,16,9750,0.3309248900533076,0.2181631586000137,0.6665612403100776,0.9927272727272727,0.5076708507670851,0.007272727272727273,0.4925581395348837,0.23750044359088945,0.6618461538461539
class_weighted_tree,CV02,16,9750,0.7412521178096133,0.23172487771093023,0.6357490251350717,0.03393939393939394,0.6746987951807228,0.9660606060606061,0.008372093023255815,0.2638888455259134,0.017025641025641025
a02_exact_rbf_feasibility,CV02,16,9750,0.176101572327525,0.21824472512470358,0.7945857176415316,0.633030303030303,0.5555851063829788,0.36696969696969695,0.25906976744186044,0.20248712296008448,0.38564102564102565
calibrated_logistic,CV02,17,9750,0.3309248900533076,0.2181631586000137,0.6665612403100776,0.9927272727272727,0.5076708507670851,0.007272727272727273,0.4925581395348837,0.23750044359088945,0.6618461538461539
class_weighted_tree,CV02,17,9750,0.7629300426678809,0.2625578032556058,0.6096417665022316,0.08121212121212121,0.5285996055226825,0.9187878787878788,0.03705426356589147,0.26830776239352155,0.052
a02_exact_rbf_feasibility,CV02,17,9750,0.176101572327525,0.21824472512470358,0.7945857176415316,0.633030303030303,0.5555851063829788,0.36696969696969695,0.25906976744186044,0.20248712296008448,0.38564102564102565
calibrated_logistic,CV02,18,9750,0.3309248900533076,0.2181631586000137,0.6665612403100776,0.9927272727272727,0.5076708507670851,0.007272727272727273,0.4925581395348837,0.23750044359088945,0.6618461538461539
class_weighted_tree,CV02,18,9750,0.7549911653132299,0.2328090397118329,0.6651460418134837,0.046363636363636364,0.6095617529880478,0.9536363636363636,0.015193798449612403,0.21597442775358155,0.025743589743589743
a02_exact_rbf_feasibility,CV02,18,9750,0.176101572327525,0.21824472512470358,0.7945857176415316,0.633030303030303,0.5555851063829788,0.36696969696969695,0.25906976744186044,0.20248712296008448,0.38564102564102565
calibrated_logistic,CV02,19,9750,0.3309248900533076,0.2181631586000137,0.6665612403100776,0.9927272727272727,0.5076708507670851,0.007272727272727273,0.4925581395348837,0.23750044359088945,0.6618461538461539
class_weighted_tree,CV02,19,9750,0.7543004691536946,0.2402898197343577,0.634604557199906,0.02393939393939394,0.7247706422018348,0.9760606060606061,0.004651162790697674,0.22370700236802,0.011179487179487179
a02_exact_rbf_feasibility,CV02,19,9750,0.176101572327525,0.21824472512470358,0.7945857176415316,0.633030303030303,0.5555851063829788,0.36696969696969695,0.25906976744186044,0.20248712296008448,0.38564102564102565
calibrated_logistic,CV02,20,9750,0.3309248900533076,0.2181631586000137,0.6665612403100776,0.9927272727272727,0.5076708507670851,0.007272727272727273,0.4925581395348837,0.23750044359088945,0.6618461538461539
class_weighted_tree,CV02,20,9750,0.741738688212363,0.21747457773201823,0.6972545219638243,0.05,0.6818181818181818,0.95,0.011937984496124031,0.22607763889712287,0.02482051282051282
a02_exact_rbf_feasibility,CV02,20,9750,0.176101572327525,0.21824472512470358,0.7945857176415316,0.633030303030303,0.5555851063829788,0.36696969696969695,0.25906976744186044,0.20248712296008448,0.38564102564102565
calibrated_logistic,CV03,1,9750,0.2918070457233153,0.08021793066471883,0.7975725674301462,0.6036585365853658,0.1590787359400107,0.39634146341463417,0.16958306329660833,0.09946620903967555,0.1914871794871795
class_weighted_tree,CV03,1,9750,0.7026688720890071,0.06332836911062623,0.8149752268747574,0.0,0.0,1.0,0.0,0.12976840803249268,0.0
a02_exact_rbf_feasibility,CV03,1,9750,0.2336915465218965,0.06465242027698005,0.5213972270960558,0.17886178861788618,0.0757314974182444,0.8211382113821138,0.11600777705767984,0.08071366450317068,0.11917948717948718
calibrated_logistic,CV03,2,9750,0.2918070457233153,0.08021793066471883,0.7975725674301462,0.6036585365853658,0.1590787359400107,0.39634146341463417,0.16958306329660833,0.09946620903967555,0.1914871794871795
class_weighted_tree,CV03,2,9750,0.6911855132885383,0.06977436472103053,0.8156684309066033,0.0,0.0,1.0,0.0,0.1532800224213421,0.0
a02_exact_rbf_feasibility,CV03,2,9750,0.2336915465218965,0.06465242027698005,0.5213972270960558,0.17886178861788618,0.0757314974182444,0.8211382113821138,0.11600777705767984,0.08071366450317068,0.11917948717948718
calibrated_logistic,CV03,3,9750,0.2918070457233153,0.08021793066471883,0.7975725674301462,0.6036585365853658,0.1590787359400107,0.39634146341463417,0.16958306329660833,0.09946620903967555,0.1914871794871795
class_weighted_tree,CV03,3,9750,0.6393749788207755,0.06606275777058225,0.8094483654655081,0.0,0.0,1.0,0.0,0.14783226332355598,0.0
a02_exact_rbf_feasibility,CV03,3,9750,0.2336915465218965,0.06465242027698005,0.5213972270960558,0.17886178861788618,0.0757314974182444,0.8211382113821138,0.11600777705767984,0.08071366450317068,0.11917948717948718
calibrated_logistic,CV03,4,9750,0.2918070457233153,0.08021793066471883,0.7975725674301462,0.6036585365853658,0.1590787359400107,0.39634146341463417,0.16958306329660833,0.09946620903967555,0.1914871794871795
class_weighted_tree,CV03,4,9750,0.6876856500476498,0.06797916673493318,0.7971997850244219,0.0040650406504065045,0.6666666666666666,0.9959349593495935,0.00010801468999783971,0.1511628963129982,0.0003076923076923077
a02_exact_rbf_feasibility,CV03,4,9750,0.2336915465218965,0.06465242027698005,0.5213972270960558,0.17886178861788618,0.0757314974182444,0.8211382113821138,0.11600777705767984,0.08071366450317068,0.11917948717948718
calibrated_logistic,CV03,5,9750,0.2918070457233153,0.08021793066471883,0.7975725674301462,0.6036585365853658,0.1590787359400107,0.39634146341463417,0.16958306329660833,0.09946620903967555,0.1914871794871795
class_weighted_tree,CV03,5,9750,0.6748754265652067,0.0621170889302686,0.7983519417177322,0.006097560975609756,0.5,0.9939024390243902,0.0003240440699935191,0.1298625603986056,0.0006153846153846154
a02_exact_rbf_feasibility,CV03,5,9750,0.2336915465218965,0.06465242027698005,0.5213972270960558,0.17886178861788618,0.0757314974182444,0.8211382113821138,0.11600777705767984,0.08071366450317068,0.11917948717948718
calibrated_logistic,CV03,6,9750,0.2918070457233153,0.08021793066471883,0.7975725674301462,0.6036585365853658,0.1590787359400107,0.39634146341463417,0.16958306329660833,0.09946620903967555,0.1914871794871795
class_weighted_tree,CV03,6,9750,0.6848311521114002,0.06730915383142905,0.7949376237119468,0.0,0.0,1.0,0.0,0.14077218765633726,0.0
a02_exact_rbf_feasibility,CV03,6,9750,0.2336915465218965,0.06465242027698005,0.5213972270960558,0.17886178861788618,0.0757314974182444,0.8211382113821138,0.11600777705767984,0.08071366450317068,0.11917948717948718
calibrated_logistic,CV03,7,9750,0.2918070457233153,0.08021793066471883,0.7975725674301462,0.6036585365853658,0.1590787359400107,0.39634146341463417,0.16958306329660833,0.09946620903967555,0.1914871794871795
class_weighted_tree,CV03,7,9750,0.6639607591550625,0.06638886524618473,0.826063966650684,0.0,0.0,1.0,0.00010801468999783971,0.1471680388841767,0.00010256410256410256
a02_exact_rbf_feasibility,CV03,7,9750,0.2336915465218965,0.06465242027698005,0.5213972270960558,0.17886178861788618,0.0757314974182444,0.8211382113821138,0.11600777705767984,0.08071366450317068,0.11917948717948718
calibrated_logistic,CV03,8,9750,0.2918070457233153,0.08021793066471883,0.7975725674301462,0.6036585365853658,0.1590787359400107,0.39634146341463417,0.16958306329660833,0.09946620903967555,0.1914871794871795
class_weighted_tree,CV03,8,9750,0.7023510351294812,0.07525370714699549,0.7546136762404565,0.0,0.0,1.0,0.0,0.16167215031371246,0.0
a02_exact_rbf_feasibility,CV03,8,9750,0.2336915465218965,0.06465242027698005,0.5213972270960558,0.17886178861788618,0.0757314974182444,0.8211382113821138,0.11600777705767984,0.08071366450317068,0.11917948717948718
calibrated_logistic,CV03,9,9750,0.2918070457233153,0.08021793066471883,0.7975725674301462,0.6036585365853658,0.1590787359400107,0.39634146341463417,0.16958306329660833,0.09946620903967555,0.1914871794871795
class_weighted_tree,CV03,9,9750,0.6618872358577298,0.07247188303462812,0.7705415619451075,0.0020325203252032522,1.0,0.9979674796747967,0.0,0.16448318540818369,0.00010256410256410256
a02_exact_rbf_feasibility,CV03,9,9750,0.2336915465218965,0.06465242027698005,0.5213972270960558,0.17886178861788618,0.0757314974182444,0.8211382113821138,0.11600777705767984,0.08071366450317068,0.11917948717948718
calibrated_logistic,CV03,10,9750,0.2918070457233153,0.08021793066471883,0.7975725674301462,0.6036585365853658,0.1590787359400107,0.39634146341463417,0.16958306329660833,0.09946620903967555,0.1914871794871795
class_weighted_tree,CV03,10,9750,0.698033743697736,0.06431933596119963,0.785333976152464,0.0,0.0,1.0,0.0,0.12379572262975237,0.0
a02_exact_rbf_feasibility,CV03,10,9750,0.2336915465218965,0.06465242027698005,0.5213972270960558,0.17886178861788618,0.0757314974182444,0.8211382113821138,0.11600777705767984,0.08071366450317068,0.11917948717948718
calibrated_logistic,CV03,11,9750,0.2918070457233153,0.08021793066471883,0.7975725674301462,0.6036585365853658,0.1590787359400107,0.39634146341463417,0.16958306329660833,0.09946620903967555,0.1914871794871795
class_weighted_tree,CV03,11,9750,0.6941836855935947,0.0662797123621502,0.8229338458323014,0.0,0.0,1.0,0.0,0.14194814838484568,0.0
a02_exact_rbf_feasibility,CV03,11,9750,0.2336915465218965,0.06465242027698005,0.5213972270960558,0.17886178861788618,0.0757314974182444,0.8211382113821138,0.11600777705767984,0.08071366450317068,0.11917948717948718
calibrated_logistic,CV03,12,9750,0.2918070457233153,0.08021793066471883,0.7975725674301462,0.6036585365853658,0.1590787359400107,0.39634146341463417,0.16958306329660833,0.09946620903967555,0.1914871794871795
class_weighted_tree,CV03,12,9750,0.6623629158879281,0.0753125464326796,0.7581015408339437,0.0,0.0,1.0,0.0,0.16907026028808061,0.0
a02_exact_rbf_feasibility,CV03,12,9750,0.2336915465218965,0.06465242027698005,0.5213972270960558,0.17886178861788618,0.0757314974182444,0.8211382113821138,0.11600777705767984,0.08071366450317068,0.11917948717948718
calibrated_logistic,CV03,13,9750,0.2918070457233153,0.08021793066471883,0.7975725674301462,0.6036585365853658,0.1590787359400107,0.39634146341463417,0.16958306329660833,0.09946620903967555,0.1914871794871795
class_weighted_tree,CV03,13,9750,0.707853164778796,0.06593193232399437,0.7764689778297653,0.0020325203252032522,0.5,0.9979674796747967,0.00010801468999783971,0.13894739023641334,0.00020512820512820512
a02_exact_rbf_feasibility,CV03,13,9750,0.2336915465218965,0.06465242027698005,0.5213972270960558,0.17886178861788618,0.0757314974182444,0.8211382113821138,0.11600777705767984,0.08071366450317068,0.11917948717948718
calibrated_logistic,CV03,14,9750,0.2918070457233153,0.08021793066471883,0.7975725674301462,0.6036585365853658,0.1590787359400107,0.39634146341463417,0.16958306329660833,0.09946620903967555,0.1914871794871795
class_weighted_tree,CV03,14,9750,0.6621321645474988,0.07604474381141735,0.8209501736138554,0.006097560975609756,0.3333333333333333,0.9939024390243902,0.0006480881399870382,0.17546041167335155,0.0009230769230769231
a02_exact_rbf_feasibility,CV03,14,9750,0.2336915465218965,0.06465242027698005,0.5213972270960558,0.17886178861788618,0.0757314974182444,0.8211382113821138,0.11600777705767984,0.08071366450317068,0.11917948717948718
calibrated_logistic,CV03,15,9750,0.2918070457233153,0.08021793066471883,0.7975725674301462,0.6036585365853658,0.1590787359400107,0.39634146341463417,0.16958306329660833,0.09946620903967555,0.1914871794871795
class_weighted_tree,CV03,15,9750,0.670074664097497,0.07512861678295917,0.7956478422528879,0.0020325203252032522,0.3333333333333333,0.9979674796747967,0.00021602937999567941,0.16982338756875948,0.0003076923076923077
a02_exact_rbf_feasibility,CV03,15,9750,0.2336915465218965,0.06465242027698005,0.5213972270960558,0.17886178861788618,0.0757314974182444,0.8211382113821138,0.11600777705767984,0.08071366450317068,0.11917948717948718
calibrated_logistic,CV03,16,9750,0.2918070457233153,0.08021793066471883,0.7975725674301462,0.6036585365853658,0.1590787359400107,0.39634146341463417,0.16958306329660833,0.09946620903967555,0.1914871794871795
class_weighted_tree,CV03,16,9750,0.6723766807334125,0.07310595305167739,0.8313368179047961,0.006097560975609756,1.0,0.9939024390243902,0.0,0.17156903289698813,0.0003076923076923077
a02_exact_rbf_feasibility,CV03,16,9750,0.2336915465218965,0.06465242027698005,0.5213972270960558,0.17886178861788618,0.0757314974182444,0.8211382113821138,0.11600777705767984,0.08071366450317068,0.11917948717948718
calibrated_logistic,CV03,17,9750,0.2918070457233153,0.08021793066471883,0.7975725674301462,0.6036585365853658,0.1590787359400107,0.39634146341463417,0.16958306329660833,0.09946620903967555,0.1914871794871795
class_weighted_tree,CV03,17,9750,0.6853936670113726,0.06394534822953082,0.8358212936471555,0.0,0.0,1.0,0.0,0.14519978387753885,0.0
a02_exact_rbf_feasibility,CV03,17,9750,0.2336915465218965,0.06465242027698005,0.5213972270960558,0.17886178861788618,0.0757314974182444,0.8211382113821138,0.11600777705767984,0.08071366450317068,0.11917948717948718
calibrated_logistic,CV03,18,9750,0.2918070457233153,0.08021793066471883,0.7975725674301462,0.6036585365853658,0.1590787359400107,0.39634146341463417,0.16958306329660833,0.09946620903967555,0.1914871794871795
class_weighted_tree,CV03,18,9750,0.6731578025367372,0.06558341896899746,0.8099293821032831,0.0,0.0,1.0,0.0,0.14499553620717548,0.0
a02_exact_rbf_feasibility,CV03,18,9750,0.2336915465218965,0.06465242027698005,0.5213972270960558,0.17886178861788618,0.0757314974182444,0.8211382113821138,0.11600777705767984,0.08071366450317068,0.11917948717948718
calibrated_logistic,CV03,19,9750,0.2918070457233153,0.08021793066471883,0.7975725674301462,0.6036585365853658,0.1590787359400107,0.39634146341463417,0.16958306329660833,0.09946620903967555,0.1914871794871795
class_weighted_tree,CV03,19,9750,0.7019995536943807,0.07014151244943143,0.7976596158540976,0.0040650406504065045,0.1111111111111111,0.9959349593495935,0.0017282350399654353,0.15697550090030787,0.0018461538461538461
a02_exact_rbf_feasibility,CV03,19,9750,0.2336915465218965,0.06465242027698005,0.5213972270960558,0.17886178861788618,0.0757314974182444,0.8211382113821138,0.11600777705767984,0.08071366450317068,0.11917948717948718
calibrated_logistic,CV03,20,9750,0.2918070457233153,0.08021793066471883,0.7975725674301462,0.6036585365853658,0.1590787359400107,0.39634146341463417,0.16958306329660833,0.09946620903967555,0.1914871794871795
class_weighted_tree,CV03,20,9750,0.6778824079768944,0.07095616749848724,0.7858265187480131,0.0,0.0,1.0,0.0,0.15957206590273948,0.0
a02_exact_rbf_feasibility,CV03,20,9750,0.2336915465218965,0.06465242027698005,0.5213972270960558,0.17886178861788618,0.0757314974182444,0.8211382113821138,0.11600777705767984,0.08071366450317068,0.11917948717948718
calibrated_logistic,CV04,1,6500,0.2922734855323013,0.10489991831963877,0.7632320329959532,0.5632911392405063,0.19932810750279956,0.43670886075949367,0.24369461486025903,0.08848883795680067,0.27476923076923077
class_weighted_tree,CV04,1,6500,0.6636081034094169,0.09982360261193635,0.811966641643585,0.04113924050632911,0.2184873949579832,0.9588607594936709,0.015848670756646217,0.11328651899384626,0.018307692307692306
a02_exact_rbf_feasibility,CV04,1,6500,0.25178538410307283,0.2615095294536918,0.640684187138136,0.7025316455696202,0.13586291309669524,0.2974683544303797,0.4812542603953647,0.2996406999261145,0.5027692307692307
calibrated_logistic,CV04,2,6500,0.2922734855323013,0.10489991831963877,0.7632320329959532,0.5632911392405063,0.19932810750279956,0.43670886075949367,0.24369461486025903,0.08848883795680067,0.27476923076923077
class_weighted_tree,CV04,2,6500,0.6909521425937103,0.09351541088008965,0.8322295403950195,0.022151898734177215,0.16470588235294117,0.9778481012658228,0.012099522835719155,0.09653510071067385,0.013076923076923076
a02_exact_rbf_feasibility,CV04,2,6500,0.25178538410307283,0.2615095294536918,0.640684187138136,0.7025316455696202,0.13586291309669524,0.2974683544303797,0.4812542603953647,0.2996406999261145,0.5027692307692307
calibrated_logistic,CV04,3,6500,0.2922734855323013,0.10489991831963877,0.7632320329959532,0.5632911392405063,0.19932810750279956,0.43670886075949367,0.24369461486025903,0.08848883795680067,0.27476923076923077
class_weighted_tree,CV04,3,6500,0.6753439768386722,0.08987456683212237,0.8340878008162702,0.02689873417721519,0.2982456140350877,0.9731012658227848,0.006816632583503749,0.09395842339167519,0.008769230769230769
a02_exact_rbf_feasibility,CV04,3,6500,0.25178538410307283,0.2615095294536918,0.640684187138136,0.7025316455696202,0.13586291309669524,0.2974683544303797,0.4812542603953647,0.2996406999261145,0.5027692307692307
calibrated_logistic,CV04,4,6500,0.2922734855323013,0.10489991831963877,0.7632320329959532,0.5632911392405063,0.19932810750279956,0.43670886075949367,0.24369461486025903,0.08848883795680067,0.27476923076923077
class_weighted_tree,CV04,4,6500,0.6889213796385351,0.09911647984434607,0.8128629425418273,0.011075949367088608,0.1111111111111111,0.9889240506329114,0.00954328561690525,0.10738816210847807,0.009692307692307693
a02_exact_rbf_feasibility,CV04,4,6500,0.25178538410307283,0.2615095294536918,0.640684187138136,0.7025316455696202,0.13586291309669524,0.2974683544303797,0.4812542603953647,0.2996406999261145,0.5027692307692307
calibrated_logistic,CV04,5,6500,0.2922734855323013,0.10489991831963877,0.7632320329959532,0.5632911392405063,0.19932810750279956,0.43670886075949367,0.24369461486025903,0.08848883795680067,0.27476923076923077
class_weighted_tree,CV04,5,6500,0.6978153592851615,0.09621493622147662,0.8103141205681103,0.014240506329113924,0.09375,0.9857594936708861,0.014826175869120654,0.09477130081413782,0.014769230769230769
a02_exact_rbf_feasibility,CV04,5,6500,0.25178538410307283,0.2615095294536918,0.640684187138136,0.7025316455696202,0.13586291309669524,0.2974683544303797,0.4812542603953647,0.2996406999261145,0.5027692307692307
calibrated_logistic,CV04,6,6500,0.2922734855323013,0.10489991831963877,0.7632320329959532,0.5632911392405063,0.19932810750279956,0.43670886075949367,0.24369461486025903,0.08848883795680067,0.27476923076923077
class_weighted_tree,CV04,6,6500,0.6723404434601938,0.09718226596653333,0.8281340331167543,0.015822784810126583,0.15625,0.9841772151898734,0.009202453987730062,0.12468023704871493,0.009846153846153846
a02_exact_rbf_feasibility,CV04,6,6500,0.25178538410307283,0.2615095294536918,0.640684187138136,0.7025316455696202,0.13586291309669524,0.2974683544303797,0.4812542603953647,0.2996406999261145,0.5027692307692307
calibrated_logistic,CV04,7,6500,0.2922734855323013,0.10489991831963877,0.7632320329959532,0.5632911392405063,0.19932810750279956,0.43670886075949367,0.24369461486025903,0.08848883795680067,0.27476923076923077
class_weighted_tree,CV04,7,6500,0.694012398227108,0.09781081452473968,0.8137955107297248,0.015822784810126583,0.11235955056179775,0.9841772151898734,0.013462849352419905,0.10468822624864332,0.013692307692307693
a02_exact_rbf_feasibility,CV04,7,6500,0.25178538410307283,0.2615095294536918,0.640684187138136,0.7025316455696202,0.13586291309669524,0.2974683544303797,0.4812542603953647,0.2996406999261145,0.5027692307692307
calibrated_logistic,CV04,8,6500,0.2922734855323013,0.10489991831963877,0.7632320329959532,0.5632911392405063,0.19932810750279956,0.43670886075949367,0.24369461486025903,0.08848883795680067,0.27476923076923077
class_weighted_tree,CV04,8,6500,0.6887715987961534,0.08883795780832207,0.8268784298879138,0.004746835443037975,0.08823529411764706,0.995253164556962,0.005282890252215406,0.09179114497253164,0.005230769230769231
a02_exact_rbf_feasibility,CV04,8,6500,0.25178538410307283,0.2615095294536918,0.640684187138136,0.7025316455696202,0.13586291309669524,0.2974683544303797,0.4812542603953647,0.2996406999261145,0.5027692307692307
calibrated_logistic,CV04,9,6500,0.2922734855323013,0.10489991831963877,0.7632320329959532,0.5632911392405063,0.19932810750279956,0.43670886075949367,0.24369461486025903,0.08848883795680067,0.27476923076923077
class_weighted_tree,CV04,9,6500,0.6848059680359793,0.09419916338297396,0.8069178034911513,0.0,0.0,1.0,0.005112474437627812,0.09146405704734645,0.004615384615384616
a02_exact_rbf_feasibility,CV04,9,6500,0.25178538410307283,0.2615095294536918,0.640684187138136,0.7025316455696202,0.13586291309669524,0.2974683544303797,0.4812542603953647,0.2996406999261145,0.5027692307692307
calibrated_logistic,CV04,10,6500,0.2922734855323013,0.10489991831963877,0.7632320329959532,0.5632911392405063,0.19932810750279956,0.43670886075949367,0.24369461486025903,0.08848883795680067,0.27476923076923077
class_weighted_tree,CV04,10,6500,0.7149385600143167,0.09244169900517238,0.8295430645077787,0.004746835443037975,0.13636363636363635,0.995253164556962,0.003237900477164281,0.09375542738840642,0.003384615384615385
a02_exact_rbf_feasibility,CV04,10,6500,0.25178538410307283,0.2615095294536918,0.640684187138136,0.7025316455696202,0.13586291309669524,0.2974683544303797,0.4812542603953647,0.2996406999261145,0.5027692307692307
calibrated_logistic,CV04,11,6500,0.2922734855323013,0.10489991831963877,0.7632320329959532,0.5632911392405063,0.19932810750279956,0.43670886075949367,0.24369461486025903,0.08848883795680067,0.27476923076923077
class_weighted_tree,CV04,11,6500,0.6683150692986836,0.09386708905356092,0.8225047835072006,0.04113924050632911,0.2765957446808511,0.9588607594936709,0.011588275391956374,0.09538520876786087,0.014461538461538461
a02_exact_rbf_feasibility,CV04,11,6500,0.25178538410307283,0.2615095294536918,0.640684187138136,0.7025316455696202,0.13586291309669524,0.2974683544303797,0.4812542603953647,0.2996406999261145,0.5027692307692307
calibrated_logistic,CV04,12,6500,0.2922734855323013,0.10489991831963877,0.7632320329959532,0.5632911392405063,0.19932810750279956,0.43670886075949367,0.24369461486025903,0.08848883795680067,0.27476923076923077
class_weighted_tree,CV04,12,6500,0.6981356474362163,0.09365007297892378,0.8339633595212825,0.030063291139240507,0.2714285714285714,0.9699367088607594,0.008691206543967281,0.10700727936202323,0.010769230769230769
a02_exact_rbf_feasibility,CV04,12,6500,0.25178538410307283,0.2615095294536918,0.640684187138136,0.7025316455696202,0.13586291309669524,0.2974683544303797,0.4812542603953647,0.2996406999261145,0.5027692307692307
calibrated_logistic,CV04,13,6500,0.2922734855323013,0.10489991831963877,0.7632320329959532,0.5632911392405063,0.19932810750279956,0.43670886075949367,0.24369461486025903,0.08848883795680067,0.27476923076923077
class_weighted_tree,CV04,13,6500,0.7080167412034635,0.09563050214805659,0.8185155164677763,0.007911392405063292,0.06756756756756757,0.9920886075949367,0.011758691206543968,0.09756757929029261,0.011384615384615385
a02_exact_rbf_feasibility,CV04,13,6500,0.25178538410307283,0.2615095294536918,0.640684187138136,0.7025316455696202,0.13586291309669524,0.2974683544303797,0.4812542603953647,0.2996406999261145,0.5027692307692307
calibrated_logistic,CV04,14,6500,0.2922734855323013,0.10489991831963877,0.7632320329959532,0.5632911392405063,0.19932810750279956,0.43670886075949367,0.24369461486025903,0.08848883795680067,0.27476923076923077
class_weighted_tree,CV04,14,6500,0.687928982847973,0.0914957857202841,0.822787776224621,0.0,0.0,1.0,0.004260395364689844,0.09904748581956571,0.0038461538461538464
a02_exact_rbf_feasibility,CV04,14,6500,0.25178538410307283,0.2615095294536918,0.640684187138136,0.7025316455696202,0.13586291309669524,0.2974683544303797,0.4812542603953647,0.2996406999261145,0.5027692307692307
calibrated_logistic,CV04,15,6500,0.2922734855323013,0.10489991831963877,0.7632320329959532,0.5632911392405063,0.19932810750279956,0.43670886075949367,0.24369461486025903,0.08848883795680067,0.27476923076923077
class_weighted_tree,CV04,15,6500,0.6833065370573195,0.10129562700476058,0.8217042066820257,0.02689873417721519,0.17525773195876287,0.9731012658227848,0.013633265167007498,0.12357564720941631,0.014923076923076923
a02_exact_rbf_feasibility,CV04,15,6500,0.25178538410307283,0.2615095294536918,0.640684187138136,0.7025316455696202,0.13586291309669524,0.2974683544303797,0.4812542603953647,0.2996406999261145,0.5027692307692307
calibrated_logistic,CV04,16,6500,0.2922734855323013,0.10489991831963877,0.7632320329959532,0.5632911392405063,0.19932810750279956,0.43670886075949367,0.24369461486025903,0.08848883795680067,0.27476923076923077
class_weighted_tree,CV04,16,6500,0.67917701068264,0.10439475359282338,0.8275280053583909,0.0759493670886076,0.2171945701357466,0.9240506329113924,0.029481935923653717,0.12146183309932186,0.034
a02_exact_rbf_feasibility,CV04,16,6500,0.25178538410307283,0.2615095294536918,0.640684187138136,0.7025316455696202,0.13586291309669524,0.2974683544303797,0.4812542603953647,0.2996406999261145,0.5027692307692307
calibrated_logistic,CV04,17,6500,0.2922734855323013,0.10489991831963877,0.7632320329959532,0.5632911392405063,0.19932810750279956,0.43670886075949367,0.24369461486025903,0.08848883795680067,0.27476923076923077
class_weighted_tree,CV04,17,6500,0.6790714646356771,0.09639012892991072,0.826731742857636,0.03164556962025317,0.18867924528301888,0.9683544303797469,0.01465576005453306,0.10851473735213003,0.016307692307692308
a02_exact_rbf_feasibility,CV04,17,6500,0.25178538410307283,0.2615095294536918,0.640684187138136,0.7025316455696202,0.13586291309669524,0.2974683544303797,0.4812542603953647,0.2996406999261145,0.5027692307692307
calibrated_logistic,CV04,18,6500,0.2922734855323013,0.10489991831963877,0.7632320329959532,0.5632911392405063,0.19932810750279956,0.43670886075949367,0.24369461486025903,0.08848883795680067,0.27476923076923077
class_weighted_tree,CV04,18,6500,0.7312786827224089,0.09434258572477779,0.8291526181477742,0.00949367088607595,0.16666666666666666,0.990506329113924,0.005112474437627812,0.09713471285420665,0.005538461538461538
a02_exact_rbf_feasibility,CV04,18,6500,0.25178538410307283,0.2615095294536918,0.640684187138136,0.7025316455696202,0.13586291309669524,0.2974683544303797,0.4812542603953647,0.2996406999261145,0.5027692307692307
calibrated_logistic,CV04,19,6500,0.2922734855323013,0.10489991831963877,0.7632320329959532,0.5632911392405063,0.19932810750279956,0.43670886075949367,0.24369461486025903,0.08848883795680067,0.27476923076923077
class_weighted_tree,CV04,19,6500,0.6943613656320469,0.0966689491156955,0.8201904181011795,0.023734177215189875,0.16853932584269662,0.9762658227848101,0.012610770279481936,0.09931444681838227,0.013692307692307693
a02_exact_rbf_feasibility,CV04,19,6500,0.25178538410307283,0.2615095294536918,0.640684187138136,0.7025316455696202,0.13586291309669524,0.2974683544303797,0.4812542603953647,0.2996406999261145,0.5027692307692307
calibrated_logistic,CV04,20,6500,0.2922734855323013,0.10489991831963877,0.7632320329959532,0.5632911392405063,0.19932810750279956,0.43670886075949367,0.24369461486025903,0.08848883795680067,0.27476923076923077
class_weighted_tree,CV04,20,6500,0.7219705619905797,0.1001989924153292,0.8293251911245718,0.020569620253164556,0.16455696202531644,0.9794303797468354,0.011247443762781187,0.11397541146735189,0.012153846153846154
a02_exact_rbf_feasibility,CV04,20,6500,0.25178538410307283,0.2615095294536918,0.640684187138136,0.7025316455696202,0.13586291309669524,0.2974683544303797,0.4812542603953647,0.2996406999261145,0.5027692307692307
calibrated_logistic,CV05,1,6500,0.2864269509706501,0.19757655462432677,0.7223630732863071,0.905320813771518,0.31987835222560135,0.09467918622848201,0.47108387590961315,0.17944771509635346,0.5564615384615385
class_weighted_tree,CV05,1,6500,0.7407550524521673,0.12804825621687801,0.8177513097650544,0.0,0.0,1.0,0.0,0.08787106090678141,0.0
a02_exact_rbf_feasibility,CV05,1,6500,0.24316726287554502,0.31108766050807046,0.6662832221209293,0.7417840375586855,0.290263319044703,0.25821596244131456,0.4438912294140176,0.31207748725755025,0.5024615384615385
calibrated_logistic,CV05,2,6500,0.2864269509706501,0.19757655462432677,0.7223630732863071,0.905320813771518,0.31987835222560135,0.09467918622848201,0.47108387590961315,0.17944771509635346,0.5564615384615385
class_weighted_tree,CV05,2,6500,0.7443456519239622,0.12666564998851826,0.8600258087098702,0.0,0.0,1.0,0.0,0.11343782789633479,0.0
a02_exact_rbf_feasibility,CV05,2,6500,0.24316726287554502,0.31108766050807046,0.6662832221209293,0.7417840375586855,0.290263319044703,0.25821596244131456,0.4438912294140176,0.31207748725755025,0.5024615384615385
calibrated_logistic,CV05,3,6500,0.2864269509706501,0.19757655462432677,0.7223630732863071,0.905320813771518,0.31987835222560135,0.09467918622848201,0.47108387590961315,0.17944771509635346,0.5564615384615385
class_weighted_tree,CV05,3,6500,0.7122554122746151,0.13382515147137541,0.7966649315014304,0.0,0.0,1.0,0.0,0.0795163870206688,0.0
a02_exact_rbf_feasibility,CV05,3,6500,0.24316726287554502,0.31108766050807046,0.6662832221209293,0.7417840375586855,0.290263319044703,0.25821596244131456,0.4438912294140176,0.31207748725755025,0.5024615384615385
calibrated_logistic,CV05,4,6500,0.2864269509706501,0.19757655462432677,0.7223630732863071,0.905320813771518,0.31987835222560135,0.09467918622848201,0.47108387590961315,0.17944771509635346,0.5564615384615385
class_weighted_tree,CV05,4,6500,0.7170895225550515,0.13191126154846183,0.8092639842630402,0.0,0.0,1.0,0.0,0.0742009712448629,0.0
a02_exact_rbf_feasibility,CV05,4,6500,0.24316726287554502,0.31108766050807046,0.6662832221209293,0.7417840375586855,0.290263319044703,0.25821596244131456,0.4438912294140176,0.31207748725755025,0.5024615384615385
calibrated_logistic,CV05,5,6500,0.2864269509706501,0.19757655462432677,0.7223630732863071,0.905320813771518,0.31987835222560135,0.09467918622848201,0.47108387590961315,0.17944771509635346,0.5564615384615385
class_weighted_tree,CV05,5,6500,0.7331149945592889,0.12970849392729392,0.8089454211117165,0.0,0.0,1.0,0.0,0.07565909884761644,0.0
a02_exact_rbf_feasibility,CV05,5,6500,0.24316726287554502,0.31108766050807046,0.6662832221209293,0.7417840375586855,0.290263319044703,0.25821596244131456,0.4438912294140176,0.31207748725755025,0.5024615384615385
calibrated_logistic,CV05,6,6500,0.2864269509706501,0.19757655462432677,0.7223630732863071,0.905320813771518,0.31987835222560135,0.09467918622848201,0.47108387590961315,0.17944771509635346,0.5564615384615385
class_weighted_tree,CV05,6,6500,0.7124439976910478,0.12818801814875785,0.8212169202285503,0.0,0.0,1.0,0.0,0.07056899477768987,0.0
a02_exact_rbf_feasibility,CV05,6,6500,0.24316726287554502,0.31108766050807046,0.6662832221209293,0.7417840375586855,0.290263319044703,0.25821596244131456,0.4438912294140176,0.31207748725755025,0.5024615384615385
calibrated_logistic,CV05,7,6500,0.2864269509706501,0.19757655462432677,0.7223630732863071,0.905320813771518,0.31987835222560135,0.09467918622848201,0.47108387590961315,0.17944771509635346,0.5564615384615385
class_weighted_tree,CV05,7,6500,0.7342272578542827,0.13705652668145518,0.7691457802519616,0.0,0.0,1.0,0.0,0.06518603573699959,0.0
a02_exact_rbf_feasibility,CV05,7,6500,0.24316726287554502,0.31108766050807046,0.6662832221209293,0.7417840375586855,0.290263319044703,0.25821596244131456,0.4438912294140176,0.31207748725755025,0.5024615384615385
calibrated_logistic,CV05,8,6500,0.2864269509706501,0.19757655462432677,0.7223630732863071,0.905320813771518,0.31987835222560135,0.09467918622848201,0.47108387590961315,0.17944771509635346,0.5564615384615385
class_weighted_tree,CV05,8,6500,0.7111590136366073,0.1229351357846862,0.8322890875188576,0.0,0.0,1.0,0.0,0.07149547539494026,0.0
a02_exact_rbf_feasibility,CV05,8,6500,0.24316726287554502,0.31108766050807046,0.6662832221209293,0.7417840375586855,0.290263319044703,0.25821596244131456,0.4438912294140176,0.31207748725755025,0.5024615384615385
calibrated_logistic,CV05,9,6500,0.2864269509706501,0.19757655462432677,0.7223630732863071,0.905320813771518,0.31987835222560135,0.09467918622848201,0.47108387590961315,0.17944771509635346,0.5564615384615385
class_weighted_tree,CV05,9,6500,0.7262942740241167,0.1254890854078343,0.8186565026141358,0.0,0.0,1.0,0.0,0.0888271904791952,0.0
a02_exact_rbf_feasibility,CV05,9,6500,0.24316726287554502,0.31108766050807046,0.6662832221209293,0.7417840375586855,0.290263319044703,0.25821596244131456,0.4438912294140176,0.31207748725755025,0.5024615384615385
calibrated_logistic,CV05,10,6500,0.2864269509706501,0.19757655462432677,0.7223630732863071,0.905320813771518,0.31987835222560135,0.09467918622848201,0.47108387590961315,0.17944771509635346,0.5564615384615385
class_weighted_tree,CV05,10,6500,0.721324534314854,0.12856675349198238,0.8140005508175655,0.0,0.0,1.0,0.0,0.045197705712045184,0.0
a02_exact_rbf_feasibility,CV05,10,6500,0.24316726287554502,0.31108766050807046,0.6662832221209293,0.7417840375586855,0.290263319044703,0.25821596244131456,0.4438912294140176,0.31207748725755025,0.5024615384615385
calibrated_logistic,CV05,11,6500,0.2864269509706501,0.19757655462432677,0.7223630732863071,0.905320813771518,0.31987835222560135,0.09467918622848201,0.47108387590961315,0.17944771509635346,0.5564615384615385
class_weighted_tree,CV05,11,6500,0.7274735285788332,0.12473157667718292,0.8375548195338249,0.0,0.0,1.0,0.0,0.07330682866559529,0.0
a02_exact_rbf_feasibility,CV05,11,6500,0.24316726287554502,0.31108766050807046,0.6662832221209293,0.7417840375586855,0.290263319044703,0.25821596244131456,0.4438912294140176,0.31207748725755025,0.5024615384615385
calibrated_logistic,CV05,12,6500,0.2864269509706501,0.19757655462432677,0.7223630732863071,0.905320813771518,0.31987835222560135,0.09467918622848201,0.47108387590961315,0.17944771509635346,0.5564615384615385
class_weighted_tree,CV05,12,6500,0.7232698219975756,0.12781728057026723,0.8225883450839083,0.0,0.0,1.0,0.0,0.06967136725170739,0.0
a02_exact_rbf_feasibility,CV05,12,6500,0.24316726287554502,0.31108766050807046,0.6662832221209293,0.7417840375586855,0.290263319044703,0.25821596244131456,0.4438912294140176,0.31207748725755025,0.5024615384615385
calibrated_logistic,CV05,13,6500,0.2864269509706501,0.19757655462432677,0.7223630732863071,0.905320813771518,0.31987835222560135,0.09467918622848201,0.47108387590961315,0.17944771509635346,0.5564615384615385
class_weighted_tree,CV05,13,6500,0.730862910237172,0.12824059672848892,0.8136240739042536,0.0,0.0,1.0,0.0,0.09221819026747233,0.0
a02_exact_rbf_feasibility,CV05,13,6500,0.24316726287554502,0.31108766050807046,0.6662832221209293,0.7417840375586855,0.290263319044703,0.25821596244131456,0.4438912294140176,0.31207748725755025,0.5024615384615385
calibrated_logistic,CV05,14,6500,0.2864269509706501,0.19757655462432677,0.7223630732863071,0.905320813771518,0.31987835222560135,0.09467918622848201,0.47108387590961315,0.17944771509635346,0.5564615384615385
class_weighted_tree,CV05,14,6500,0.7266669129631904,0.12726505776054817,0.8223283699815814,0.0,0.0,1.0,0.0,0.06281958728659996,0.0
a02_exact_rbf_feasibility,CV05,14,6500,0.24316726287554502,0.31108766050807046,0.6662832221209293,0.7417840375586855,0.290263319044703,0.25821596244131456,0.4438912294140176,0.31207748725755025,0.5024615384615385
calibrated_logistic,CV05,15,6500,0.2864269509706501,0.19757655462432677,0.7223630732863071,0.905320813771518,0.31987835222560135,0.09467918622848201,0.47108387590961315,0.17944771509635346,0.5564615384615385
class_weighted_tree,CV05,15,6500,0.7311621002567692,0.12906289639904617,0.8157909326677971,0.0,0.0,1.0,0.0,0.05649594429399703,0.0
a02_exact_rbf_feasibility,CV05,15,6500,0.24316726287554502,0.31108766050807046,0.6662832221209293,0.7417840375586855,0.290263319044703,0.25821596244131456,0.4438912294140176,0.31207748725755025,0.5024615384615385
calibrated_logistic,CV05,16,6500,0.2864269509706501,0.19757655462432677,0.7223630732863071,0.905320813771518,0.31987835222560135,0.09467918622848201,0.47108387590961315,0.17944771509635346,0.5564615384615385
class_weighted_tree,CV05,16,6500,0.7192023463843367,0.12433599089533648,0.8428216753604738,0.0,0.0,1.0,0.0,0.08471571715502442,0.0
a02_exact_rbf_feasibility,CV05,16,6500,0.24316726287554502,0.31108766050807046,0.6662832221209293,0.7417840375586855,0.290263319044703,0.25821596244131456,0.4438912294140176,0.31207748725755025,0.5024615384615385
calibrated_logistic,CV05,17,6500,0.2864269509706501,0.19757655462432677,0.7223630732863071,0.905320813771518,0.31987835222560135,0.09467918622848201,0.47108387590961315,0.17944771509635346,0.5564615384615385
class_weighted_tree,CV05,17,6500,0.7160691242784328,0.1276684190478859,0.8322993516655488,0.0,0.0,1.0,0.0,0.07031763423261637,0.0
a02_exact_rbf_feasibility,CV05,17,6500,0.24316726287554502,0.31108766050807046,0.6662832221209293,0.7417840375586855,0.290263319044703,0.25821596244131456,0.4438912294140176,0.31207748725755025,0.5024615384615385
calibrated_logistic,CV05,18,6500,0.2864269509706501,0.19757655462432677,0.7223630732863071,0.905320813771518,0.31987835222560135,0.09467918622848201,0.47108387590961315,0.17944771509635346,0.5564615384615385
class_weighted_tree,CV05,18,6500,0.7473034447437232,0.12260921625181997,0.8314313195227366,0.0,0.0,1.0,0.0,0.06924473519219791,0.0
a02_exact_rbf_feasibility,CV05,18,6500,0.24316726287554502,0.31108766050807046,0.6662832221209293,0.7417840375586855,0.290263319044703,0.25821596244131456,0.4438912294140176,0.31207748725755025,0.5024615384615385
calibrated_logistic,CV05,19,6500,0.2864269509706501,0.19757655462432677,0.7223630732863071,0.905320813771518,0.31987835222560135,0.09467918622848201,0.47108387590961315,0.17944771509635346,0.5564615384615385
class_weighted_tree,CV05,19,6500,0.7119453798202636,0.1315041571813629,0.8370322471019145,0.0,0.0,1.0,0.0,0.10443378840225287,0.0
a02_exact_rbf_feasibility,CV05,19,6500,0.24316726287554502,0.31108766050807046,0.6662832221209293,0.7417840375586855,0.290263319044703,0.25821596244131456,0.4438912294140176,0.31207748725755025,0.5024615384615385
calibrated_logistic,CV05,20,6500,0.2864269509706501,0.19757655462432677,0.7223630732863071,0.905320813771518,0.31987835222560135,0.09467918622848201,0.47108387590961315,0.17944771509635346,0.5564615384615385
class_weighted_tree,CV05,20,6500,0.7006299958103854,0.12616719397623335,0.8240757473047999,0.0,0.0,1.0,0.0,0.07190203569161954,0.0
a02_exact_rbf_feasibility,CV05,20,6500,0.24316726287554502,0.31108766050807046,0.6662832221209293,0.7417840375586855,0.290263319044703,0.25821596244131456,0.4438912294140176,0.31207748725755025,0.5024615384615385
