outer_fold,seed_index,config_id,q,layers,entangle,state_dimension,landmarks,lambda,psd_clipped_eigenvalues,min_eigenvalue_before_clip,validation_outcomes_used
CV01,1,GFRK-04-L010,4,1,True,16,256,0.1,175,-8.06677816423174e-15,0
CV01,1,GFRK-06-L010,6,1,True,64,256,0.1,13,-1.413491978310022e-15,0
CV01,1,GFRK-08-L010,8,1,True,256,256,0.1,10,-5.567143362226697e-16,0
CV01,2,GFRK-04-L010,4,1,True,16,256,0.1,175,-9.146904432106077e-15,0
CV01,2,GFRK-06-L010,6,1,True,64,256,0.1,11,-6.391561229032835e-16,0
CV01,2,GFRK-08-L010,8,1,True,256,256,0.1,8,-7.42193161409668e-16,0
CV01,3,GFRK-04-L010,4,1,True,16,256,0.1,175,-9.972045863346414e-15,0
CV01,3,GFRK-06-L010,6,1,True,64,256,0.1,15,-7.789691952071037e-16,0
CV01,3,GFRK-08-L010,8,1,True,256,256,0.1,8,-5.885626842951772e-16,0
CV01,4,GFRK-04-L010,4,1,True,16,256,0.1,175,-1.6968686884364568e-14,0
CV01,4,GFRK-06-L010,6,1,True,64,256,0.1,15,-9.011084338032813e-16,0
CV01,4,GFRK-08-L010,8,1,True,256,256,0.1,10,-5.699796054527969e-16,0
CV01,5,GFRK-04-L010,4,1,True,16,256,0.1,175,-2.0554477983739854e-14,0
CV01,5,GFRK-06-L010,6,1,True,64,256,0.1,12,-7.995689562770673e-16,0
CV01,5,GFRK-08-L010,8,1,True,256,256,0.1,18,-3.345748978382297e-15,0
CV01,6,GFRK-04-L010,4,1,True,16,256,0.1,175,-1.2833977117949007e-14,0
CV01,6,GFRK-06-L010,6,1,True,64,256,0.1,10,-9.70159727450001e-16,0
CV01,6,GFRK-08-L010,8,1,True,256,256,0.1,10,-8.117742774064453e-16,0
CV01,7,GFRK-04-L010,4,1,True,16,256,0.1,175,-8.619277793844417e-15,0
CV01,7,GFRK-06-L010,6,1,True,64,256,0.1,12,-1.1259688778519484e-15,0
CV01,7,GFRK-08-L010,8,1,True,256,256,0.1,12,-7.448387379957372e-16,0
CV01,8,GFRK-04-L010,4,1,True,16,256,0.1,175,-9.34632368533891e-15,0
CV01,8,GFRK-06-L010,6,1,True,64,256,0.1,7,-3.660457002481096e-16,0
CV01,8,GFRK-08-L010,8,1,True,256,256,0.1,13,-1.168354715914068e-15,0
CV01,9,GFRK-04-L010,4,1,True,16,256,0.1,175,-1.6375765314684006e-14,0
CV01,9,GFRK-06-L010,6,1,True,64,256,0.1,11,-5.296147166592237e-16,0
CV01,9,GFRK-08-L010,8,1,True,256,256,0.1,9,-4.671669181923764e-16,0
CV01,10,GFRK-04-L010,4,1,True,16,256,0.1,175,-1.2344585563053017e-14,0
CV01,10,GFRK-06-L010,6,1,True,64,256,0.1,13,-8.626197564418524e-16,0
CV01,10,GFRK-08-L010,8,1,True,256,256,0.1,15,-1.2051282758217034e-15,0
CV01,11,GFRK-04-L010,4,1,True,16,256,0.1,175,-1.9563904729091895e-14,0
CV01,11,GFRK-06-L010,6,1,True,64,256,0.1,16,-1.5410851567720706e-15,0
CV01,11,GFRK-08-L010,8,1,True,256,256,0.1,8,-4.656672217474007e-16,0
CV01,12,GFRK-04-L010,4,1,True,16,256,0.1,175,-8.64920800386668e-15,0
CV01,12,GFRK-06-L010,6,1,True,64,256,0.1,15,-9.99926117070622e-16,0
CV01,12,GFRK-08-L010,8,1,True,256,256,0.1,6,-1.3885419791135583e-15,0
CV01,13,GFRK-04-L010,4,1,True,16,256,0.1,175,-1.0169863746685175e-14,0
CV01,13,GFRK-06-L010,6,1,True,64,256,0.1,12,-9.603590284288045e-16,0
CV01,13,GFRK-08-L010,8,1,True,256,256,0.1,14,-8.090495527376141e-16,0
CV01,14,GFRK-04-L010,4,1,True,16,256,0.1,175,-2.9969849188213174e-14,0
CV01,14,GFRK-06-L010,6,1,True,64,256,0.1,17,-5.868495761845133e-15,0
CV01,14,GFRK-08-L010,8,1,True,256,256,0.1,17,-1.2812112525000455e-15,0
CV01,15,GFRK-04-L010,4,1,True,16,256,0.1,175,-1.5932926186126664e-14,0
CV01,15,GFRK-06-L010,6,1,True,64,256,0.1,7,-3.6945987866015827e-16,0
CV01,15,GFRK-08-L010,8,1,True,256,256,0.1,15,-2.562079954381991e-15,0
CV01,16,GFRK-04-L010,4,1,True,16,256,0.1,175,-1.0996685916226234e-14,0
CV01,16,GFRK-06-L010,6,1,True,64,256,0.1,14,-1.6686252685353872e-15,0
CV01,16,GFRK-08-L010,8,1,True,256,256,0.1,12,-9.225965604386984e-16,0
CV01,17,GFRK-04-L010,4,1,True,16,256,0.1,175,-9.563477667673548e-15,0
CV01,17,GFRK-06-L010,6,1,True,64,256,0.1,14,-1.488059085588736e-15,0
CV01,17,GFRK-08-L010,8,1,True,256,256,0.1,15,-1.1055655325319009e-15,0
CV01,18,GFRK-04-L010,4,1,True,16,256,0.1,175,-8.785695632190728e-15,0
CV01,18,GFRK-06-L010,6,1,True,64,256,0.1,4,-4.146579393281926e-16,0
CV01,18,GFRK-08-L010,8,1,True,256,256,0.1,16,-9.760618466413446e-16,0
CV01,19,GFRK-04-L010,4,1,True,16,256,0.1,175,-9.917050006674102e-15,0
CV01,19,GFRK-06-L010,6,1,True,64,256,0.1,10,-4.949077540474942e-16,0
CV01,19,GFRK-08-L010,8,1,True,256,256,0.1,14,-8.458302759213995e-16,0
CV01,20,GFRK-04-L010,4,1,True,16,256,0.1,175,-1.8259248887196133e-14,0
CV01,20,GFRK-06-L010,6,1,True,64,256,0.1,11,-6.831391798663073e-16,0
CV01,20,GFRK-08-L010,8,1,True,256,256,0.1,15,-1.151238765735795e-15,0
CV02,1,GFRK-04-L010,4,1,True,16,256,0.1,175,-1.0622894638889113e-14,0
CV02,1,GFRK-06-L010,6,1,True,64,256,0.1,19,-9.991864177748902e-16,0
CV02,1,GFRK-08-L010,8,1,True,256,256,0.1,15,-2.1033328583346622e-15,0
CV02,2,GFRK-04-L010,4,1,True,16,256,0.1,175,-1.430559453411676e-14,0
CV02,2,GFRK-06-L010,6,1,True,64,256,0.1,21,-3.0647354364712708e-15,0
CV02,2,GFRK-08-L010,8,1,True,256,256,0.1,14,-9.308561789935786e-16,0
CV02,3,GFRK-04-L010,4,1,True,16,256,0.1,175,-1.0753435012444061e-14,0
CV02,3,GFRK-06-L010,6,1,True,64,256,0.1,17,-1.1740901364759717e-15,0
CV02,3,GFRK-08-L010,8,1,True,256,256,0.1,23,-2.1578648344262696e-15,0
CV02,4,GFRK-04-L010,4,1,True,16,256,0.1,175,-1.639958473586877e-14,0
CV02,4,GFRK-06-L010,6,1,True,64,256,0.1,15,-1.1033906392187023e-15,0
CV02,4,GFRK-08-L010,8,1,True,256,256,0.1,21,-1.6653065055122682e-15,0
CV02,5,GFRK-04-L010,4,1,True,16,256,0.1,175,-1.1089439620814308e-14,0
CV02,5,GFRK-06-L010,6,1,True,64,256,0.1,17,-2.687363682937586e-15,0
CV02,5,GFRK-08-L010,8,1,True,256,256,0.1,18,-1.1075009016256445e-15,0
CV02,6,GFRK-04-L010,4,1,True,16,256,0.1,175,-1.3536450344678477e-14,0
CV02,6,GFRK-06-L010,6,1,True,64,256,0.1,15,-8.076418806955903e-16,0
CV02,6,GFRK-08-L010,8,1,True,256,256,0.1,17,-2.302995563223601e-15,0
CV02,7,GFRK-04-L010,4,1,True,16,256,0.1,175,-2.0941451923730417e-14,0
CV02,7,GFRK-06-L010,6,1,True,64,256,0.1,20,-2.7069146535866965e-15,0
CV02,7,GFRK-08-L010,8,1,True,256,256,0.1,15,-9.234720300624382e-16,0
CV02,8,GFRK-04-L010,4,1,True,16,256,0.1,175,-1.30825815928306e-14,0
CV02,8,GFRK-06-L010,6,1,True,64,256,0.1,16,-3.197708725274167e-15,0
CV02,8,GFRK-08-L010,8,1,True,256,256,0.1,20,-1.1725586657644529e-15,0
CV02,9,GFRK-04-L010,4,1,True,16,256,0.1,175,-1.269880655451142e-14,0
CV02,9,GFRK-06-L010,6,1,True,64,256,0.1,15,-9.165656180105553e-16,0
CV02,9,GFRK-08-L010,8,1,True,256,256,0.1,17,-1.7331559000299533e-15,0
CV02,10,GFRK-04-L010,4,1,True,16,256,0.1,175,-1.0002462523073861e-14,0
CV02,10,GFRK-06-L010,6,1,True,64,256,0.1,14,-9.69195231309924e-16,0
CV02,10,GFRK-08-L010,8,1,True,256,256,0.1,23,-1.968619722671861e-15,0
CV02,11,GFRK-04-L010,4,1,True,16,256,0.1,175,-1.0122602798476237e-14,0
CV02,11,GFRK-06-L010,6,1,True,64,256,0.1,21,-4.355937790671713e-15,0
CV02,11,GFRK-08-L010,8,1,True,256,256,0.1,17,-3.78504399890216e-15,0
CV02,12,GFRK-04-L010,4,1,True,16,256,0.1,175,-1.1045009611051028e-14,0
CV02,12,GFRK-06-L010,6,1,True,64,256,0.1,16,-9.110288218295934e-16,0
CV02,12,GFRK-08-L010,8,1,True,256,256,0.1,18,-1.8122014234157286e-15,0
CV02,13,GFRK-04-L010,4,1,True,16,256,0.1,175,-1.0388603055242616e-14,0
CV02,13,GFRK-06-L010,6,1,True,64,256,0.1,12,-7.589692621400781e-16,0
CV02,13,GFRK-08-L010,8,1,True,256,256,0.1,21,-1.3188825027133662e-15,0
CV02,14,GFRK-04-L010,4,1,True,16,256,0.1,175,-1.0416733996887515e-14,0
CV02,14,GFRK-06-L010,6,1,True,64,256,0.1,15,-1.29986182556078e-15,0
CV02,14,GFRK-08-L010,8,1,True,256,256,0.1,11,-6.189466035446678e-16,0
CV02,15,GFRK-04-L010,4,1,True,16,256,0.1,175,-1.2582588017693782e-14,0
CV02,15,GFRK-06-L010,6,1,True,64,256,0.1,14,-1.0728287845223086e-15,0
CV02,15,GFRK-08-L010,8,1,True,256,256,0.1,18,-1.5205692434299405e-15,0
CV02,16,GFRK-04-L010,4,1,True,16,256,0.1,175,-1.134544485258023e-14,0
CV02,16,GFRK-06-L010,6,1,True,64,256,0.1,13,-1.393840593418879e-15,0
CV02,16,GFRK-08-L010,8,1,True,256,256,0.1,14,-1.640127079746559e-15,0
CV02,17,GFRK-04-L010,4,1,True,16,256,0.1,175,-1.674234692072769e-14,0
CV02,17,GFRK-06-L010,6,1,True,64,256,0.1,17,-9.023215640190408e-16,0
CV02,17,GFRK-08-L010,8,1,True,256,256,0.1,22,-2.4203509337994494e-15,0
CV02,18,GFRK-04-L010,4,1,True,16,256,0.1,175,-1.1986928727125472e-14,0
CV02,18,GFRK-06-L010,6,1,True,64,256,0.1,14,-3.274491951438097e-15,0
CV02,18,GFRK-08-L010,8,1,True,256,256,0.1,12,-1.2512842754910144e-15,0
CV02,19,GFRK-04-L010,4,1,True,16,256,0.1,175,-1.6939124141032655e-14,0
CV02,19,GFRK-06-L010,6,1,True,64,256,0.1,14,-1.0347697138218192e-15,0
CV02,19,GFRK-08-L010,8,1,True,256,256,0.1,16,-1.203149866878865e-15,0
CV02,20,GFRK-04-L010,4,1,True,16,256,0.1,175,-1.2419381701072258e-14,0
CV02,20,GFRK-06-L010,6,1,True,64,256,0.1,19,-1.019472504814819e-14,0
CV02,20,GFRK-08-L010,8,1,True,256,256,0.1,12,-1.237837647370268e-15,0
CV03,1,GFRK-04-L010,4,1,True,16,256,0.1,175,-1.7866357800496623e-14,0
CV03,1,GFRK-06-L010,6,1,True,64,256,0.1,28,-3.2262473219826082e-15,0
CV03,1,GFRK-08-L010,8,1,True,256,256,0.1,32,-4.737924064238913e-15,0
CV03,2,GFRK-04-L010,4,1,True,16,256,0.1,175,-4.501680811159184e-14,0
CV03,2,GFRK-06-L010,6,1,True,64,256,0.1,31,-1.6194796729581484e-15,0
CV03,2,GFRK-08-L010,8,1,True,256,256,0.1,27,-1.3648637599649499e-15,0
CV03,3,GFRK-04-L010,4,1,True,16,256,0.1,175,-4.275872725460459e-14,0
CV03,3,GFRK-06-L010,6,1,True,64,256,0.1,36,-3.374449256601108e-15,0
CV03,3,GFRK-08-L010,8,1,True,256,256,0.1,27,-1.3889423403741567e-15,0
CV03,4,GFRK-04-L010,4,1,True,16,256,0.1,175,-3.9159674621474336e-14,0
CV03,4,GFRK-06-L010,6,1,True,64,256,0.1,29,-2.486516726623136e-15,0
CV03,4,GFRK-08-L010,8,1,True,256,256,0.1,28,-1.9137051298455037e-15,0
CV03,5,GFRK-04-L010,4,1,True,16,256,0.1,175,-1.912725229065175e-14,0
CV03,5,GFRK-06-L010,6,1,True,64,256,0.1,29,-4.640906185353945e-15,0
CV03,5,GFRK-08-L010,8,1,True,256,256,0.1,25,-2.2942151249900415e-15,0
CV03,6,GFRK-04-L010,4,1,True,16,256,0.1,175,-1.9355045426429104e-14,0
CV03,6,GFRK-06-L010,6,1,True,64,256,0.1,35,-1.747261079634743e-15,0
CV03,6,GFRK-08-L010,8,1,True,256,256,0.1,25,-1.9359295567353157e-15,0
CV03,7,GFRK-04-L010,4,1,True,16,256,0.1,175,-1.9558277993695756e-14,0
CV03,7,GFRK-06-L010,6,1,True,64,256,0.1,24,-1.810851717703227e-15,0
CV03,7,GFRK-08-L010,8,1,True,256,256,0.1,24,-2.1107954455082713e-15,0
CV03,8,GFRK-04-L010,4,1,True,16,256,0.1,175,-5.024712946588952e-14,0
CV03,8,GFRK-06-L010,6,1,True,64,256,0.1,25,-1.5120990437380454e-15,0
CV03,8,GFRK-08-L010,8,1,True,256,256,0.1,25,-2.1425979168578666e-15,0
CV03,9,GFRK-04-L010,4,1,True,16,256,0.1,175,-2.250673303292694e-14,0
CV03,9,GFRK-06-L010,6,1,True,64,256,0.1,43,-7.060419430039752e-15,0
CV03,9,GFRK-08-L010,8,1,True,256,256,0.1,29,-3.3355083106521386e-15,0
CV03,10,GFRK-04-L010,4,1,True,16,256,0.1,175,-2.0204638230446642e-14,0
CV03,10,GFRK-06-L010,6,1,True,64,256,0.1,32,-2.3481405789165337e-15,0
CV03,10,GFRK-08-L010,8,1,True,256,256,0.1,26,-2.528176799925301e-15,0
CV03,11,GFRK-04-L010,4,1,True,16,256,0.1,175,-1.6907705608384718e-14,0
CV03,11,GFRK-06-L010,6,1,True,64,256,0.1,21,-1.2057098619705288e-15,0
CV03,11,GFRK-08-L010,8,1,True,256,256,0.1,22,-1.939497174773667e-15,0
CV03,12,GFRK-04-L010,4,1,True,16,256,0.1,175,-4.11252503352382e-14,0
CV03,12,GFRK-06-L010,6,1,True,64,256,0.1,31,-1.4490287074750565e-14,0
CV03,12,GFRK-08-L010,8,1,True,256,256,0.1,22,-1.712341370185994e-15,0
CV03,13,GFRK-04-L010,4,1,True,16,256,0.1,175,-1.4948217209528494e-14,0
CV03,13,GFRK-06-L010,6,1,True,64,256,0.1,34,-2.4736647177522205e-15,0
CV03,13,GFRK-08-L010,8,1,True,256,256,0.1,24,-4.0881058872960176e-15,0
CV03,14,GFRK-04-L010,4,1,True,16,256,0.1,175,-1.867499627843021e-14,0
CV03,14,GFRK-06-L010,6,1,True,64,256,0.1,32,-2.5775305439912124e-15,0
CV03,14,GFRK-08-L010,8,1,True,256,256,0.1,24,-9.057631285813162e-15,0
CV03,15,GFRK-04-L010,4,1,True,16,256,0.1,175,-1.64911568144163e-14,0
CV03,15,GFRK-06-L010,6,1,True,64,256,0.1,23,-1.8075649478374795e-15,0
CV03,15,GFRK-08-L010,8,1,True,256,256,0.1,31,-1.6909168332813297e-15,0
CV03,16,GFRK-04-L010,4,1,True,16,256,0.1,175,-1.6677499403969037e-14,0
CV03,16,GFRK-06-L010,6,1,True,64,256,0.1,26,-1.0492222714311527e-15,0
CV03,16,GFRK-08-L010,8,1,True,256,256,0.1,22,-1.5853876884965892e-15,0
CV03,17,GFRK-04-L010,4,1,True,16,256,0.1,175,-5.300485063494001e-14,0
CV03,17,GFRK-06-L010,6,1,True,64,256,0.1,33,-1.7525647136486994e-15,0
CV03,17,GFRK-08-L010,8,1,True,256,256,0.1,24,-1.907588203111001e-15,0
CV03,18,GFRK-04-L010,4,1,True,16,256,0.1,175,-2.8881781828782026e-14,0
CV03,18,GFRK-06-L010,6,1,True,64,256,0.1,34,-2.7164517725003616e-15,0
CV03,18,GFRK-08-L010,8,1,True,256,256,0.1,35,-4.052769095166809e-15,0
CV03,19,GFRK-04-L010,4,1,True,16,256,0.1,175,-4.2289483763113306e-14,0
CV03,19,GFRK-06-L010,6,1,True,64,256,0.1,34,-2.2736404230986613e-15,0
CV03,19,GFRK-08-L010,8,1,True,256,256,0.1,25,-1.0393242544398864e-15,0
CV03,20,GFRK-04-L010,4,1,True,16,256,0.1,175,-1.7231378907051966e-14,0
CV03,20,GFRK-06-L010,6,1,True,64,256,0.1,38,-1.91447040445177e-15,0
CV03,20,GFRK-08-L010,8,1,True,256,256,0.1,30,-1.444743526045496e-15,0
CV04,1,GFRK-04-L010,4,1,True,16,256,0.1,175,-2.7521028201993603e-14,0
CV04,1,GFRK-06-L010,6,1,True,64,256,0.1,30,-2.3491160902999104e-15,0
CV04,1,GFRK-08-L010,8,1,True,256,256,0.1,20,-1.4454716082993716e-15,0
CV04,2,GFRK-04-L010,4,1,True,16,256,0.1,175,-1.088916102974212e-14,0
CV04,2,GFRK-06-L010,6,1,True,64,256,0.1,24,-1.640589650053376e-15,0
CV04,2,GFRK-08-L010,8,1,True,256,256,0.1,25,-3.3541400555011484e-15,0
CV04,3,GFRK-04-L010,4,1,True,16,256,0.1,175,-1.1608399324751896e-14,0
CV04,3,GFRK-06-L010,6,1,True,64,256,0.1,31,-1.8395633406780714e-15,0
CV04,3,GFRK-08-L010,8,1,True,256,256,0.1,26,-2.690222747681124e-15,0
CV04,4,GFRK-04-L010,4,1,True,16,256,0.1,175,-1.6352418964070946e-14,0
CV04,4,GFRK-06-L010,6,1,True,64,256,0.1,29,-1.708458190122805e-14,0
CV04,4,GFRK-08-L010,8,1,True,256,256,0.1,23,-4.668555900553963e-15,0
CV04,5,GFRK-04-L010,4,1,True,16,256,0.1,175,-2.197821830328051e-14,0
CV04,5,GFRK-06-L010,6,1,True,64,256,0.1,26,-1.1118231928369864e-15,0
CV04,5,GFRK-08-L010,8,1,True,256,256,0.1,26,-3.9436706299935435e-15,0
CV04,6,GFRK-04-L010,4,1,True,16,256,0.1,175,-1.5066513962373454e-14,0
CV04,6,GFRK-06-L010,6,1,True,64,256,0.1,23,-1.0824978416761298e-15,0
CV04,6,GFRK-08-L010,8,1,True,256,256,0.1,26,-3.9540705714878625e-15,0
CV04,7,GFRK-04-L010,4,1,True,16,256,0.1,175,-1.7712625060335078e-14,0
CV04,7,GFRK-06-L010,6,1,True,64,256,0.1,28,-1.7901153070170306e-15,0
CV04,7,GFRK-08-L010,8,1,True,256,256,0.1,24,-5.228370439513097e-15,0
CV04,8,GFRK-04-L010,4,1,True,16,256,0.1,175,-2.3753822556087568e-14,0
CV04,8,GFRK-06-L010,6,1,True,64,256,0.1,25,-2.3760088051291605e-15,0
CV04,8,GFRK-08-L010,8,1,True,256,256,0.1,25,-4.343228299365095e-15,0
CV04,9,GFRK-04-L010,4,1,True,16,256,0.1,175,-1.485385340883823e-14,0
CV04,9,GFRK-06-L010,6,1,True,64,256,0.1,20,-3.004907349100413e-15,0
CV04,9,GFRK-08-L010,8,1,True,256,256,0.1,21,-9.110423513234955e-16,0
CV04,10,GFRK-04-L010,4,1,True,16,256,0.1,175,-3.601862600489416e-14,0
CV04,10,GFRK-06-L010,6,1,True,64,256,0.1,27,-1.1780632988056972e-15,0
CV04,10,GFRK-08-L010,8,1,True,256,256,0.1,17,-5.876832093324476e-15,0
CV04,11,GFRK-04-L010,4,1,True,16,256,0.1,175,-1.3393114820721235e-14,0
CV04,11,GFRK-06-L010,6,1,True,64,256,0.1,22,-1.495361014636794e-15,0
CV04,11,GFRK-08-L010,8,1,True,256,256,0.1,22,-1.2333962879490164e-15,0
CV04,12,GFRK-04-L010,4,1,True,16,256,0.1,175,-1.5368750101395542e-14,0
CV04,12,GFRK-06-L010,6,1,True,64,256,0.1,30,-2.4748883854453117e-15,0
CV04,12,GFRK-08-L010,8,1,True,256,256,0.1,26,-4.500149923708552e-15,0
CV04,13,GFRK-04-L010,4,1,True,16,256,0.1,175,-1.5595121482071447e-14,0
CV04,13,GFRK-06-L010,6,1,True,64,256,0.1,23,-1.2703167150578916e-15,0
CV04,13,GFRK-08-L010,8,1,True,256,256,0.1,28,-4.9099595008513244e-15,0
CV04,14,GFRK-04-L010,4,1,True,16,256,0.1,175,-1.5566044028427508e-14,0
CV04,14,GFRK-06-L010,6,1,True,64,256,0.1,33,-6.1596604081778854e-15,0
CV04,14,GFRK-08-L010,8,1,True,256,256,0.1,24,-3.2972060591348165e-15,0
CV04,15,GFRK-04-L010,4,1,True,16,256,0.1,175,-1.4326559547566298e-14,0
CV04,15,GFRK-06-L010,6,1,True,64,256,0.1,21,-1.2762929348687818e-15,0
CV04,15,GFRK-08-L010,8,1,True,256,256,0.1,25,-4.002565883704994e-15,0
CV04,16,GFRK-04-L010,4,1,True,16,256,0.1,175,-1.0147758994861848e-14,0
CV04,16,GFRK-06-L010,6,1,True,64,256,0.1,18,-1.3960113836599984e-15,0
CV04,16,GFRK-08-L010,8,1,True,256,256,0.1,22,-4.284817663331865e-15,0
CV04,17,GFRK-04-L010,4,1,True,16,256,0.1,175,-1.5987560620197355e-14,0
CV04,17,GFRK-06-L010,6,1,True,64,256,0.1,31,-1.795657255239998e-15,0
CV04,17,GFRK-08-L010,8,1,True,256,256,0.1,21,-3.283650459956392e-15,0
CV04,18,GFRK-04-L010,4,1,True,16,256,0.1,175,-1.713282935347654e-14,0
CV04,18,GFRK-06-L010,6,1,True,64,256,0.1,32,-1.5145587688578037e-15,0
CV04,18,GFRK-08-L010,8,1,True,256,256,0.1,23,-2.3279509213792706e-15,0
CV04,19,GFRK-04-L010,4,1,True,16,256,0.1,175,-2.15685050854655e-14,0
CV04,19,GFRK-06-L010,6,1,True,64,256,0.1,25,-1.2832557236161684e-15,0
CV04,19,GFRK-08-L010,8,1,True,256,256,0.1,22,-4.764184422722331e-15,0
CV04,20,GFRK-04-L010,4,1,True,16,256,0.1,175,-2.9156314644808934e-14,0
CV04,20,GFRK-06-L010,6,1,True,64,256,0.1,21,-3.6840406281507314e-15,0
CV04,20,GFRK-08-L010,8,1,True,256,256,0.1,23,-1.2807214199002688e-14,0
CV05,1,GFRK-04-L010,4,1,True,16,256,0.1,175,-1.7424426290111967e-14,0
CV05,1,GFRK-06-L010,6,1,True,64,256,0.1,31,-2.111836415613286e-15,0
CV05,1,GFRK-08-L010,8,1,True,256,256,0.1,33,-1.945356239641201e-15,0
CV05,2,GFRK-04-L010,4,1,True,16,256,0.1,175,-1.664116202737793e-14,0
CV05,2,GFRK-06-L010,6,1,True,64,256,0.1,21,-4.4566885349623995e-15,0
CV05,2,GFRK-08-L010,8,1,True,256,256,0.1,22,-1.0646393675643868e-15,0
CV05,3,GFRK-04-L010,4,1,True,16,256,0.1,175,-1.421315441884271e-14,0
CV05,3,GFRK-06-L010,6,1,True,64,256,0.1,23,-9.006218976879426e-15,0
CV05,3,GFRK-08-L010,8,1,True,256,256,0.1,34,-2.418324626715277e-15,0
CV05,4,GFRK-04-L010,4,1,True,16,256,0.1,175,-1.095863126816309e-14,0
CV05,4,GFRK-06-L010,6,1,True,64,256,0.1,27,-2.1439245971659295e-15,0
CV05,4,GFRK-08-L010,8,1,True,256,256,0.1,26,-1.9463049460662287e-15,0
CV05,5,GFRK-04-L010,4,1,True,16,256,0.1,175,-1.9567593063741555e-14,0
CV05,5,GFRK-06-L010,6,1,True,64,256,0.1,22,-3.034018783816093e-15,0
CV05,5,GFRK-08-L010,8,1,True,256,256,0.1,25,-1.6397981268582483e-15,0
CV05,6,GFRK-04-L010,4,1,True,16,256,0.1,175,-1.894249639905061e-14,0
CV05,6,GFRK-06-L010,6,1,True,64,256,0.1,28,-1.3642841582958656e-15,0
CV05,6,GFRK-08-L010,8,1,True,256,256,0.1,31,-2.123760553140709e-15,0
CV05,7,GFRK-04-L010,4,1,True,16,256,0.1,175,-9.554837705303271e-15,0
CV05,7,GFRK-06-L010,6,1,True,64,256,0.1,29,-1.0969231278917504e-15,0
CV05,7,GFRK-08-L010,8,1,True,256,256,0.1,29,-2.1400682985515354e-15,0
CV05,8,GFRK-04-L010,4,1,True,16,256,0.1,175,-1.533296614673864e-14,0
CV05,8,GFRK-06-L010,6,1,True,64,256,0.1,28,-1.5841099782679845e-15,0
CV05,8,GFRK-08-L010,8,1,True,256,256,0.1,25,-3.024609220279835e-15,0
CV05,9,GFRK-04-L010,4,1,True,16,256,0.1,175,-1.1248607712909197e-14,0
CV05,9,GFRK-06-L010,6,1,True,64,256,0.1,22,-1.2873489663998302e-15,0
CV05,9,GFRK-08-L010,8,1,True,256,256,0.1,25,-5.433441854979479e-15,0
CV05,10,GFRK-04-L010,4,1,True,16,256,0.1,175,-1.5804272478079664e-14,0
CV05,10,GFRK-06-L010,6,1,True,64,256,0.1,27,-4.764867272254702e-15,0
CV05,10,GFRK-08-L010,8,1,True,256,256,0.1,19,-2.0308516157885627e-15,0
CV05,11,GFRK-04-L010,4,1,True,16,256,0.1,175,-1.2483208805810171e-14,0
CV05,11,GFRK-06-L010,6,1,True,64,256,0.1,26,-1.6504367432330483e-15,0
CV05,11,GFRK-08-L010,8,1,True,256,256,0.1,30,-1.728489669978472e-15,0
CV05,12,GFRK-04-L010,4,1,True,16,256,0.1,175,-1.1123893238968913e-14,0
CV05,12,GFRK-06-L010,6,1,True,64,256,0.1,23,-1.552086756517877e-15,0
CV05,12,GFRK-08-L010,8,1,True,256,256,0.1,28,-1.3927453885820184e-15,0
CV05,13,GFRK-04-L010,4,1,True,16,256,0.1,175,-1.1340211051689537e-14,0
CV05,13,GFRK-06-L010,6,1,True,64,256,0.1,33,-1.8707122161211622e-15,0
CV05,13,GFRK-08-L010,8,1,True,256,256,0.1,22,-1.158922072830908e-15,0
CV05,14,GFRK-04-L010,4,1,True,16,256,0.1,175,-2.0646785848401905e-14,0
CV05,14,GFRK-06-L010,6,1,True,64,256,0.1,30,-1.883140423963427e-15,0
CV05,14,GFRK-08-L010,8,1,True,256,256,0.1,27,-5.760578328580662e-15,0
CV05,15,GFRK-04-L010,4,1,True,16,256,0.1,175,-1.1884043424410578e-14,0
CV05,15,GFRK-06-L010,6,1,True,64,256,0.1,31,-2.494293542780789e-15,0
CV05,15,GFRK-08-L010,8,1,True,256,256,0.1,30,-2.444519953527266e-15,0
CV05,16,GFRK-04-L010,4,1,True,16,256,0.1,175,-2.968429623435749e-14,0
CV05,16,GFRK-06-L010,6,1,True,64,256,0.1,41,-8.15096876293165e-15,0
CV05,16,GFRK-08-L010,8,1,True,256,256,0.1,21,-1.1437549394229853e-15,0
CV05,17,GFRK-04-L010,4,1,True,16,256,0.1,175,-1.3334111012674529e-14,0
CV05,17,GFRK-06-L010,6,1,True,64,256,0.1,31,-1.619611239149915e-15,0
CV05,17,GFRK-08-L010,8,1,True,256,256,0.1,28,-1.757312288951546e-15,0
CV05,18,GFRK-04-L010,4,1,True,16,256,0.1,175,-1.8883818048934858e-14,0
CV05,18,GFRK-06-L010,6,1,True,64,256,0.1,26,-1.6821384212095932e-15,0
CV05,18,GFRK-08-L010,8,1,True,256,256,0.1,18,-1.8256437503214083e-15,0
CV05,19,GFRK-04-L010,4,1,True,16,256,0.1,175,-9.096672983096774e-15,0
CV05,19,GFRK-06-L010,6,1,True,64,256,0.1,28,-2.4120278653486523e-15,0
CV05,19,GFRK-08-L010,8,1,True,256,256,0.1,25,-2.016779220967967e-15,0
CV05,20,GFRK-04-L010,4,1,True,16,256,0.1,175,-1.329024220676409e-14,0
CV05,20,GFRK-06-L010,6,1,True,64,256,0.1,18,-9.566569194550924e-15,0
CV05,20,GFRK-08-L010,8,1,True,256,256,0.1,23,-3.0846261637700184e-15,0
