stage,family_id,model_family,trial_id,trial_order,view,rung_samples,matched_qubits,seed_index,candidate_role,control_for,advancement_basis,task_key,effective_qubits,resolved_seed_index,status,training_seed,pooled_oof_rmse,pooled_oof_nrmse,unweighted_mean_fold_nrmse,mean_regret_m_s,fold_count,eligible_to_advance,task_signature,source_commit,source_split,exception_type,exception_message,calibration_rows_read,final_test_rows_read
seed_rerun,C01,ridge_elastic_net,C01-T18,18,primary,,,1,primary_candidate,,candidate,C01-T18__primary__rfull__qraw__s01,,1,complete,2215023969,0.04103006259000667,0.017520011540155558,0.015337187941895855,15.59510332567641,5,True,f089f74a54c6eba19b5d1e161c9663d203dad0a57de361d5c5c50cb756bcdba2,6e5a6202eec486e88af6b969f6af86571fb0ce32,development,,,0,0
seed_rerun,C01,ridge_elastic_net,C01-T18,18,primary,,,2,primary_candidate,,candidate,C01-T18__primary__rfull__qraw__s02,,2,complete,1913486466,0.04103006259000667,0.017520011540155558,0.015337187941895855,15.59510332567641,5,True,9bb887f9229679430dc1f2d81bb44cf187ae979fb13314341348892f7ff36e65,6e5a6202eec486e88af6b969f6af86571fb0ce32,development,,,0,0
seed_rerun,C01,ridge_elastic_net,C01-T18,18,primary,,,3,primary_candidate,,candidate,C01-T18__primary__rfull__qraw__s03,,3,complete,3541654860,0.04103006259000667,0.017520011540155558,0.015337187941895855,15.597667428240513,5,True,284e30b3205d46e6c2a50a2f53553d58dd92b4fbfe9870396d1e7f114374e69a,6e5a6202eec486e88af6b969f6af86571fb0ce32,development,,,0,0
seed_rerun,C01,ridge_elastic_net,C01-T18,18,primary,,,4,primary_candidate,,candidate,C01-T18__primary__rfull__qraw__s04,,4,complete,3875691749,0.04103006259000667,0.017520011540155558,0.015337187941895855,15.597667428240513,5,True,d1f007d7a61622dfc7e65f18ad612b7dcd53409007e8afbb14bc0c84fcd988e3,6e5a6202eec486e88af6b969f6af86571fb0ce32,development,,,0,0
seed_rerun,C01,ridge_elastic_net,C01-T18,18,primary,,,5,primary_candidate,,candidate,C01-T18__primary__rfull__qraw__s05,,5,complete,1404528401,0.04103006259000667,0.017520011540155558,0.015337187941895855,15.597667428240513,5,True,08243c0c763da417ae5bbdeefc8e204a90e31cb592bf9478f150153d291f831c,6e5a6202eec486e88af6b969f6af86571fb0ce32,development,,,0,0
seed_rerun,C01,ridge_elastic_net,C01-T18,18,primary,,,6,primary_candidate,,candidate,C01-T18__primary__rfull__qraw__s06,,6,complete,1222615523,0.04103006259000667,0.017520011540155558,0.015337187941895855,15.59510332567641,5,True,c1e98f3214f8ee8682b60d5198d19e35df8dee2bde05a14cfd3e8437870e70dc,6e5a6202eec486e88af6b969f6af86571fb0ce32,development,,,0,0
seed_rerun,C01,ridge_elastic_net,C01-T18,18,primary,,,7,primary_candidate,,candidate,C01-T18__primary__rfull__qraw__s07,,7,complete,2629060497,0.04103006259000667,0.017520011540155558,0.015337187941895855,15.59510332567641,5,True,508dedc697548510afab66131363c99342a508ea32b0bd0056b5ccea7f212c61,6e5a6202eec486e88af6b969f6af86571fb0ce32,development,,,0,0
seed_rerun,C01,ridge_elastic_net,C01-T18,18,primary,,,8,primary_candidate,,candidate,C01-T18__primary__rfull__qraw__s08,,8,complete,3570788148,0.04103006259000667,0.017520011540155558,0.015337187941895855,15.59510332567641,5,True,ee9fc557594e357bbeec86cd23760aa90c5381d3aaebe2c8a7da6f8f2f59a8c6,6e5a6202eec486e88af6b969f6af86571fb0ce32,development,,,0,0
seed_rerun,C01,ridge_elastic_net,C01-T18,18,primary,,,9,primary_candidate,,candidate,C01-T18__primary__rfull__qraw__s09,,9,complete,4259321452,0.04103006259000667,0.017520011540155558,0.015337187941895855,15.59510332567641,5,True,a97c4245e78ac2a9b82cde7cfaf5d0933b2ef71ab0f386fd7da43a8382293757,6e5a6202eec486e88af6b969f6af86571fb0ce32,development,,,0,0
seed_rerun,C01,ridge_elastic_net,C01-T18,18,primary,,,10,primary_candidate,,candidate,C01-T18__primary__rfull__qraw__s10,,10,complete,2391688581,0.04103006259000667,0.017520011540155558,0.015337187941895855,15.59510332567641,5,True,4fb7053c1339bb79006b3eb8c104f0a2acbd8257a3b173276b30f93331652c7d,6e5a6202eec486e88af6b969f6af86571fb0ce32,development,,,0,0
seed_rerun,C01,ridge_elastic_net,C01-T18,18,primary,,,11,primary_candidate,,candidate,C01-T18__primary__rfull__qraw__s11,,11,complete,4045607752,0.04103006259000667,0.017520011540155558,0.015337187941895855,15.59510332567641,5,True,63745d5dfc9535d7cc0d8e2d05142890d346b236c265f698fd2514acddfa1265,6e5a6202eec486e88af6b969f6af86571fb0ce32,development,,,0,0
seed_rerun,C01,ridge_elastic_net,C01-T18,18,primary,,,12,primary_candidate,,candidate,C01-T18__primary__rfull__qraw__s12,,12,complete,496516663,0.04103006259000667,0.017520011540155558,0.015337187941895855,15.597667428240513,5,True,5e44c08b515844a1625835e87e8ac7ed0b985770cb2a79e95d7390fb7ce29340,6e5a6202eec486e88af6b969f6af86571fb0ce32,development,,,0,0
seed_rerun,C01,ridge_elastic_net,C01-T18,18,primary,,,13,primary_candidate,,candidate,C01-T18__primary__rfull__qraw__s13,,13,complete,3582365401,0.04103006259000667,0.017520011540155558,0.015337187941895855,15.59510332567641,5,True,e52fcefa29f08a195fbe11ae44548a25ef086b5f49885df4c6c3b169eee1c734,6e5a6202eec486e88af6b969f6af86571fb0ce32,development,,,0,0
seed_rerun,C01,ridge_elastic_net,C01-T18,18,primary,,,14,primary_candidate,,candidate,C01-T18__primary__rfull__qraw__s14,,14,complete,169980759,0.04103006259000667,0.017520011540155558,0.015337187941895855,15.59510332567641,5,True,6cb9e8bcd57604b1f3e1b9dfbdd4b28b1d0c306b7871d88df8bcea8c5490c696,6e5a6202eec486e88af6b969f6af86571fb0ce32,development,,,0,0
seed_rerun,C01,ridge_elastic_net,C01-T18,18,primary,,,15,primary_candidate,,candidate,C01-T18__primary__rfull__qraw__s15,,15,complete,2842242911,0.04103006259000667,0.017520011540155558,0.015337187941895855,15.59510332567641,5,True,ba61feeaf6f3b355f2b343bb71edca6873b37a3a6cc84da69c1fe91361995b9c,6e5a6202eec486e88af6b969f6af86571fb0ce32,development,,,0,0
seed_rerun,C01,ridge_elastic_net,C01-T18,18,primary,,,16,primary_candidate,,candidate,C01-T18__primary__rfull__qraw__s16,,16,complete,3581407679,0.04103006259000667,0.017520011540155558,0.015337187941895855,15.59510332567641,5,True,a124c72d24a205785996e4a129ff4ef123faa294cc727e03ea36ab0e9518ac76,6e5a6202eec486e88af6b969f6af86571fb0ce32,development,,,0,0
seed_rerun,C01,ridge_elastic_net,C01-T18,18,primary,,,17,primary_candidate,,candidate,C01-T18__primary__rfull__qraw__s17,,17,complete,3315654108,0.04103006259000667,0.017520011540155558,0.015337187941895855,15.59510332567641,5,True,a428da36d4c7fc1d08cc5431803f92dc0e5a16dd923eb75fca2c835c9664ae3f,6e5a6202eec486e88af6b969f6af86571fb0ce32,development,,,0,0
seed_rerun,C01,ridge_elastic_net,C01-T18,18,primary,,,18,primary_candidate,,candidate,C01-T18__primary__rfull__qraw__s18,,18,complete,1166092537,0.04103006259000667,0.017520011540155558,0.015337187941895855,15.59510332567641,5,True,32d9399da5cdfc1ff1a1fde2c96ebd4fb7ad1e275d10b30d7b82eb79f31b04a3,6e5a6202eec486e88af6b969f6af86571fb0ce32,development,,,0,0
seed_rerun,C01,ridge_elastic_net,C01-T18,18,primary,,,19,primary_candidate,,candidate,C01-T18__primary__rfull__qraw__s19,,19,complete,2027696698,0.04103006259000667,0.017520011540155558,0.015337187941895855,15.59510332567641,5,True,84ccb035e64b45e5e53d08408dcfdfffdec52131eb64fb972110472211c44f16,6e5a6202eec486e88af6b969f6af86571fb0ce32,development,,,0,0
seed_rerun,C01,ridge_elastic_net,C01-T18,18,primary,,,20,primary_candidate,,candidate,C01-T18__primary__rfull__qraw__s20,,20,complete,621220452,0.04103006259000667,0.017520011540155558,0.015337187941895855,15.597667428240513,5,True,12f40bab37bfa4b61f9ce423d042432a67ed8a168587803c3fd685974fdda493,6e5a6202eec486e88af6b969f6af86571fb0ce32,development,,,0,0
seed_rerun,C02,extra_trees,C02-T02,2,primary,,,1,primary_candidate,,candidate,C02-T02__primary__rfull__qraw__s01,,1,complete,4043007294,0.023241816053434852,0.009924354479769394,0.00811583405990491,17.539993561822307,5,True,382ad2e56456384bc0533fae05fbfb8f613955830be32bb8fb6580d2a6229e3f,6e5a6202eec486e88af6b969f6af86571fb0ce32,development,,,0,0
seed_rerun,C02,extra_trees,C02-T02,2,primary,,,2,primary_candidate,,candidate,C02-T02__primary__rfull__qraw__s02,,2,complete,1636831659,0.02287817262298813,0.009769077185615812,0.007969604362123111,17.486335525093846,5,True,2a7d3348dc4ca3b38c1fa520ae6def2033516ef5e53ff6440c4e88149595e2af,6e5a6202eec486e88af6b969f6af86571fb0ce32,development,,,0,0
seed_rerun,C02,extra_trees,C02-T02,2,primary,,,3,primary_candidate,,candidate,C02-T02__primary__rfull__qraw__s03,,3,complete,4083995065,0.023502952699322354,0.01003586094017194,0.008205683691498957,17.532382838358078,5,True,46d10eb20acf279eef2b41df323a1253385132df0f6831d81cd0ba932773c3d1,6e5a6202eec486e88af6b969f6af86571fb0ce32,development,,,0,0
seed_rerun,C02,extra_trees,C02-T02,2,primary,,,4,primary_candidate,,candidate,C02-T02__primary__rfull__qraw__s04,,4,complete,1591363295,0.023038592831520974,0.009837577298151691,0.008024194490739215,17.575941892813717,5,True,8ff2af5e8ec8f54831071f0bd8a939540f14976fff9716c78ea1cc8d9e48025c,6e5a6202eec486e88af6b969f6af86571fb0ce32,development,,,0,0
seed_rerun,C02,extra_trees,C02-T02,2,primary,,,5,primary_candidate,,candidate,C02-T02__primary__rfull__qraw__s05,,5,complete,36554255,0.02345863326678715,0.010016936353650372,0.008177197824390876,17.534891827199232,5,True,c23c469c822094e5d3ebb259bf3d4458c02c7d3b1c76e6cbea1c32982f27a7dc,6e5a6202eec486e88af6b969f6af86571fb0ce32,development,,,0,0
seed_rerun,C02,extra_trees,C02-T02,2,primary,,,6,primary_candidate,,candidate,C02-T02__primary__rfull__qraw__s06,,6,complete,2123571934,0.023520873361299828,0.010043513139189764,0.008208309658126784,17.555434362167055,5,True,60bbd0c55ccff8706c51af572aa5a681f71f42d302c409b3eb849f928b7705b7,6e5a6202eec486e88af6b969f6af86571fb0ce32,development,,,0,0
seed_rerun,C02,extra_trees,C02-T02,2,primary,,,7,primary_candidate,,candidate,C02-T02__primary__rfull__qraw__s07,,7,complete,1552398233,0.023165043427402048,0.009891572241353059,0.008060474038112834,17.552861553863206,5,True,abbbe3d6a5f87a0f1d4d842bec5444463f07223f4160a0784c505fddbc63128e,6e5a6202eec486e88af6b969f6af86571fb0ce32,development,,,0,0
seed_rerun,C02,extra_trees,C02-T02,2,primary,,,8,primary_candidate,,candidate,C02-T02__primary__rfull__qraw__s08,,8,complete,4112244810,0.023191988668546215,0.009903077974125521,0.008085077250569084,17.555459515676926,5,True,6b6d0834ee0a8c9da4984f2c6adecd97e1d1eb89a0fab5655eda3c28ef6b1d9d,6e5a6202eec486e88af6b969f6af86571fb0ce32,development,,,0,0
seed_rerun,C02,extra_trees,C02-T02,2,primary,,,9,primary_candidate,,candidate,C02-T02__primary__rfull__qraw__s09,,9,complete,259461614,0.02343545990521851,0.01000704122952727,0.008173832401463153,17.540079547187563,5,True,67b2e6faaa263af231217275839669be9037bc10930dd0f55409bae2504f6141,6e5a6202eec486e88af6b969f6af86571fb0ce32,development,,,0,0
seed_rerun,C02,extra_trees,C02-T02,2,primary,,,10,primary_candidate,,candidate,C02-T02__primary__rfull__qraw__s10,,10,complete,1196424725,0.023002814697094524,0.009822299882313935,0.008010899165062476,17.550286293705256,5,True,51418301956cca7a755a39a121e4423fb7a1c3423f9420497ae4c008ec8dd4b8,6e5a6202eec486e88af6b969f6af86571fb0ce32,development,,,0,0
seed_rerun,C02,extra_trees,C02-T02,2,primary,,,11,primary_candidate,,candidate,C02-T02__primary__rfull__qraw__s11,,11,complete,3222826281,0.02288458208687889,0.00977181405400557,0.007979307666407698,17.55287719910654,5,True,5eedf38a8b9c4a744ac5bfe4689074ed8f61fc8bae2073010e0d73a730135be8,6e5a6202eec486e88af6b969f6af86571fb0ce32,development,,,0,0
seed_rerun,C02,extra_trees,C02-T02,2,primary,,,12,primary_candidate,,candidate,C02-T02__primary__rfull__qraw__s12,,12,complete,1120977972,0.023360261341778904,0.00997493112254474,0.008126287079838704,17.53747857702577,5,True,159c1362c7c5263292df9a371aca86b93c179efa2968bfb5a57a237eee5f649f,6e5a6202eec486e88af6b969f6af86571fb0ce32,development,,,0,0
seed_rerun,C02,extra_trees,C02-T02,2,primary,,,13,primary_candidate,,candidate,C02-T02__primary__rfull__qraw__s13,,13,complete,1721146822,0.023446281343607496,0.010011662029825593,0.008193465898174272,17.532338554223717,5,True,dbebd1d65ca8acd92242975288849a3a086e3a07e52a70c2525b976178efb3a9,6e5a6202eec486e88af6b969f6af86571fb0ce32,development,,,0,0
seed_rerun,C02,extra_trees,C02-T02,2,primary,,,14,primary_candidate,,candidate,C02-T02__primary__rfull__qraw__s14,,14,complete,2668767513,0.023726672561072536,0.010131390274328496,0.008319585328118263,17.560562520661154,5,True,3df4be3d6a4c5ae5b26d2fb3146351843426d8f731a47fb08c3bd98be119ba08,6e5a6202eec486e88af6b969f6af86571fb0ce32,development,,,0,0
seed_rerun,C02,extra_trees,C02-T02,2,primary,,,15,primary_candidate,,candidate,C02-T02__primary__rfull__qraw__s15,,15,complete,4189574496,0.023697076943774858,0.010118752819646191,0.00827730345034696,17.53235740720859,5,True,4a9e3ac12bb897a6d219b538963a58a029c1e397e416d0f7eadb8676cd7a4800,6e5a6202eec486e88af6b969f6af86571fb0ce32,development,,,0,0
seed_rerun,C02,extra_trees,C02-T02,2,primary,,,16,primary_candidate,,candidate,C02-T02__primary__rfull__qraw__s16,,16,complete,2748344904,0.023514808191578248,0.01004092328587716,0.008210674964201805,17.55794796626013,5,True,a953bf4314c8b996c73426284c5a0598fdffcd5c98f1bbbd5ff493a8467bf093,6e5a6202eec486e88af6b969f6af86571fb0ce32,development,,,0,0
seed_rerun,C02,extra_trees,C02-T02,2,primary,,,17,primary_candidate,,candidate,C02-T02__primary__rfull__qraw__s17,,17,complete,2713854999,0.023569991863330197,0.010064486948832864,0.008233422788589172,17.57334497392731,5,True,d76de37285e4d75b18f55e7adf5e122c0bb2325228cfbfb2fcf7270ebd9d536d,6e5a6202eec486e88af6b969f6af86571fb0ce32,development,,,0,0
seed_rerun,C02,extra_trees,C02-T02,2,primary,,,18,primary_candidate,,candidate,C02-T02__primary__rfull__qraw__s18,,18,complete,1228917143,0.023667332412160458,0.010106051777916175,0.008261855519471978,17.55031298884449,5,True,127e0fde63eafe3d9f1457acdfb61b9f3301a98c17f1e7fce12821277a455047,6e5a6202eec486e88af6b969f6af86571fb0ce32,development,,,0,0
seed_rerun,C02,extra_trees,C02-T02,2,primary,,,19,primary_candidate,,candidate,C02-T02__primary__rfull__qraw__s19,,19,complete,1773604042,0.022916634705244694,0.009785500658612355,0.008013508266394829,17.493858767727694,5,True,8fbdac88bdd219f9cf5a02df71875951b155b466f6fd000e5e02678fdcdcb600,6e5a6202eec486e88af6b969f6af86571fb0ce32,development,,,0,0
seed_rerun,C02,extra_trees,C02-T02,2,primary,,,20,primary_candidate,,candidate,C02-T02__primary__rfull__qraw__s20,,20,complete,457230165,0.022818012594226292,0.009743388597014433,0.00793408644124629,17.47848748297808,5,True,e87723549eb596e301a659b642279a0884244596ba6a92387025521811f411f9,6e5a6202eec486e88af6b969f6af86571fb0ce32,development,,,0,0
seed_rerun,C03,histogram_gradient_boosting,C03-T13,13,primary,,,1,primary_candidate,,candidate,C03-T13__primary__rfull__qraw__s01,,1,complete,4036397395,0.06445897568269005,0.02752425725283673,0.01868195871226044,16.94509466263141,5,True,bf6a2a4234bc7b5feb591d2bd0c9f14ea54eaeaa5194e013961c754f71d7760e,6e5a6202eec486e88af6b969f6af86571fb0ce32,development,,,0,0
seed_rerun,C03,histogram_gradient_boosting,C03-T13,13,primary,,,2,primary_candidate,,candidate,C03-T13__primary__rfull__qraw__s02,,2,complete,3232303601,0.0680715262571109,0.02906683173988283,0.019101800767857148,17.106619202227822,5,True,cce37ff360e5e1c1b105875e8723ca05314647125470275abea60453c220fe12,6e5a6202eec486e88af6b969f6af86571fb0ce32,development,,,0,0
seed_rerun,C03,histogram_gradient_boosting,C03-T13,13,primary,,,3,primary_candidate,,candidate,C03-T13__primary__rfull__qraw__s03,,3,complete,493746214,0.061659615931173466,0.026328918711882057,0.017822687524947804,17.21147239279295,5,True,1278e7b8f10f3ba64df973fbdc64360fd0cd76bf5b25c388e099598d13347f9e,6e5a6202eec486e88af6b969f6af86571fb0ce32,development,,,0,0
seed_rerun,C03,histogram_gradient_boosting,C03-T13,13,primary,,,4,primary_candidate,,candidate,C03-T13__primary__rfull__qraw__s04,,4,complete,1057329490,0.049559932271665524,0.0211623022369064,0.015684022498143484,17.196497425947822,5,True,c9646aab38448371c3af8b8d9f9fd4c2645690a9091a1dc8797d2e2a31e01354,6e5a6202eec486e88af6b969f6af86571fb0ce32,development,,,0,0
seed_rerun,C03,histogram_gradient_boosting,C03-T13,13,primary,,,5,primary_candidate,,candidate,C03-T13__primary__rfull__qraw__s05,,5,complete,1698264898,0.06246178711432434,0.02667144922484809,0.017995873252084203,17.00645649848436,5,True,45e6bf26ad43abe1ebe6dc414417a6615e3a29d12f71b5cbf599dd8b5bfa1727,6e5a6202eec486e88af6b969f6af86571fb0ce32,development,,,0,0
seed_rerun,C03,histogram_gradient_boosting,C03-T13,13,primary,,,6,primary_candidate,,candidate,C03-T13__primary__rfull__qraw__s06,,6,complete,6489584,0.06048100809027433,0.02582564814219738,0.017985458333217675,17.221810525355252,5,True,5c9b79cf6260f8dfcee8b2f6f624b3ab9900d7edb4e913eb195d999cfe3b3ab8,6e5a6202eec486e88af6b969f6af86571fb0ce32,development,,,0,0
seed_rerun,C03,histogram_gradient_boosting,C03-T13,13,primary,,,7,primary_candidate,,candidate,C03-T13__primary__rfull__qraw__s07,,7,complete,2635756080,0.05523482501911672,0.02358550561872883,0.017037666330222197,16.86630044909154,5,True,25c832367a4d2849413cd3dd93d03b2a287791590e87e5cf5ee22522371f89de,6e5a6202eec486e88af6b969f6af86571fb0ce32,development,,,0,0
seed_rerun,C03,histogram_gradient_boosting,C03-T13,13,primary,,,8,primary_candidate,,candidate,C03-T13__primary__rfull__qraw__s08,,8,complete,3799402430,0.05149824084136392,0.021989968254597765,0.015842996159463704,17.019435449853464,5,True,f3b6591fb0aafaa088afe450b4eaf6586ff76d2e6a677daac5830b085801221f,6e5a6202eec486e88af6b969f6af86571fb0ce32,development,,,0,0
seed_rerun,C03,histogram_gradient_boosting,C03-T13,13,primary,,,9,primary_candidate,,candidate,C03-T13__primary__rfull__qraw__s09,,9,complete,2367526162,0.06618421433980891,0.028260941510042978,0.018715103267652983,17.101516479573593,5,True,1472aac578414376480b69e1676f945c22bb4404cb0c27cc89385dc6ba582e97,6e5a6202eec486e88af6b969f6af86571fb0ce32,development,,,0,0
seed_rerun,C03,histogram_gradient_boosting,C03-T13,13,primary,,,10,primary_candidate,,candidate,C03-T13__primary__rfull__qraw__s10,,10,complete,3402374354,0.05838963668868514,0.024932623643143404,0.017325678848860222,17.024824720183076,5,True,40153d87848952bb1c3827233292a427fa2e3b961299681beec04f07c099ddb7,6e5a6202eec486e88af6b969f6af86571fb0ce32,development,,,0,0
seed_rerun,C03,histogram_gradient_boosting,C03-T13,13,primary,,,11,primary_candidate,,candidate,C03-T13__primary__rfull__qraw__s11,,11,complete,503801901,0.05638830253152139,0.02407804543107515,0.017085993180913174,17.06599699324013,5,True,0ea9b857850b5085b92543ce5bd8810be35b83f0515572624945c6df2f78fa10,6e5a6202eec486e88af6b969f6af86571fb0ce32,development,,,0,0
seed_rerun,C03,histogram_gradient_boosting,C03-T13,13,primary,,,12,primary_candidate,,candidate,C03-T13__primary__rfull__qraw__s12,,12,complete,4083473290,0.0566161152345161,0.024175322425881236,0.01713203425284711,17.150436191968335,5,True,eab45e9838b69806c29f863aea5ec214b3470d78e0228e4cce9918de4cc70a5e,6e5a6202eec486e88af6b969f6af86571fb0ce32,development,,,0,0
seed_rerun,C03,histogram_gradient_boosting,C03-T13,13,primary,,,13,primary_candidate,,candidate,C03-T13__primary__rfull__qraw__s13,,13,complete,3021564663,0.048295830201062075,0.02062252526687806,0.01553203036992028,17.10463080392231,5,True,30f31679719834c2dda8d868ef22c5fa440aa0df6c28f92bc62545cc082869e3,6e5a6202eec486e88af6b969f6af86571fb0ce32,development,,,0,0
seed_rerun,C03,histogram_gradient_boosting,C03-T13,13,primary,,,14,primary_candidate,,candidate,C03-T13__primary__rfull__qraw__s14,,14,complete,1811656990,0.05951551626231532,0.025413379018048205,0.017428846767795415,17.04783875268859,5,True,2397b26d6becbb20f3000b959ccf2440ad401dec758f890e7c1ef95911bcbbc8,6e5a6202eec486e88af6b969f6af86571fb0ce32,development,,,0,0
seed_rerun,C03,histogram_gradient_boosting,C03-T13,13,primary,,,15,primary_candidate,,candidate,C03-T13__primary__rfull__qraw__s15,,15,complete,1551903551,0.05748520435187796,0.024546427181868422,0.016963504814834867,17.147586850319616,5,True,113d8b23c9dccd992e2f8e8363bceaeb5d10a5d15f54276517ba6cd59a90a1d4,6e5a6202eec486e88af6b969f6af86571fb0ce32,development,,,0,0
seed_rerun,C03,histogram_gradient_boosting,C03-T13,13,primary,,,16,primary_candidate,,candidate,C03-T13__primary__rfull__qraw__s16,,16,complete,1096281820,0.0532544732278581,0.022739886966300322,0.016387256406162738,16.870782834633847,5,True,acf33c569363986922b89d70cd8426e3334be33f86835e0c6eeaded864deed98,6e5a6202eec486e88af6b969f6af86571fb0ce32,development,,,0,0
seed_rerun,C03,histogram_gradient_boosting,C03-T13,13,primary,,,17,primary_candidate,,candidate,C03-T13__primary__rfull__qraw__s17,,17,complete,512960858,0.054016689534813284,0.023065356576897556,0.016840681944647506,17.004160108998207,5,True,227f5378b7bdd3aa8311097043683cfe08d04d4fdfdd17e1d282e2b40affc2f3,6e5a6202eec486e88af6b969f6af86571fb0ce32,development,,,0,0
seed_rerun,C03,histogram_gradient_boosting,C03-T13,13,primary,,,18,primary_candidate,,candidate,C03-T13__primary__rfull__qraw__s18,,18,complete,381420683,0.05292032579484635,0.022597204588723226,0.016385578350221107,17.037417361529872,5,True,e5abe2136098d03dab45898e6ce1c63c88045818358813387bcb99f525b4f96b,6e5a6202eec486e88af6b969f6af86571fb0ce32,development,,,0,0
seed_rerun,C03,histogram_gradient_boosting,C03-T13,13,primary,,,19,primary_candidate,,candidate,C03-T13__primary__rfull__qraw__s19,,19,complete,3053195310,0.059451261878968924,0.025385942122594662,0.01765832240999999,17.127027925738975,5,True,4d9e2ad0e2d0d80b8423a67b085407151b5706a9f7a89acec9fa4eb2115d1774,6e5a6202eec486e88af6b969f6af86571fb0ce32,development,,,0,0
seed_rerun,C03,histogram_gradient_boosting,C03-T13,13,primary,,,20,primary_candidate,,candidate,C03-T13__primary__rfull__qraw__s20,,20,complete,1562543063,0.05761156808556145,0.02460038503454133,0.017036983009378562,17.083572510430898,5,True,fe4792e4e17b0218097b468657397c8769fa173e93ac347e69212e39dc9ccb18,6e5a6202eec486e88af6b969f6af86571fb0ce32,development,,,0,0
seed_rerun,C04,sparse_gaussian_process,C04-T28,28,primary,,,1,primary_candidate,,candidate,C04-T28__primary__rfull__qraw__s01,,1,complete,594372400,0.16302195366790917,0.069611068793644,0.052012880193856595,19.907692307692308,5,True,60ba345632a9f7303035fc4b02b3943779c6c33ade2f3d0ecfb9d9023018b9d5,6e5a6202eec486e88af6b969f6af86571fb0ce32,development,,,0,0
seed_rerun,C04,sparse_gaussian_process,C04-T28,28,primary,,,2,primary_candidate,,candidate,C04-T28__primary__rfull__qraw__s02,,2,complete,1354658689,0.16302195366790917,0.069611068793644,0.052012880193856595,19.907692307692308,5,True,1e282bb7d797c7d3affe694816f521f74d4c3491d4366d8bd37d947204dec989,6e5a6202eec486e88af6b969f6af86571fb0ce32,development,,,0,0
seed_rerun,C04,sparse_gaussian_process,C04-T28,28,primary,,,3,primary_candidate,,candidate,C04-T28__primary__rfull__qraw__s03,,3,complete,3005545657,0.16302195366790917,0.069611068793644,0.052012880193856595,19.907692307692308,5,True,024063e3dd57fbda6fd004269c160923c49818394035dd1d167d39708621f130,6e5a6202eec486e88af6b969f6af86571fb0ce32,development,,,0,0
seed_rerun,C04,sparse_gaussian_process,C04-T28,28,primary,,,4,primary_candidate,,candidate,C04-T28__primary__rfull__qraw__s04,,4,complete,4128375358,0.16302195366790917,0.069611068793644,0.052012880193856595,19.907692307692308,5,True,51a90a45028567861dc1249e8784e632993162928d48453eaffff6660b01b21f,6e5a6202eec486e88af6b969f6af86571fb0ce32,development,,,0,0
seed_rerun,C04,sparse_gaussian_process,C04-T28,28,primary,,,5,primary_candidate,,candidate,C04-T28__primary__rfull__qraw__s05,,5,complete,2266733610,0.16302195366790917,0.069611068793644,0.052012880193856595,19.907692307692308,5,True,e91188c26ebba2af9e85a59b62c94f3c1c21d0fe08f657654006d7ae4d576ada,6e5a6202eec486e88af6b969f6af86571fb0ce32,development,,,0,0
seed_rerun,C04,sparse_gaussian_process,C04-T28,28,primary,,,6,primary_candidate,,candidate,C04-T28__primary__rfull__qraw__s06,,6,complete,199124523,0.16302195366790917,0.069611068793644,0.052012880193856595,19.907692307692308,5,True,d2a6579fbdab9dde498b45f42eafc2adac57b2db7dbc9ab24f86448411ba12b8,6e5a6202eec486e88af6b969f6af86571fb0ce32,development,,,0,0
seed_rerun,C04,sparse_gaussian_process,C04-T28,28,primary,,,7,primary_candidate,,candidate,C04-T28__primary__rfull__qraw__s07,,7,complete,3316750429,0.16302195366790917,0.069611068793644,0.052012880193856595,19.907692307692308,5,True,ec55ddacfbd7c31cd31d5b9433e33728e379b5a5298e4d76ef7159926871e49c,6e5a6202eec486e88af6b969f6af86571fb0ce32,development,,,0,0
seed_rerun,C04,sparse_gaussian_process,C04-T28,28,primary,,,8,primary_candidate,,candidate,C04-T28__primary__rfull__qraw__s08,,8,complete,3771737914,0.16302195366790917,0.069611068793644,0.052012880193856595,19.907692307692308,5,True,8b70558c85893039447722cf7cc4bb8065a57114252bd76069ec79cff0bcba60,6e5a6202eec486e88af6b969f6af86571fb0ce32,development,,,0,0
seed_rerun,C04,sparse_gaussian_process,C04-T28,28,primary,,,9,primary_candidate,,candidate,C04-T28__primary__rfull__qraw__s09,,9,complete,1627626466,0.16302195366790917,0.069611068793644,0.052012880193856595,19.907692307692308,5,True,722f4861e84005cd1281ca68fa84d0a2fe9e598272db2412e11e6f9157dd9fbb,6e5a6202eec486e88af6b969f6af86571fb0ce32,development,,,0,0
seed_rerun,C04,sparse_gaussian_process,C04-T28,28,primary,,,10,primary_candidate,,candidate,C04-T28__primary__rfull__qraw__s10,,10,complete,3071018956,0.16302195366790917,0.069611068793644,0.052012880193856595,19.907692307692308,5,True,7ec6a603dc69f333ae4ef1a99679a435a0519997a24843253e58568653532e99,6e5a6202eec486e88af6b969f6af86571fb0ce32,development,,,0,0
seed_rerun,C04,sparse_gaussian_process,C04-T28,28,primary,,,11,primary_candidate,,candidate,C04-T28__primary__rfull__qraw__s11,,11,complete,1603464651,0.16302195366790917,0.069611068793644,0.052012880193856595,19.907692307692308,5,True,24df3220d0e593abd1c6bf58ef95eb09ca46d45050ebe7f299d4cdbd83c51071,6e5a6202eec486e88af6b969f6af86571fb0ce32,development,,,0,0
seed_rerun,C04,sparse_gaussian_process,C04-T28,28,primary,,,12,primary_candidate,,candidate,C04-T28__primary__rfull__qraw__s12,,12,complete,3971932203,0.16302195366790917,0.069611068793644,0.052012880193856595,19.907692307692308,5,True,3a6cfcadd7cd65e58578be07c790f5682a5946f94cdaf6881b8ce4e148b37d42,6e5a6202eec486e88af6b969f6af86571fb0ce32,development,,,0,0
seed_rerun,C04,sparse_gaussian_process,C04-T28,28,primary,,,13,primary_candidate,,candidate,C04-T28__primary__rfull__qraw__s13,,13,complete,3021227701,0.16302195366790917,0.069611068793644,0.052012880193856595,19.907692307692308,5,True,94d88e9a912aa547bb2eba97341cdc9dea930b5851bbad88b1c7dd8f9cbfdc58,6e5a6202eec486e88af6b969f6af86571fb0ce32,development,,,0,0
seed_rerun,C04,sparse_gaussian_process,C04-T28,28,primary,,,14,primary_candidate,,candidate,C04-T28__primary__rfull__qraw__s14,,14,complete,3658720776,0.16302195366790917,0.069611068793644,0.052012880193856595,19.907692307692308,5,True,9aca38bb03c8a76c70dab3ee252fce46d1b65d862c0757c13e3f55f4f360e3a3,6e5a6202eec486e88af6b969f6af86571fb0ce32,development,,,0,0
seed_rerun,C04,sparse_gaussian_process,C04-T28,28,primary,,,15,primary_candidate,,candidate,C04-T28__primary__rfull__qraw__s15,,15,complete,468610176,0.16302195366790917,0.069611068793644,0.052012880193856595,19.907692307692308,5,True,5908f73637e90a20f246615875c06a7661b4b3bdd77894cc6a8a6774d8467f40,6e5a6202eec486e88af6b969f6af86571fb0ce32,development,,,0,0
seed_rerun,C04,sparse_gaussian_process,C04-T28,28,primary,,,16,primary_candidate,,candidate,C04-T28__primary__rfull__qraw__s16,,16,complete,3130363430,0.16302195366790917,0.069611068793644,0.052012880193856595,19.907692307692308,5,True,d3748606386644048dedc01ac5483c1d80dbfb123b2dc95c8fcf15b151596616,6e5a6202eec486e88af6b969f6af86571fb0ce32,development,,,0,0
seed_rerun,C04,sparse_gaussian_process,C04-T28,28,primary,,,17,primary_candidate,,candidate,C04-T28__primary__rfull__qraw__s17,,17,complete,2920419554,0.16302195366790917,0.069611068793644,0.052012880193856595,19.907692307692308,5,True,c6d372d647182e6162e75bb28295cf547b3d1e278c766d50fd72eae120cb94d1,6e5a6202eec486e88af6b969f6af86571fb0ce32,development,,,0,0
seed_rerun,C04,sparse_gaussian_process,C04-T28,28,primary,,,18,primary_candidate,,candidate,C04-T28__primary__rfull__qraw__s18,,18,complete,1368950121,0.16302195366790917,0.069611068793644,0.052012880193856595,19.907692307692308,5,True,3f6d8cba29b67905307e2555ef772913762d0a7eac2376223efd4bfac8b1e8df,6e5a6202eec486e88af6b969f6af86571fb0ce32,development,,,0,0
seed_rerun,C04,sparse_gaussian_process,C04-T28,28,primary,,,19,primary_candidate,,candidate,C04-T28__primary__rfull__qraw__s19,,19,complete,836287677,0.16302195366790917,0.069611068793644,0.052012880193856595,19.907692307692308,5,True,06440024b373810942ac88dccaccf02bec77cde8908ad251a420798a737a5b3b,6e5a6202eec486e88af6b969f6af86571fb0ce32,development,,,0,0
seed_rerun,C04,sparse_gaussian_process,C04-T28,28,primary,,,20,primary_candidate,,candidate,C04-T28__primary__rfull__qraw__s20,,20,complete,1266800415,0.16302195366790917,0.069611068793644,0.052012880193856595,19.907692307692308,5,True,503c68e5dc132d8266148a3803a8baa6c15c9eaffc59c7e25ceba70498dcc8a8,6e5a6202eec486e88af6b969f6af86571fb0ce32,development,,,0,0
seed_rerun,C05,multilayer_perceptron,C05-T12,12,primary,,,1,primary_candidate,,candidate,C05-T12__primary__rfull__qraw__s01,,1,complete,3725509441,0.6455934955180448,0.2756711732260526,0.2288070542042123,17.117812689296283,5,True,b13aeee37cdeaed80b7f2a525053f6b823849473af0fd541863b7ab9a0904492,6e5a6202eec486e88af6b969f6af86571fb0ce32,development,,,0,0
seed_rerun,C05,multilayer_perceptron,C05-T12,12,primary,,,2,primary_candidate,,candidate,C05-T12__primary__rfull__qraw__s02,,2,complete,3197536213,0.4170882288737602,0.17809845079083836,0.17884443422679933,18.491423720609614,5,True,d7b5893aa3a3e23d8c38cba8f634eaeabd4cf9246b61684fa8dbde7e5b8de282,6e5a6202eec486e88af6b969f6af86571fb0ce32,development,,,0,0
seed_rerun,C05,multilayer_perceptron,C05-T12,12,primary,,,3,primary_candidate,,candidate,C05-T12__primary__rfull__qraw__s03,,3,complete,1365410944,0.4330528010038022,0.18491539110962077,0.16393543273862493,17.330291553095513,5,True,a74e3d831d7b4fcf2df166e32c890f7e5d5a025459d7cd8936674231169b9a91,6e5a6202eec486e88af6b969f6af86571fb0ce32,development,,,0,0
seed_rerun,C05,multilayer_perceptron,C05-T12,12,primary,,,4,primary_candidate,,candidate,C05-T12__primary__rfull__qraw__s04,,4,complete,1387543266,0.4348283895715003,0.18567357499316706,0.16357050956349237,17.10895505660141,5,True,4b9457ca7aca2f76c9d30c7399c9055125ce2b7aced03c9df4087d5226784823,6e5a6202eec486e88af6b969f6af86571fb0ce32,development,,,0,0
seed_rerun,C05,multilayer_perceptron,C05-T12,12,primary,,,5,primary_candidate,,candidate,C05-T12__primary__rfull__qraw__s05,,5,complete,2879937299,0.3840797159314654,0.1640036751271709,0.15871615035358708,17.68305678366513,5,True,52569daf309a6dc625059030b068ee478d836c74893c1acf888dfce4ddc2287b,6e5a6202eec486e88af6b969f6af86571fb0ce32,development,,,0,0
seed_rerun,C05,multilayer_perceptron,C05-T12,12,primary,,,6,primary_candidate,,candidate,C05-T12__primary__rfull__qraw__s06,,6,complete,1299124543,0.37245514984717876,0.1590399358811185,0.15007392757879306,17.146291077929746,5,True,ecc6731be58eeabb6910b03eec8f9f4a4774d5c2deace0d7d8d69c7ad5b132c2,6e5a6202eec486e88af6b969f6af86571fb0ce32,development,,,0,0
seed_rerun,C05,multilayer_perceptron,C05-T12,12,primary,,,7,primary_candidate,,candidate,C05-T12__primary__rfull__qraw__s07,,7,complete,91495712,0.5320979383950364,0.2272080867711029,0.1779003396485987,16.823599080817818,5,True,829175c30b59183bb31f0c7b611bb940da9fc89ce7008c1db2136aea6e2de93d,6e5a6202eec486e88af6b969f6af86571fb0ce32,development,,,0,0
seed_rerun,C05,multilayer_perceptron,C05-T12,12,primary,,,8,primary_candidate,,candidate,C05-T12__primary__rfull__qraw__s08,,8,complete,666818238,0.7763465121387734,0.3315032684143077,0.23429895127839764,16.905438790527693,5,True,2a32c57d115dd216a75f6962e12777b6f019af53b3ce14fa38ba1173d6561ec6,6e5a6202eec486e88af6b969f6af86571fb0ce32,development,,,0,0
seed_rerun,C05,multilayer_perceptron,C05-T12,12,primary,,,9,primary_candidate,,candidate,C05-T12__primary__rfull__qraw__s09,,9,complete,440652593,0.4568568402215823,0.19507981727599466,0.1973288732795997,17.51686844629782,5,True,b640a68ab6e416fa54383aaf7eb1aab6ea2dc4bc5581792908551ac0dcac24ea,6e5a6202eec486e88af6b969f6af86571fb0ce32,development,,,0,0
seed_rerun,C05,multilayer_perceptron,C05-T12,12,primary,,,10,primary_candidate,,candidate,C05-T12__primary__rfull__qraw__s10,,10,complete,758920681,0.4882701207500553,0.20849342190225323,0.1712620714442971,17.13044532681795,5,True,89095252f5c8fbf9acca0f91e0bea6a710595ae423b3e6e58ad272d9ee612752,6e5a6202eec486e88af6b969f6af86571fb0ce32,development,,,0,0
seed_rerun,C05,multilayer_perceptron,C05-T12,12,primary,,,11,primary_candidate,,candidate,C05-T12__primary__rfull__qraw__s11,,11,complete,3331315166,0.42033245055541013,0.1794837472713554,0.17175004339353345,16.94095304449654,5,True,84136c065879b8ec3fc0c34a6eacd6b91ef0301364d05b66298d9ba5b3a12a47,6e5a6202eec486e88af6b969f6af86571fb0ce32,development,,,0,0
seed_rerun,C05,multilayer_perceptron,C05-T12,12,primary,,,12,primary_candidate,,candidate,C05-T12__primary__rfull__qraw__s12,,12,complete,57709885,0.456271442731189,0.19482985005343026,0.19000303863080925,17.442974614418464,5,True,12d9a50aa74b0e915ef6d6dd473c2e48aa15b3a7ceae7530ff3a4f0c4ed42b64,6e5a6202eec486e88af6b969f6af86571fb0ce32,development,,,0,0
seed_rerun,C05,multilayer_perceptron,C05-T12,12,primary,,,13,primary_candidate,,candidate,C05-T12__primary__rfull__qraw__s13,,13,complete,4291556170,0.4835584169255266,0.2064815042943175,0.1722026900815223,17.246123088349236,5,True,879e649dbfa056a886a062498bc2a635903bb251d33f5b015f7a0edb9fcde967,6e5a6202eec486e88af6b969f6af86571fb0ce32,development,,,0,0
seed_rerun,C05,multilayer_perceptron,C05-T12,12,primary,,,14,primary_candidate,,candidate,C05-T12__primary__rfull__qraw__s14,,14,complete,732991161,0.7712610866504664,0.32933177006364617,0.26551398263833303,17.550429750193203,5,True,e149ade2aa1139107692aaeffb33d931f998677f9b712514432516e711a54b56,6e5a6202eec486e88af6b969f6af86571fb0ce32,development,,,0,0
seed_rerun,C05,multilayer_perceptron,C05-T12,12,primary,,,15,primary_candidate,,candidate,C05-T12__primary__rfull__qraw__s15,,15,complete,1265756474,0.4645058353220618,0.19834597077349467,0.1840162233205397,16.984671483788333,5,True,7756485df3dae99c15c38588541565587c8696509909fa50fa715d391c8d619c,6e5a6202eec486e88af6b969f6af86571fb0ce32,development,,,0,0
seed_rerun,C05,multilayer_perceptron,C05-T12,12,primary,,,16,primary_candidate,,candidate,C05-T12__primary__rfull__qraw__s16,,16,complete,717831653,0.935803320498168,0.3995920049714242,0.30936916926845204,17.385918936923975,5,True,6a85f5853d17d2e54ed65b31d4aa934202a02c6250c349892e1263787c95e12e,6e5a6202eec486e88af6b969f6af86571fb0ce32,development,,,0,0
seed_rerun,C05,multilayer_perceptron,C05-T12,12,primary,,,17,primary_candidate,,candidate,C05-T12__primary__rfull__qraw__s17,,17,complete,546646774,0.43115801951666366,0.18410631134163558,0.1790684612377692,17.582953498268974,5,True,8c7d454117e984bc79edd3e76ffdb29dbc1c75d757c1e3fbaf8d138438c5b537,6e5a6202eec486e88af6b969f6af86571fb0ce32,development,,,0,0
seed_rerun,C05,multilayer_perceptron,C05-T12,12,primary,,,18,primary_candidate,,candidate,C05-T12__primary__rfull__qraw__s18,,18,complete,2821541059,0.41246869282176823,0.17612588921446934,0.15302977855804528,16.418377320484872,5,True,6df90898582f113650c1c0480556222b7b290e176899ca090c10308b683de3f5,6e5a6202eec486e88af6b969f6af86571fb0ce32,development,,,0,0
seed_rerun,C05,multilayer_perceptron,C05-T12,12,primary,,,19,primary_candidate,,candidate,C05-T12__primary__rfull__qraw__s19,,19,complete,2514079334,0.6424946875486902,0.27434796902024083,0.1915112061195535,16.585010838016412,5,True,76c5548e372ab26c7d3f9d320fbc3eef19ae20fc9d4979249482102fac104b2c,6e5a6202eec486e88af6b969f6af86571fb0ce32,development,,,0,0
seed_rerun,C05,multilayer_perceptron,C05-T12,12,primary,,,20,primary_candidate,,candidate,C05-T12__primary__rfull__qraw__s20,,20,complete,3113590932,0.4899769699212715,0.20922225377062809,0.18314781709065678,16.870006717619106,5,True,88c8932da3ccf3431ac456846628de45e4caed0ae5fc05caff93a152a2d40f1c,6e5a6202eec486e88af6b969f6af86571fb0ce32,development,,,0,0
seed_rerun,C06,physics_residual,C06-T17,17,primary,,,1,primary_candidate,,candidate,C06-T17__primary__rfull__qraw__s01,,1,complete,2028589355,0.020466444938305364,0.008739259188758893,0.005784888111391724,17.168420195608334,5,True,29f487d165dca4afab784711408d5595d39483993da9f7c56aabb526bb836d6b,6e5a6202eec486e88af6b969f6af86571fb0ce32,development,,,0,0
seed_rerun,C06,physics_residual,C06-T17,17,primary,,,2,primary_candidate,,candidate,C06-T17__primary__rfull__qraw__s02,,2,complete,1288946243,0.02046594921025693,0.008739047510770094,0.005783283358630266,17.27120762229718,5,True,71eef0cbac04c4d7fc4a3451a45852aee6ebddef2e1e483a629641d0f7cea216,6e5a6202eec486e88af6b969f6af86571fb0ce32,development,,,0,0
seed_rerun,C06,physics_residual,C06-T17,17,primary,,,3,primary_candidate,,candidate,C06-T17__primary__rfull__qraw__s03,,3,complete,1431166692,0.020466055915563566,0.00873909307439066,0.0057839095794816,17.007083105530768,5,True,613b107bc1af77c20dcdfe60b5ea2a8b211ef3949e80ea3337a6099da62bab06,6e5a6202eec486e88af6b969f6af86571fb0ce32,development,,,0,0
seed_rerun,C06,physics_residual,C06-T17,17,primary,,,4,primary_candidate,,candidate,C06-T17__primary__rfull__qraw__s04,,4,complete,298074488,0.020465306631019312,0.008738773126697835,0.005779891955048158,17.0536962921791,5,True,cf515bbc06ad6f0d570efd99a53f450330978316c502e18d5f82775b8fe9fc41,6e5a6202eec486e88af6b969f6af86571fb0ce32,development,,,0,0
seed_rerun,C06,physics_residual,C06-T17,17,primary,,,5,primary_candidate,,candidate,C06-T17__primary__rfull__qraw__s05,,5,complete,558842518,0.020465034625952862,0.008738656979375545,0.005779876012833456,17.053223258358848,5,True,9ad2467cac7957951ab8e7eb28bb1a781dcbdb0ef86e659432f438e884bfbaa2,6e5a6202eec486e88af6b969f6af86571fb0ce32,development,,,0,0
seed_rerun,C06,physics_residual,C06-T17,17,primary,,,6,primary_candidate,,candidate,C06-T17__primary__rfull__qraw__s06,,6,complete,655628318,0.020467970372456266,0.00873991055564065,0.005794934006468754,17.06074046506718,5,True,cfde9195c3f33941f871e3fc69949d8d178a385bf09e6719ad9e2cf9a41f4663,6e5a6202eec486e88af6b969f6af86571fb0ce32,development,,,0,0
seed_rerun,C06,physics_residual,C06-T17,17,primary,,,7,primary_candidate,,candidate,C06-T17__primary__rfull__qraw__s07,,7,complete,2926960384,0.020465755875250968,0.008738964955898817,0.005783753672043707,17.137638448569742,5,True,e3d4e3c008e4b76766120a6ddeba6f34959bfd3b909852e75d93e55effb8f4b2,6e5a6202eec486e88af6b969f6af86571fb0ce32,development,,,0,0
seed_rerun,C06,physics_residual,C06-T17,17,primary,,,8,primary_candidate,,candidate,C06-T17__primary__rfull__qraw__s08,,8,complete,2818802710,0.020465882287911283,0.00873901893464337,0.005784177050941898,16.973769944420255,5,True,72dd29a2dcf81ee2be916e65c69d83847aa4d9e18d2a7a08e4d97a5aa646d002,6e5a6202eec486e88af6b969f6af86571fb0ce32,development,,,0,0
seed_rerun,C06,physics_residual,C06-T17,17,primary,,,9,primary_candidate,,candidate,C06-T17__primary__rfull__qraw__s09,,9,complete,3907692943,0.0204659462149592,0.008739046231765201,0.005783611402455334,17.071482239850127,5,True,b9ad074b5c568631a9a0b1e9c4929a4dda0ea83adf9d5a8b1c9f41dda935a1ca,6e5a6202eec486e88af6b969f6af86571fb0ce32,development,,,0,0
seed_rerun,C06,physics_residual,C06-T17,17,primary,,,10,primary_candidate,,candidate,C06-T17__primary__rfull__qraw__s10,,10,complete,694358057,0.020465533356340906,0.008738869939376148,0.005782511361215641,17.096816566916026,5,True,7be7e9a11286b47448009074e84a058131f4b4b69a3360a864dcac48eaa4d1f1,6e5a6202eec486e88af6b969f6af86571fb0ce32,development,,,0,0
seed_rerun,C06,physics_residual,C06-T17,17,primary,,,11,primary_candidate,,candidate,C06-T17__primary__rfull__qraw__s11,,11,complete,3946777434,0.020466186813342863,0.008739148968300128,0.005785188461765796,17.153341148423205,5,True,12be816e5851204bad34e8dcd1c4ed0c8717a82604713a7362e4de513e49862e,6e5a6202eec486e88af6b969f6af86571fb0ce32,development,,,0,0
seed_rerun,C06,physics_residual,C06-T17,17,primary,,,12,primary_candidate,,candidate,C06-T17__primary__rfull__qraw__s12,,12,complete,2355441540,0.020465633681469975,0.00873891277863371,0.005783344133675338,17.19202355802487,5,True,d5fa1af4016bf0912933b5025a026d243dd4105ef8de0cb3a2fef4edaa122e44,6e5a6202eec486e88af6b969f6af86571fb0ce32,development,,,0,0
seed_rerun,C06,physics_residual,C06-T17,17,primary,,,13,primary_candidate,,candidate,C06-T17__primary__rfull__qraw__s13,,13,complete,1442404221,0.02046488915866612,0.008738594864224321,0.00578078706365042,17.11924486816167,5,True,49a5aeedf29b04f890888ecc3edd15c0a1b4e6a79b44e8844560e5b4a8bc889b,6e5a6202eec486e88af6b969f6af86571fb0ce32,development,,,0,0
seed_rerun,C06,physics_residual,C06-T17,17,primary,,,14,primary_candidate,,candidate,C06-T17__primary__rfull__qraw__s14,,14,complete,3333762492,0.02046547756762374,0.008738846117356223,0.005785291372194948,17.173741071722308,5,True,1ed8b93a572f9ea27dbc7180157db2cfa7440a37420e6d303def87f1c31ecab8,6e5a6202eec486e88af6b969f6af86571fb0ce32,development,,,0,0
seed_rerun,C06,physics_residual,C06-T17,17,primary,,,15,primary_candidate,,candidate,C06-T17__primary__rfull__qraw__s15,,15,complete,4218656972,0.020466330886052448,0.008739210487960962,0.005785543390567977,16.95288503977,5,True,d2e81096c1914439ecbcbe571c45fbe6a511d8404b2181be2d24b86ad22c1ff7,6e5a6202eec486e88af6b969f6af86571fb0ce32,development,,,0,0
seed_rerun,C06,physics_residual,C06-T17,17,primary,,,16,primary_candidate,,candidate,C06-T17__primary__rfull__qraw__s16,,16,complete,2019016813,0.02046574437224013,0.00873896004406418,0.005782152894874786,17.086229010283976,5,True,11e4762497ee9ab2670bce2f55323cb18a00429a701c30fd0d4ddabf031d6f14,6e5a6202eec486e88af6b969f6af86571fb0ce32,development,,,0,0
seed_rerun,C06,physics_residual,C06-T17,17,primary,,,17,primary_candidate,,candidate,C06-T17__primary__rfull__qraw__s17,,17,complete,4118994894,0.02046580999800035,0.0087389880665434,0.005783242228384433,17.070919869317564,5,True,6103e21fcb0e7a79be1902a5bb61fc767b2c4c3ca58d0cc6ac6cf68d9fee8831,6e5a6202eec486e88af6b969f6af86571fb0ce32,development,,,0,0
seed_rerun,C06,physics_residual,C06-T17,17,primary,,,18,primary_candidate,,candidate,C06-T17__primary__rfull__qraw__s18,,18,complete,4082911435,0.020465683478624503,0.008738934042230861,0.005783316839286736,17.19415920324244,5,True,4131753100af789ecc5ba68c191dd41b0568fbe9de2a0e904fdce65aad0d4fd1,6e5a6202eec486e88af6b969f6af86571fb0ce32,development,,,0,0
seed_rerun,C06,physics_residual,C06-T17,17,primary,,,19,primary_candidate,,candidate,C06-T17__primary__rfull__qraw__s19,,19,complete,3127192939,0.020466188401150113,0.00873914964630059,0.00578429723253479,17.168749895712693,5,True,2b033d0d59fb9a5d02c5ee73d71209fb48c281c097d58fe15553c25c18ca0ff6,6e5a6202eec486e88af6b969f6af86571fb0ce32,development,,,0,0
seed_rerun,C06,physics_residual,C06-T17,17,primary,,,20,primary_candidate,,candidate,C06-T17__primary__rfull__qraw__s20,,20,complete,1729279448,0.020466845032234778,0.008739430030571408,0.005788822329001454,17.011882143887565,5,True,655f636cb84f2a7e48533dccbb94a202a13465d3be285f1690cac927bd022a21,6e5a6202eec486e88af6b969f6af86571fb0ce32,development,,,0,0
seed_rerun,Q01,quantum_kernel,Q01-T17,17,primary,1024,4,1,primary_candidate,,candidate,Q01-T17__primary__r1024__q4__s01,4,1,complete,3897702779,1.520896108644492,0.6494291183781704,0.5434128888235927,19.214424483177435,5,True,68f00a8ceacc9ed16e1c14bf6ce6d543bb8a928123674036995eccce0b8ca4b4,6e5a6202eec486e88af6b969f6af86571fb0ce32,development,,,0,0
seed_rerun,Q01,quantum_kernel,Q01-T17,17,primary,1024,4,2,primary_candidate,,candidate,Q01-T17__primary__r1024__q4__s02,4,2,complete,151761064,1.5220672071149377,0.6499291824146767,0.5389399888901183,19.237942118353207,5,True,c8bf3c65f5794deed08b4b992f4a89b3625953174c264785f00cbd29fad92c1d,6e5a6202eec486e88af6b969f6af86571fb0ce32,development,,,0,0
seed_rerun,Q01,quantum_kernel,Q01-T17,17,primary,1024,4,3,primary_candidate,,candidate,Q01-T17__primary__r1024__q4__s03,4,3,complete,1412009150,1.461899326747861,0.6242372411444085,0.5249894032127754,19.165961462586154,5,True,171186da2d978d9ab210454098354a5e1c636a0ed59acea2e992309d3de70ac5,6e5a6202eec486e88af6b969f6af86571fb0ce32,development,,,0,0
seed_rerun,Q01,quantum_kernel,Q01-T17,17,primary,1024,4,4,primary_candidate,,candidate,Q01-T17__primary__r1024__q4__s04,4,4,complete,607339783,1.5813809127906528,0.6752563874524049,0.5710570955869383,19.00981589448154,5,True,0bcdd1c00eef02d404973c459c5c508d762943ee125ff28ed79bd1f488891a92,6e5a6202eec486e88af6b969f6af86571fb0ce32,development,,,0,0
seed_rerun,Q01,quantum_kernel,Q01-T17,17,primary,1024,4,5,primary_candidate,,candidate,Q01-T17__primary__r1024__q4__s05,4,5,complete,1182753187,1.476212322453256,0.6303489512930981,0.536737758177117,19.07424649319936,5,True,7ff6247e49e4f91118ddeea4553c5a576ed830763c79e4576ecc1d3835b2449e,6e5a6202eec486e88af6b969f6af86571fb0ce32,development,,,0,0
seed_rerun,Q01,quantum_kernel,Q01-T17,17,primary,1024,4,6,primary_candidate,,candidate,Q01-T17__primary__r1024__q4__s06,4,6,complete,425654118,1.5386777764072552,0.6570219662741105,0.5504771294811261,19.17627937291949,5,True,b8b4322cfe47319ad48f5b7005cabf548309795a7c2e2995892cdc2b6ce83530,6e5a6202eec486e88af6b969f6af86571fb0ce32,development,,,0,0
seed_rerun,Q01,quantum_kernel,Q01-T17,17,primary,1024,4,7,primary_candidate,,candidate,Q01-T17__primary__r1024__q4__s07,4,7,complete,1998380635,1.4157626482474708,0.6045366828530799,0.5138250213408274,19.045420102622437,5,True,c42da55b1eabbce3fcc7f9bd71847398da273f3f6c81c8232912447a4e91287f,6e5a6202eec486e88af6b969f6af86571fb0ce32,development,,,0,0
seed_rerun,Q01,quantum_kernel,Q01-T17,17,primary,1024,4,8,primary_candidate,,candidate,Q01-T17__primary__r1024__q4__s08,4,8,complete,3951623760,1.4532408420935305,0.620540031306345,0.5248099223575103,19.175811195448077,5,True,1ec22e34a50e4b8bb16e3fee3ae9cfd20b616413a3c39ec2d84eec7c34d974a3,6e5a6202eec486e88af6b969f6af86571fb0ce32,development,,,0,0
seed_rerun,Q01,quantum_kernel,Q01-T17,17,primary,1024,4,9,primary_candidate,,candidate,Q01-T17__primary__r1024__q4__s09,4,9,complete,627510072,1.4979767303217222,0.6396424461831852,0.5320023561103476,19.18642983779936,5,True,24310c887f7f4566ba68bdca32cff54f322230514f769a3240a1036a2443427f,6e5a6202eec486e88af6b969f6af86571fb0ce32,development,,,0,0
seed_rerun,Q01,quantum_kernel,Q01-T17,17,primary,1024,4,10,primary_candidate,,candidate,Q01-T17__primary__r1024__q4__s10,4,10,complete,2782491780,1.5693250846711588,0.6701084974798678,0.5628360491377599,19.060871748808463,5,True,48da29e5ac13fe18afb6c8a146263e9d786370f3133d5ebaaf319ebd24298d6c,6e5a6202eec486e88af6b969f6af86571fb0ce32,development,,,0,0
seed_rerun,Q01,quantum_kernel,Q01-T17,17,primary,1024,4,11,primary_candidate,,candidate,Q01-T17__primary__r1024__q4__s11,4,11,complete,288398891,1.5943268976369391,0.6807843781399174,0.5753660169165856,19.181235705351796,5,True,f32c69adf04eed697bd751c66df0d3e1195643102fe30948684649c0e3909c59,6e5a6202eec486e88af6b969f6af86571fb0ce32,development,,,0,0
seed_rerun,Q01,quantum_kernel,Q01-T17,17,primary,1024,4,12,primary_candidate,,candidate,Q01-T17__primary__r1024__q4__s12,4,12,complete,2639945379,1.4904888624982255,0.6364450947194619,0.5325881910227906,19.122642874427694,5,True,b22e498493db9c610e72b06ab0ee1c472a01940903001d8f848837e81059a246,6e5a6202eec486e88af6b969f6af86571fb0ce32,development,,,0,0
seed_rerun,Q01,quantum_kernel,Q01-T17,17,primary,1024,4,13,primary_candidate,,candidate,Q01-T17__primary__r1024__q4__s13,4,13,complete,1326570060,1.4466478720413403,0.6177248050038044,0.5270601447385388,19.073866971640385,5,True,2ced14f18aea44a360fbfc8b090d9b55fba4edf7b909ad5e07b886ae2660685c,6e5a6202eec486e88af6b969f6af86571fb0ce32,development,,,0,0
seed_rerun,Q01,quantum_kernel,Q01-T17,17,primary,1024,4,14,primary_candidate,,candidate,Q01-T17__primary__r1024__q4__s14,4,14,complete,1025237905,1.4933325232212968,0.6376593499640207,0.5321936883809418,19.160713915384232,5,True,bbc4eb4925cbf8975d2b30f49e247a49c3d561829f377ba7e465c65be5267818,6e5a6202eec486e88af6b969f6af86571fb0ce32,development,,,0,0
seed_rerun,Q01,quantum_kernel,Q01-T17,17,primary,1024,4,15,primary_candidate,,candidate,Q01-T17__primary__r1024__q4__s15,4,15,complete,1125271596,1.4820641873674139,0.6328477225441186,0.5215256794396479,19.150905885591794,5,True,b57915d3cb50eb998a305ef8c8d894fa714c6afd19bb9b394d4c3f9714996ad6,6e5a6202eec486e88af6b969f6af86571fb0ce32,development,,,0,0
seed_rerun,Q01,quantum_kernel,Q01-T17,17,primary,1024,4,16,primary_candidate,,candidate,Q01-T17__primary__r1024__q4__s16,4,16,complete,2617176551,1.5287568721941824,0.652785697905752,0.5406741817969971,19.12495863365436,5,True,5940fa822da9bd12e944d14da6c082aca91ed72cde80aa486c9e306af702dc60,6e5a6202eec486e88af6b969f6af86571fb0ce32,development,,,0,0
seed_rerun,Q01,quantum_kernel,Q01-T17,17,primary,1024,4,17,primary_candidate,,candidate,Q01-T17__primary__r1024__q4__s17,4,17,complete,853831252,1.5423354717486735,0.65858381776901,0.540845202415639,19.206662393516538,5,True,f1a004560e61f6dc029fdca9aaeeb5feb287f967a98b32628c833b9d79e51895,6e5a6202eec486e88af6b969f6af86571fb0ce32,development,,,0,0
seed_rerun,Q01,quantum_kernel,Q01-T17,17,primary,1024,4,18,primary_candidate,,candidate,Q01-T17__primary__r1024__q4__s18,4,18,complete,1995520552,1.5787007164375613,0.6741119321902898,0.5642412782384376,19.178751006164358,5,True,c1158ae67afe1457d98b308d9e33cbd2f0ea3cbc59495907b19d0f134273436e,6e5a6202eec486e88af6b969f6af86571fb0ce32,development,,,0,0
seed_rerun,Q01,quantum_kernel,Q01-T17,17,primary,1024,4,19,primary_candidate,,candidate,Q01-T17__primary__r1024__q4__s19,4,19,complete,1493744223,1.487257981928184,0.6350654949504432,0.5306895065554263,19.222538263644616,5,True,c97837a2f1a5f1c6a7dfe1ee38d01b076d07ac31583a7cb7313eddc1c832177b,6e5a6202eec486e88af6b969f6af86571fb0ce32,development,,,0,0
seed_rerun,Q01,quantum_kernel,Q01-T17,17,primary,1024,4,20,primary_candidate,,candidate,Q01-T17__primary__r1024__q4__s20,4,20,complete,381278346,1.6046990621232675,0.6852133365676125,0.5812855069263025,19.045742558432693,5,True,d18f383eb043544ddb409c9d02f149ba84d40b71ae93acd6ef1c2877c501d5cc,6e5a6202eec486e88af6b969f6af86571fb0ce32,development,,,0,0
seed_rerun,A01,random_fourier_ridge,A01-T17,17,primary,1024,4,1,interpretation_control_not_eligible_to_win,Q01,qml_matched,A01-T17__primary__r1024__q4__s01,4,1,complete,3931489672,1.2808505366921215,0.546928636407346,0.4582790805215019,19.434177491397563,5,True,527b1e7c2a56d68eb8480492edba896114838c6abe844ae2587db3a41b72e85a,6e5a6202eec486e88af6b969f6af86571fb0ce32,development,,,0,0
seed_rerun,C05,multilayer_perceptron,C05-T17,17,compressed_c05,1024,4,1,interpretation_control_not_eligible_to_win,Q01,control_ranked_and_qml_matched,C05-T17__compressed_c05__r1024__q4__s01,4,1,complete,3725509441,1.2551863412923023,0.5359699156257903,0.41849811808739457,19.83076923076923,5,True,3a7ac127c8216554e1f69db6b5daedcc19fde17976b8bdde77e5ea49b72a2c66,6e5a6202eec486e88af6b969f6af86571fb0ce32,development,,,0,0
seed_rerun,A01,random_fourier_ridge,A01-T17,17,primary,1024,4,2,interpretation_control_not_eligible_to_win,Q01,qml_matched,A01-T17__primary__r1024__q4__s02,4,2,complete,807682125,1.193650989803253,0.509694058360141,0.42859893419371814,19.83345121937038,5,True,6b2b366b32ff94273753cf20d83d3789b8e3bf6158caecec98526eed5c1a9828,6e5a6202eec486e88af6b969f6af86571fb0ce32,development,,,0,0
seed_rerun,C05,multilayer_perceptron,C05-T17,17,compressed_c05,1024,4,2,interpretation_control_not_eligible_to_win,Q01,control_ranked_and_qml_matched,C05-T17__compressed_c05__r1024__q4__s02,4,2,complete,3197536213,1.1681727089205534,0.49881472386950965,0.40946650954854513,19.543753062302947,5,True,403d3a15ab9060536325bdcdd75445a5b69327268410e5310228241af98aaacb,6e5a6202eec486e88af6b969f6af86571fb0ce32,development,,,0,0
seed_rerun,A01,random_fourier_ridge,A01-T17,17,primary,1024,4,3,interpretation_control_not_eligible_to_win,Q01,qml_matched,A01-T17__primary__r1024__q4__s03,4,3,complete,794654559,1.2291373997732624,0.5248469066120636,0.4333956528021625,19.77984347428782,5,True,5283fe791d873ae15930ee8784e13c1d70d69f415240547b9a17ed6f8fcfa521,6e5a6202eec486e88af6b969f6af86571fb0ce32,development,,,0,0
seed_rerun,C05,multilayer_perceptron,C05-T17,17,compressed_c05,1024,4,3,interpretation_control_not_eligible_to_win,Q01,control_ranked_and_qml_matched,C05-T17__compressed_c05__r1024__q4__s03,4,3,complete,1365410944,1.1462301759620406,0.4894451688070462,0.4042504776002689,19.828250212884615,5,True,3e7b633c5e54c28a59b3621ea0bf37b7dfbf8dc49baca53094c0983041b754d5,6e5a6202eec486e88af6b969f6af86571fb0ce32,development,,,0,0
seed_rerun,A01,random_fourier_ridge,A01-T17,17,primary,1024,4,4,interpretation_control_not_eligible_to_win,Q01,qml_matched,A01-T17__primary__r1024__q4__s04,4,4,complete,3564289536,1.1965119320013518,0.5109156928681667,0.4287923174968501,19.77444726894846,5,True,8d9dc68589b80c53dc652b3d5677e164256a036e7cd7cf6c5f8b11cf5b3d2f47,6e5a6202eec486e88af6b969f6af86571fb0ce32,development,,,0,0
seed_rerun,C05,multilayer_perceptron,C05-T17,17,compressed_c05,1024,4,4,interpretation_control_not_eligible_to_win,Q01,control_ranked_and_qml_matched,C05-T17__compressed_c05__r1024__q4__s04,4,4,complete,1387543266,1.1617714300415254,0.4960813505146359,0.41535999421631936,19.83591737735551,5,True,19b218ab246480fb92c99f4a4ab44b1cb859a662b6008057bae66e4c5d4a2192,6e5a6202eec486e88af6b969f6af86571fb0ce32,development,,,0,0
seed_rerun,A01,random_fourier_ridge,A01-T17,17,primary,1024,4,5,interpretation_control_not_eligible_to_win,Q01,qml_matched,A01-T17__primary__r1024__q4__s05,4,5,complete,1390016085,1.2502297464217684,0.5338534284978184,0.44794980208209056,19.2199343017709,5,True,a14195058db385e6852aea65fd5e3840874b8415092f14842779a266773ecfeb,6e5a6202eec486e88af6b969f6af86571fb0ce32,development,,,0,0
seed_rerun,C05,multilayer_perceptron,C05-T17,17,compressed_c05,1024,4,5,interpretation_control_not_eligible_to_win,Q01,control_ranked_and_qml_matched,C05-T17__compressed_c05__r1024__q4__s05,4,5,complete,2879937299,1.184382457375309,0.5057363555235522,0.40614803334832406,19.664126541743588,5,True,6d27b20bd2e044e2f08e61958b0ab40655bea0055a4c621fa41e2182f6077cd8,6e5a6202eec486e88af6b969f6af86571fb0ce32,development,,,0,0
seed_rerun,A01,random_fourier_ridge,A01-T17,17,primary,1024,4,6,interpretation_control_not_eligible_to_win,Q01,qml_matched,A01-T17__primary__r1024__q4__s06,4,6,complete,2011418264,1.2857617768152751,0.5490257568649464,0.45673446722011873,19.77462754148269,5,True,03116b260f266a49f6226fcb0904b25cbe082d23a6617b51ca0568e2476a80cb,6e5a6202eec486e88af6b969f6af86571fb0ce32,development,,,0,0
seed_rerun,C05,multilayer_perceptron,C05-T17,17,compressed_c05,1024,4,6,interpretation_control_not_eligible_to_win,Q01,control_ranked_and_qml_matched,C05-T17__compressed_c05__r1024__q4__s06,4,6,complete,1299124543,1.156031474026647,0.4936303648404111,0.39881160586075415,19.607752923365638,5,True,8037c66b8ea659d1663e1d9b48574c38d7671a65281cd641236a93b96ee63046,6e5a6202eec486e88af6b969f6af86571fb0ce32,development,,,0,0
seed_rerun,A01,random_fourier_ridge,A01-T17,17,primary,1024,4,7,interpretation_control_not_eligible_to_win,Q01,qml_matched,A01-T17__primary__r1024__q4__s07,4,7,complete,995465408,1.2321460303063032,0.526131604668356,0.4389970300698744,19.148240943566666,5,True,f33e1f6ffb4a01ccfd667bc75bb32bee42ce4759dd796efd198ac0199bc59ab3,6e5a6202eec486e88af6b969f6af86571fb0ce32,development,,,0,0
seed_rerun,C05,multilayer_perceptron,C05-T17,17,compressed_c05,1024,4,7,interpretation_control_not_eligible_to_win,Q01,control_ranked_and_qml_matched,C05-T17__compressed_c05__r1024__q4__s07,4,7,complete,91495712,1.1431288607034555,0.48812089397805036,0.40425415292539013,19.776931417975,5,True,a41e71bd11c6b7e16bb6e8b2ab9f56c9353237c566edcf850758fbcf9a0527c6,6e5a6202eec486e88af6b969f6af86571fb0ce32,development,,,0,0
seed_rerun,A01,random_fourier_ridge,A01-T17,17,primary,1024,4,8,interpretation_control_not_eligible_to_win,Q01,qml_matched,A01-T17__primary__r1024__q4__s08,4,8,complete,2340870493,1.233343273712786,0.5266428327039443,0.4380917672316943,19.47044694175628,5,True,75ef6af9051b3209afee8eadd0e16d2b4fda8c46101a4cb6f53c37c045409130,6e5a6202eec486e88af6b969f6af86571fb0ce32,development,,,0,0
seed_rerun,C05,multilayer_perceptron,C05-T17,17,compressed_c05,1024,4,8,interpretation_control_not_eligible_to_win,Q01,control_ranked_and_qml_matched,C05-T17__compressed_c05__r1024__q4__s08,4,8,complete,666818238,1.1696487698355946,0.49944500816919274,0.41025827105550494,19.766674356285,5,True,36d15422db166afe81d2b76ac2354290812a773144305c5af4416af3e6062057,6e5a6202eec486e88af6b969f6af86571fb0ce32,development,,,0,0
seed_rerun,A01,random_fourier_ridge,A01-T17,17,primary,1024,4,9,interpretation_control_not_eligible_to_win,Q01,qml_matched,A01-T17__primary__r1024__q4__s09,4,9,complete,4171954841,1.330107148565665,0.567961419541916,0.47401781795008696,19.27618523380346,5,True,2720e4328108e167936f76bd6d21187efe794c0594b4292778ddf2aac4115ed5,6e5a6202eec486e88af6b969f6af86571fb0ce32,development,,,0,0
seed_rerun,C05,multilayer_perceptron,C05-T17,17,compressed_c05,1024,4,9,interpretation_control_not_eligible_to_win,Q01,control_ranked_and_qml_matched,C05-T17__compressed_c05__r1024__q4__s09,4,9,complete,440652593,1.1786241145029313,0.5032775185828354,0.4111400698520507,19.78463698725128,5,True,b7bf1b992b6ea135fdf04c9cb3c762b455400124e79d1ee814a01db8594d86c8,6e5a6202eec486e88af6b969f6af86571fb0ce32,development,,,0,0
seed_rerun,A01,random_fourier_ridge,A01-T17,17,primary,1024,4,10,interpretation_control_not_eligible_to_win,Q01,qml_matched,A01-T17__primary__r1024__q4__s10,4,10,complete,1360862018,1.3270883051144329,0.5666723605260424,0.4654868253951081,19.825817323789487,5,True,e489c1565306238f44c1f872807857919c2df3b40e10144f67499a4bc2366152,6e5a6202eec486e88af6b969f6af86571fb0ce32,development,,,0,0
seed_rerun,C05,multilayer_perceptron,C05-T17,17,compressed_c05,1024,4,10,interpretation_control_not_eligible_to_win,Q01,control_ranked_and_qml_matched,C05-T17__compressed_c05__r1024__q4__s10,4,10,complete,758920681,1.2294419899079003,0.5249769678973021,0.41487350183322536,19.815384615384616,5,True,f5a973974fcc2798f0090520a57b7be2eb2a9f83da2d3cbbc22a7977d81764c6,6e5a6202eec486e88af6b969f6af86571fb0ce32,development,,,0,0
seed_rerun,A01,random_fourier_ridge,A01-T17,17,primary,1024,4,11,interpretation_control_not_eligible_to_win,Q01,qml_matched,A01-T17__primary__r1024__q4__s11,4,11,complete,1262030617,1.2409708053015254,0.529899821190483,0.44386066078913844,19.511557109344487,5,True,ad6021af457483b7fbddb0a1b3a708a006943480d3d64b2ab9a5ca74d38e4f12,6e5a6202eec486e88af6b969f6af86571fb0ce32,development,,,0,0
seed_rerun,C05,multilayer_perceptron,C05-T17,17,compressed_c05,1024,4,11,interpretation_control_not_eligible_to_win,Q01,control_ranked_and_qml_matched,C05-T17__compressed_c05__r1024__q4__s11,4,11,complete,3331315166,1.28393001931555,0.5482435886081092,0.4144291378643314,19.57190150744782,5,True,ff11117652dd4086e0b7e8230abed8f4052e893a553b8d6f9adb3ae68cf27455,6e5a6202eec486e88af6b969f6af86571fb0ce32,development,,,0,0
seed_rerun,A01,random_fourier_ridge,A01-T17,17,primary,1024,4,12,interpretation_control_not_eligible_to_win,Q01,qml_matched,A01-T17__primary__r1024__q4__s12,4,12,complete,1686242654,1.3136014009742638,0.5609133949953808,0.47574537287351965,19.230551142446924,5,True,0f7f1a512a0d3e11f67b2ace27e4db73bace050e211e3c2aff305495ee016fe5,6e5a6202eec486e88af6b969f6af86571fb0ce32,development,,,0,0
seed_rerun,C05,multilayer_perceptron,C05-T17,17,compressed_c05,1024,4,12,interpretation_control_not_eligible_to_win,Q01,control_ranked_and_qml_matched,C05-T17__compressed_c05__r1024__q4__s12,4,12,complete,57709885,1.1319585825629637,0.48335113761955456,0.39898638395922814,19.70260606171282,5,True,5e7ce498550df8171855849c3ac1313a0916a9a70eafb3ff8a00665507ce44e8,6e5a6202eec486e88af6b969f6af86571fb0ce32,development,,,0,0
seed_rerun,A01,random_fourier_ridge,A01-T17,17,primary,1024,4,13,interpretation_control_not_eligible_to_win,Q01,qml_matched,A01-T17__primary__r1024__q4__s13,4,13,complete,1203506322,1.2723668321341097,0.5433060584150854,0.4444058837339965,19.526848136533204,5,True,f32574dfc7817c6f6c7aa9e030de40187267a1d09f73d4e2a2225824f7f4954b,6e5a6202eec486e88af6b969f6af86571fb0ce32,development,,,0,0
seed_rerun,C05,multilayer_perceptron,C05-T17,17,compressed_c05,1024,4,13,interpretation_control_not_eligible_to_win,Q01,control_ranked_and_qml_matched,C05-T17__compressed_c05__r1024__q4__s13,4,13,complete,4291556170,1.1015181670490481,0.47035295049953724,0.38981513147614455,19.70005604202359,5,True,6095a6425a6a6e9f88bf8b6bf61848a20238a019b67842f9eb0eb59006f3989a,6e5a6202eec486e88af6b969f6af86571fb0ce32,development,,,0,0
seed_rerun,A01,random_fourier_ridge,A01-T17,17,primary,1024,4,14,interpretation_control_not_eligible_to_win,Q01,qml_matched,A01-T17__primary__r1024__q4__s14,4,14,complete,1905212515,1.2760625521694835,0.5448841466163132,0.4552772793761138,19.782354635610258,5,True,77060bfdbc3175e93d6d1b3063963114efd85f9c6de6236038079e9a22811682,6e5a6202eec486e88af6b969f6af86571fb0ce32,development,,,0,0
seed_rerun,C05,multilayer_perceptron,C05-T17,17,compressed_c05,1024,4,14,interpretation_control_not_eligible_to_win,Q01,control_ranked_and_qml_matched,C05-T17__compressed_c05__r1024__q4__s14,4,14,complete,732991161,1.1540001511719344,0.49276298132671853,0.40543234515833815,19.812950801287947,5,True,999d59e818d687d91e558bd5afe0198feba772f05200c103c1fd231442445539,6e5a6202eec486e88af6b969f6af86571fb0ce32,development,,,0,0
seed_rerun,A01,random_fourier_ridge,A01-T17,17,primary,1024,4,15,interpretation_control_not_eligible_to_win,Q01,qml_matched,A01-T17__primary__r1024__q4__s15,4,15,complete,2835217598,1.3198390811720904,0.5635769110163469,0.463101366795183,19.44427156074538,5,True,a8bf73880081df5054e95c0cb44cc25aa0379573c428f44643fe62c6ed8f3943,6e5a6202eec486e88af6b969f6af86571fb0ce32,development,,,0,0
seed_rerun,C05,multilayer_perceptron,C05-T17,17,compressed_c05,1024,4,15,interpretation_control_not_eligible_to_win,Q01,control_ranked_and_qml_matched,C05-T17__compressed_c05__r1024__q4__s15,4,15,complete,1265756474,1.1837508416352278,0.5054666529114518,0.411776701321274,19.8,5,True,b167d8a297ab9e0f14e1008da226198e8bf6bbac2d33d31d631f26afd3c36694,6e5a6202eec486e88af6b969f6af86571fb0ce32,development,,,0,0
seed_rerun,A01,random_fourier_ridge,A01-T17,17,primary,1024,4,16,interpretation_control_not_eligible_to_win,Q01,qml_matched,A01-T17__primary__r1024__q4__s16,4,16,complete,921416391,1.2539498099657806,0.5354419114809538,0.4414169468794242,19.418893166193204,5,True,dfac6729ed28b775ff112e1c6d1442cb43973edce926c0bebb887c292aa4764f,6e5a6202eec486e88af6b969f6af86571fb0ce32,development,,,0,0
seed_rerun,C05,multilayer_perceptron,C05-T17,17,compressed_c05,1024,4,16,interpretation_control_not_eligible_to_win,Q01,control_ranked_and_qml_matched,C05-T17__compressed_c05__r1024__q4__s16,4,16,complete,717831653,1.1184558443968091,0.4775854108923342,0.38902765654167926,19.80262872487013,5,True,d99410c6815cfb0cc7a798d10d02c005500b4ec082597e696778e51372ac77c3,6e5a6202eec486e88af6b969f6af86571fb0ce32,development,,,0,0
seed_rerun,A01,random_fourier_ridge,A01-T17,17,primary,1024,4,17,interpretation_control_not_eligible_to_win,Q01,qml_matched,A01-T17__primary__r1024__q4__s17,4,17,complete,3667665285,1.2619273770649917,0.5388483666218383,0.4449550343303958,19.823113679653975,5,True,b65dfd2b861bab8b8f3eb26f24c4b43413722dcebac22fc3415d6b220bd8506e,6e5a6202eec486e88af6b969f6af86571fb0ce32,development,,,0,0
seed_rerun,C05,multilayer_perceptron,C05-T17,17,compressed_c05,1024,4,17,interpretation_control_not_eligible_to_win,Q01,control_ranked_and_qml_matched,C05-T17__compressed_c05__r1024__q4__s17,4,17,complete,546646774,1.1094516856938659,0.4737405967627213,0.38543046041579954,19.779592708359743,5,True,342fcbb9fbc4268e61d2d05cc089866984d1fbe50931bb34329fd2dc0ee1bd09,6e5a6202eec486e88af6b969f6af86571fb0ce32,development,,,0,0
seed_rerun,A01,random_fourier_ridge,A01-T17,17,primary,1024,4,18,interpretation_control_not_eligible_to_win,Q01,qml_matched,A01-T17__primary__r1024__q4__s18,4,18,complete,512294849,1.1962955857564876,0.5108233120998368,0.4195013925389537,19.820603646318208,5,True,0139434108cbd51fc3467897d3cd4647361957c0036ff7f640e3e8bf18d4685f,6e5a6202eec486e88af6b969f6af86571fb0ce32,development,,,0,0
seed_rerun,C05,multilayer_perceptron,C05-T17,17,compressed_c05,1024,4,18,interpretation_control_not_eligible_to_win,Q01,control_ranked_and_qml_matched,C05-T17__compressed_c05__r1024__q4__s18,4,18,complete,2821541059,1.2689008009925822,0.5418260483501509,0.44109261281486195,19.802648964294487,5,True,12eec2c4c4ef19a03dacc0a0418c0ac54e3b9734a41f37cabf2e40c9da3dd771,6e5a6202eec486e88af6b969f6af86571fb0ce32,development,,,0,0
seed_rerun,A01,random_fourier_ridge,A01-T17,17,primary,1024,4,19,interpretation_control_not_eligible_to_win,Q01,qml_matched,A01-T17__primary__r1024__q4__s19,4,19,complete,2117232116,1.3329419634566033,0.5691718975784653,0.4769630777163455,19.327479765719488,5,True,5c6db715f9e5bfe633cb4cfe14a0ea75aef5de52d0a482f6c99b4ffa54801e2a,6e5a6202eec486e88af6b969f6af86571fb0ce32,development,,,0,0
seed_rerun,C05,multilayer_perceptron,C05-T17,17,compressed_c05,1024,4,19,interpretation_control_not_eligible_to_win,Q01,control_ranked_and_qml_matched,C05-T17__compressed_c05__r1024__q4__s19,4,19,complete,2514079334,1.1558986077048168,0.4935736303548944,0.4100539609439853,19.515629789804617,5,True,c3b54af4b44305f9efcaa8eb4268c0cedb6c6ced4e762d1e03feff0f5babec27,6e5a6202eec486e88af6b969f6af86571fb0ce32,development,,,0,0
seed_rerun,A01,random_fourier_ridge,A01-T17,17,primary,1024,4,20,interpretation_control_not_eligible_to_win,Q01,qml_matched,A01-T17__primary__r1024__q4__s20,4,20,complete,2043147045,1.283112308360905,0.5478944225465058,0.452860312981531,19.687754811490514,5,True,6a6b6328906bab7ef082c7a1cb4fc04d89620a3b74014372146d007f9ad37418,6e5a6202eec486e88af6b969f6af86571fb0ce32,development,,,0,0
seed_rerun,C05,multilayer_perceptron,C05-T17,17,compressed_c05,1024,4,20,interpretation_control_not_eligible_to_win,Q01,control_ranked_and_qml_matched,C05-T17__compressed_c05__r1024__q4__s20,4,20,complete,3113590932,1.1256116808311325,0.4806409835382152,0.393973457773608,19.825641025641026,5,True,8dcf959dcabe6c0ebcf880ac1d6187db792cfa66a803ec60a25bbc9fbecb24ae,6e5a6202eec486e88af6b969f6af86571fb0ce32,development,,,0,0
seed_rerun,A01,random_fourier_ridge,A01-T04,4,primary,1024,4,1,interpretation_control_not_eligible_to_win,Q01,control_ranked,A01-T04__primary__r1024__q4__s01,4,1,complete,3931489672,1.1817835837258301,0.5046266254023662,0.4109312583227089,19.206516545719232,5,True,da387676894665ee4656560b9bfa7073ad87a36ef975d3eab1fe89fa6381e556,6e5a6202eec486e88af6b969f6af86571fb0ce32,development,,,0,0
seed_rerun,A01,random_fourier_ridge,A01-T04,4,primary,1024,4,2,interpretation_control_not_eligible_to_win,Q01,control_ranked,A01-T04__primary__r1024__q4__s02,4,2,complete,807682125,1.2472982956728946,0.5326016865382004,0.44807832511943213,19.549036763546923,5,True,e56feff1d81abac5c5ab2b73d77d462fdacc447e4bc133f40138a2ba4b91ee95,6e5a6202eec486e88af6b969f6af86571fb0ce32,development,,,0,0
seed_rerun,A01,random_fourier_ridge,A01-T04,4,primary,1024,4,3,interpretation_control_not_eligible_to_win,Q01,control_ranked,A01-T04__primary__r1024__q4__s03,4,3,complete,794654559,1.1352093165360981,0.484739214876282,0.4165654861468691,19.352647824763462,5,True,8755716eeaab4dbf415032630acd0e21ec91d09db74cbc057399102b78225f47,6e5a6202eec486e88af6b969f6af86571fb0ce32,development,,,0,0
seed_rerun,A01,random_fourier_ridge,A01-T04,4,primary,1024,4,4,interpretation_control_not_eligible_to_win,Q01,control_ranked,A01-T04__primary__r1024__q4__s04,4,4,complete,3564289536,1.1961015212276902,0.5107404457192017,0.41995158430783064,19.502864649372178,5,True,57b7958843a051a01b986d7f0cffb9e3fc6c708b20fe69f2e3cbed6e99ffed6c,6e5a6202eec486e88af6b969f6af86571fb0ce32,development,,,0,0
seed_rerun,A01,random_fourier_ridge,A01-T04,4,primary,1024,4,5,interpretation_control_not_eligible_to_win,Q01,control_ranked,A01-T04__primary__r1024__q4__s05,4,5,complete,1390016085,1.096021975152461,0.4680060531424132,0.39083579492769605,19.34953938114244,5,True,0cc8fc77bb902442b455bfce64d781892554dbcb212fa3de94c2d4cb6d99a2ea,6e5a6202eec486e88af6b969f6af86571fb0ce32,development,,,0,0
seed_rerun,A01,random_fourier_ridge,A01-T04,4,primary,1024,4,6,interpretation_control_not_eligible_to_win,Q01,control_ranked,A01-T04__primary__r1024__q4__s06,4,6,complete,2011418264,1.2902116101151697,0.5509258546431279,0.44706370873358103,19.52587753770936,5,True,103e2ecc1da5d7ba52ab4ec88354c4dca4d53c1bdb51a24c1916e85feae2dda6,6e5a6202eec486e88af6b969f6af86571fb0ce32,development,,,0,0
seed_rerun,A01,random_fourier_ridge,A01-T04,4,primary,1024,4,7,interpretation_control_not_eligible_to_win,Q01,control_ranked,A01-T04__primary__r1024__q4__s07,4,7,complete,995465408,1.146418648369891,0.48952564732821097,0.4014477538101591,19.502999905390386,5,True,2673e96f6b36f46b81255c114058afc3eb447827fc007281b8d7dbce16516718,6e5a6202eec486e88af6b969f6af86571fb0ce32,development,,,0,0
seed_rerun,A01,random_fourier_ridge,A01-T04,4,primary,1024,4,8,interpretation_control_not_eligible_to_win,Q01,control_ranked,A01-T04__primary__r1024__q4__s08,4,8,complete,2340870493,1.1240579077162538,0.47997751579809805,0.3999641256213783,19.390404832141282,5,True,70302ee71aeab527ea4ea606dc7c35a8d0577b1bdf87de766bd5b6dfdfc86c12,6e5a6202eec486e88af6b969f6af86571fb0ce32,development,,,0,0
seed_rerun,A01,random_fourier_ridge,A01-T04,4,primary,1024,4,9,interpretation_control_not_eligible_to_win,Q01,control_ranked,A01-T04__primary__r1024__q4__s09,4,9,complete,4171954841,1.1184225552702425,0.47757119629345735,0.4054295480377168,19.561898949927304,5,True,38a77cee2991035db89661f79fb8cb61c2707e84a360834a6dcf320b27f7c6c8,6e5a6202eec486e88af6b969f6af86571fb0ce32,development,,,0,0
seed_rerun,A01,random_fourier_ridge,A01-T04,4,primary,1024,4,10,interpretation_control_not_eligible_to_win,Q01,control_ranked,A01-T04__primary__r1024__q4__s10,4,10,complete,1360862018,1.259321425983458,0.5377356144070106,0.4531973464087965,19.44922686374795,5,True,66aa1624c0fe0cf17cb454cba9734973583289b92454f2331a01336bbaa8952c,6e5a6202eec486e88af6b969f6af86571fb0ce32,development,,,0,0
seed_rerun,A01,random_fourier_ridge,A01-T04,4,primary,1024,4,11,interpretation_control_not_eligible_to_win,Q01,control_ranked,A01-T04__primary__r1024__q4__s11,4,11,complete,1262030617,1.3402031351728276,0.5722724488385135,0.4813953606792191,19.31651186593564,5,True,552291c9f80531eca09e79483556044668f9375b3ff4d24911cb1430b8eabb64,6e5a6202eec486e88af6b969f6af86571fb0ce32,development,,,0,0
seed_rerun,A01,random_fourier_ridge,A01-T04,4,primary,1024,4,12,interpretation_control_not_eligible_to_win,Q01,control_ranked,A01-T04__primary__r1024__q4__s12,4,12,complete,1686242654,1.3930792336796454,0.594850768186812,0.5001076300949875,19.47963436858782,5,True,16d8c77d47bcd8f3bd68145710555bff75cc9f710f449f7f585ab507db60fec5,6e5a6202eec486e88af6b969f6af86571fb0ce32,development,,,0,0
seed_rerun,A01,random_fourier_ridge,A01-T04,4,primary,1024,4,13,interpretation_control_not_eligible_to_win,Q01,control_ranked,A01-T04__primary__r1024__q4__s13,4,13,complete,1203506322,1.3075660163216853,0.5583362600341437,0.4587764552945616,19.393307798718073,5,True,e435ce415686908dc47a6f49e64b13f0aa2324b29669aeae87293e4c75f0b766,6e5a6202eec486e88af6b969f6af86571fb0ce32,development,,,0,0
seed_rerun,A01,random_fourier_ridge,A01-T04,4,primary,1024,4,14,interpretation_control_not_eligible_to_win,Q01,control_ranked,A01-T04__primary__r1024__q4__s14,4,14,complete,1905212515,1.2126749642101349,0.517817376486138,0.44767933649167196,19.492982637853462,5,True,4fddc4768f4bf3329c7170bf3c32a55f3fbd531f6ac19c51e4d6f83bf9cb377f,6e5a6202eec486e88af6b969f6af86571fb0ce32,development,,,0,0
seed_rerun,A01,random_fourier_ridge,A01-T04,4,primary,1024,4,15,interpretation_control_not_eligible_to_win,Q01,control_ranked,A01-T04__primary__r1024__q4__s15,4,15,complete,2835217598,1.1087746618706453,0.47345150470565306,0.40177573861679716,19.295989630190512,5,True,c1c9633fa02939d3efe5dbc9b12584246248d3df2d6a0341bf8a6d981fb25a59,6e5a6202eec486e88af6b969f6af86571fb0ce32,development,,,0,0
seed_rerun,A01,random_fourier_ridge,A01-T04,4,primary,1024,4,16,interpretation_control_not_eligible_to_win,Q01,control_ranked,A01-T04__primary__r1024__q4__s16,4,16,complete,921416391,1.4209135983889911,0.6067361605098404,0.5097169906226302,19.50817725185346,5,True,3bc902a17d7bca78d16e865dddb436bd79f3f8e47c257839e641f188e73d223e,6e5a6202eec486e88af6b969f6af86571fb0ce32,development,,,0,0
seed_rerun,A01,random_fourier_ridge,A01-T04,4,primary,1024,4,17,interpretation_control_not_eligible_to_win,Q01,control_ranked,A01-T04__primary__r1024__q4__s17,4,17,complete,3667665285,1.3364547087834473,0.5706718547995621,0.4815876261249972,19.53437238673718,5,True,3f2f0dbfba783abe7d0b2cdb979db466a0955d224031e227afa1779b3b4462f7,6e5a6202eec486e88af6b969f6af86571fb0ce32,development,,,0,0
seed_rerun,A01,random_fourier_ridge,A01-T04,4,primary,1024,4,18,interpretation_control_not_eligible_to_win,Q01,control_ranked,A01-T04__primary__r1024__q4__s18,4,18,complete,512294849,1.0677557286073318,0.4559362454354135,0.3873690770633696,19.47219722312808,5,True,dc132e512ce303e5931bffad32b7921e0766c05e9d631775c7ff54f21a70a156,6e5a6202eec486e88af6b969f6af86571fb0ce32,development,,,0,0
seed_rerun,A01,random_fourier_ridge,A01-T04,4,primary,1024,4,19,interpretation_control_not_eligible_to_win,Q01,control_ranked,A01-T04__primary__r1024__q4__s19,4,19,complete,2117232116,1.333514410648711,0.5694163349684852,0.48196658547330723,19.579853704880513,5,True,ee91063ada73b4da04ff334a012af9e6e872a7803676588bdb22e4136df282b6,6e5a6202eec486e88af6b969f6af86571fb0ce32,development,,,0,0
seed_rerun,A01,random_fourier_ridge,A01-T04,4,primary,1024,4,20,interpretation_control_not_eligible_to_win,Q01,control_ranked,A01-T04__primary__r1024__q4__s20,4,20,complete,2043147045,1.1258412464318621,0.4807390090278226,0.3943160656706753,19.480460231890383,5,True,1d20a07cda6940d8c22960e8a64e1094cc8f3b59aedfb8e30c3adeb6e401d12b,6e5a6202eec486e88af6b969f6af86571fb0ce32,development,,,0,0
