outer_fold,seed_index,q,lambda,quantum_model_id,classical_model_id,quantum_delta_l2,classical_delta_l2,validation_outcomes_used
CV01,1,4,0.1,TSQR-04-L010,TAP-RBF-SHR-04-L010,1.116760393753511,0.6970419221532465,0
CV01,1,4,0.25,TSQR-04-L025,TAP-RBF-SHR-04-L025,1.116760393753511,0.6970419221532465,0
CV01,1,4,0.5,TSQR-04-L050,TAP-RBF-SHR-04-L050,1.116760393753511,0.6970419221532465,0
CV01,1,6,0.1,TSQR-06-L010,TAP-RBF-SHR-06-L010,0.9083386593018493,0.6856726407688585,0
CV01,1,6,0.25,TSQR-06-L025,TAP-RBF-SHR-06-L025,0.9083386593018493,0.6856726407688585,0
CV01,1,6,0.5,TSQR-06-L050,TAP-RBF-SHR-06-L050,0.9083386593018493,0.6856726407688585,0
CV01,1,8,0.1,TSQR-08-L010,TAP-RBF-SHR-08-L010,1.005820544985306,0.8523983310858916,0
CV01,1,8,0.25,TSQR-08-L025,TAP-RBF-SHR-08-L025,1.005820544985306,0.8523983310858916,0
CV01,1,8,0.5,TSQR-08-L050,TAP-RBF-SHR-08-L050,1.005820544985306,0.8523983310858916,0
CV01,2,4,0.1,TSQR-04-L010,TAP-RBF-SHR-04-L010,1.1167673793484691,0.6970231158757909,0
CV01,2,4,0.25,TSQR-04-L025,TAP-RBF-SHR-04-L025,1.1167673793484691,0.6970231158757909,0
CV01,2,4,0.5,TSQR-04-L050,TAP-RBF-SHR-04-L050,1.1167673793484691,0.6970231158757909,0
CV01,2,6,0.1,TSQR-06-L010,TAP-RBF-SHR-06-L010,0.907864325714624,0.685661063334438,0
CV01,2,6,0.25,TSQR-06-L025,TAP-RBF-SHR-06-L025,0.907864325714624,0.685661063334438,0
CV01,2,6,0.5,TSQR-06-L050,TAP-RBF-SHR-06-L050,0.907864325714624,0.685661063334438,0
CV01,2,8,0.1,TSQR-08-L010,TAP-RBF-SHR-08-L010,1.0056122404055017,0.8525539998389451,0
CV01,2,8,0.25,TSQR-08-L025,TAP-RBF-SHR-08-L025,1.0056122404055017,0.8525539998389451,0
CV01,2,8,0.5,TSQR-08-L050,TAP-RBF-SHR-08-L050,1.0056122404055017,0.8525539998389451,0
CV01,3,4,0.1,TSQR-04-L010,TAP-RBF-SHR-04-L010,1.1167803458309298,0.6970281308452014,0
CV01,3,4,0.25,TSQR-04-L025,TAP-RBF-SHR-04-L025,1.1167803458309298,0.6970281308452014,0
CV01,3,4,0.5,TSQR-04-L050,TAP-RBF-SHR-04-L050,1.1167803458309298,0.6970281308452014,0
CV01,3,6,0.1,TSQR-06-L010,TAP-RBF-SHR-06-L010,0.9080304599974184,0.6856765991609537,0
CV01,3,6,0.25,TSQR-06-L025,TAP-RBF-SHR-06-L025,0.9080304599974184,0.6856765991609537,0
CV01,3,6,0.5,TSQR-06-L050,TAP-RBF-SHR-06-L050,0.9080304599974184,0.6856765991609537,0
CV01,3,8,0.1,TSQR-08-L010,TAP-RBF-SHR-08-L010,1.0050182219823918,0.852105309849123,0
CV01,3,8,0.25,TSQR-08-L025,TAP-RBF-SHR-08-L025,1.0050182219823918,0.852105309849123,0
CV01,3,8,0.5,TSQR-08-L050,TAP-RBF-SHR-08-L050,1.0050182219823918,0.852105309849123,0
CV01,4,4,0.1,TSQR-04-L010,TAP-RBF-SHR-04-L010,1.1167836892087366,0.6969706133469481,0
CV01,4,4,0.25,TSQR-04-L025,TAP-RBF-SHR-04-L025,1.1167836892087366,0.6969706133469481,0
CV01,4,4,0.5,TSQR-04-L050,TAP-RBF-SHR-04-L050,1.1167836892087366,0.6969706133469481,0
CV01,4,6,0.1,TSQR-06-L010,TAP-RBF-SHR-06-L010,0.9086424638456737,0.6858108951971917,0
CV01,4,6,0.25,TSQR-06-L025,TAP-RBF-SHR-06-L025,0.9086424638456737,0.6858108951971917,0
CV01,4,6,0.5,TSQR-06-L050,TAP-RBF-SHR-06-L050,0.9086424638456737,0.6858108951971917,0
CV01,4,8,0.1,TSQR-08-L010,TAP-RBF-SHR-08-L010,1.0058416297253776,0.852407598139684,0
CV01,4,8,0.25,TSQR-08-L025,TAP-RBF-SHR-08-L025,1.0058416297253776,0.852407598139684,0
CV01,4,8,0.5,TSQR-08-L050,TAP-RBF-SHR-08-L050,1.0058416297253776,0.852407598139684,0
CV01,5,4,0.1,TSQR-04-L010,TAP-RBF-SHR-04-L010,1.116848533488621,0.6970189230486608,0
CV01,5,4,0.25,TSQR-04-L025,TAP-RBF-SHR-04-L025,1.116848533488621,0.6970189230486608,0
CV01,5,4,0.5,TSQR-04-L050,TAP-RBF-SHR-04-L050,1.116848533488621,0.6970189230486608,0
CV01,5,6,0.1,TSQR-06-L010,TAP-RBF-SHR-06-L010,0.9080220667763161,0.6856092096776977,0
CV01,5,6,0.25,TSQR-06-L025,TAP-RBF-SHR-06-L025,0.9080220667763161,0.6856092096776977,0
CV01,5,6,0.5,TSQR-06-L050,TAP-RBF-SHR-06-L050,0.9080220667763161,0.6856092096776977,0
CV01,5,8,0.1,TSQR-08-L010,TAP-RBF-SHR-08-L010,1.0059375022164747,0.8523091957178484,0
CV01,5,8,0.25,TSQR-08-L025,TAP-RBF-SHR-08-L025,1.0059375022164747,0.8523091957178484,0
CV01,5,8,0.5,TSQR-08-L050,TAP-RBF-SHR-08-L050,1.0059375022164747,0.8523091957178484,0
CV01,6,4,0.1,TSQR-04-L010,TAP-RBF-SHR-04-L010,1.116789940513996,0.6970212792063475,0
CV01,6,4,0.25,TSQR-04-L025,TAP-RBF-SHR-04-L025,1.116789940513996,0.6970212792063475,0
CV01,6,4,0.5,TSQR-04-L050,TAP-RBF-SHR-04-L050,1.116789940513996,0.6970212792063475,0
CV01,6,6,0.1,TSQR-06-L010,TAP-RBF-SHR-06-L010,0.9086237677413954,0.6862773906813127,0
CV01,6,6,0.25,TSQR-06-L025,TAP-RBF-SHR-06-L025,0.9086237677413954,0.6862773906813127,0
CV01,6,6,0.5,TSQR-06-L050,TAP-RBF-SHR-06-L050,0.9086237677413954,0.6862773906813127,0
CV01,6,8,0.1,TSQR-08-L010,TAP-RBF-SHR-08-L010,1.0068294077545095,0.8525991562806933,0
CV01,6,8,0.25,TSQR-08-L025,TAP-RBF-SHR-08-L025,1.0068294077545095,0.8525991562806933,0
CV01,6,8,0.5,TSQR-08-L050,TAP-RBF-SHR-08-L050,1.0068294077545095,0.8525991562806933,0
CV01,7,4,0.1,TSQR-04-L010,TAP-RBF-SHR-04-L010,1.116793170874691,0.6970315516538934,0
CV01,7,4,0.25,TSQR-04-L025,TAP-RBF-SHR-04-L025,1.116793170874691,0.6970315516538934,0
CV01,7,4,0.5,TSQR-04-L050,TAP-RBF-SHR-04-L050,1.116793170874691,0.6970315516538934,0
CV01,7,6,0.1,TSQR-06-L010,TAP-RBF-SHR-06-L010,0.9080122303341183,0.685609237177123,0
CV01,7,6,0.25,TSQR-06-L025,TAP-RBF-SHR-06-L025,0.9080122303341183,0.685609237177123,0
CV01,7,6,0.5,TSQR-06-L050,TAP-RBF-SHR-06-L050,0.9080122303341183,0.685609237177123,0
CV01,7,8,0.1,TSQR-08-L010,TAP-RBF-SHR-08-L010,1.00526671287453,0.8522102691084206,0
CV01,7,8,0.25,TSQR-08-L025,TAP-RBF-SHR-08-L025,1.00526671287453,0.8522102691084206,0
CV01,7,8,0.5,TSQR-08-L050,TAP-RBF-SHR-08-L050,1.00526671287453,0.8522102691084206,0
CV01,8,4,0.1,TSQR-04-L010,TAP-RBF-SHR-04-L010,1.116776579935912,0.6970227465300277,0
CV01,8,4,0.25,TSQR-04-L025,TAP-RBF-SHR-04-L025,1.116776579935912,0.6970227465300277,0
CV01,8,4,0.5,TSQR-04-L050,TAP-RBF-SHR-04-L050,1.116776579935912,0.6970227465300277,0
CV01,8,6,0.1,TSQR-06-L010,TAP-RBF-SHR-06-L010,0.9079791145324005,0.6855920631534704,0
CV01,8,6,0.25,TSQR-06-L025,TAP-RBF-SHR-06-L025,0.9079791145324005,0.6855920631534704,0
CV01,8,6,0.5,TSQR-06-L050,TAP-RBF-SHR-06-L050,0.9079791145324005,0.6855920631534704,0
CV01,8,8,0.1,TSQR-08-L010,TAP-RBF-SHR-08-L010,1.005864383006601,0.8526560885668096,0
CV01,8,8,0.25,TSQR-08-L025,TAP-RBF-SHR-08-L025,1.005864383006601,0.8526560885668096,0
CV01,8,8,0.5,TSQR-08-L050,TAP-RBF-SHR-08-L050,1.005864383006601,0.8526560885668096,0
CV01,9,4,0.1,TSQR-04-L010,TAP-RBF-SHR-04-L010,1.1170060578303471,0.6970359025016758,0
CV01,9,4,0.25,TSQR-04-L025,TAP-RBF-SHR-04-L025,1.1170060578303471,0.6970359025016758,0
CV01,9,4,0.5,TSQR-04-L050,TAP-RBF-SHR-04-L050,1.1170060578303471,0.6970359025016758,0
CV01,9,6,0.1,TSQR-06-L010,TAP-RBF-SHR-06-L010,0.9080703621092193,0.6856104353582528,0
CV01,9,6,0.25,TSQR-06-L025,TAP-RBF-SHR-06-L025,0.9080703621092193,0.6856104353582528,0
CV01,9,6,0.5,TSQR-06-L050,TAP-RBF-SHR-06-L050,0.9080703621092193,0.6856104353582528,0
CV01,9,8,0.1,TSQR-08-L010,TAP-RBF-SHR-08-L010,1.005551886681477,0.8521309917875192,0
CV01,9,8,0.25,TSQR-08-L025,TAP-RBF-SHR-08-L025,1.005551886681477,0.8521309917875192,0
CV01,9,8,0.5,TSQR-08-L050,TAP-RBF-SHR-08-L050,1.005551886681477,0.8521309917875192,0
CV01,10,4,0.1,TSQR-04-L010,TAP-RBF-SHR-04-L010,1.116763642691711,0.6970348420714374,0
CV01,10,4,0.25,TSQR-04-L025,TAP-RBF-SHR-04-L025,1.116763642691711,0.6970348420714374,0
CV01,10,4,0.5,TSQR-04-L050,TAP-RBF-SHR-04-L050,1.116763642691711,0.6970348420714374,0
CV01,10,6,0.1,TSQR-06-L010,TAP-RBF-SHR-06-L010,0.9085027836282892,0.6857441915643632,0
CV01,10,6,0.25,TSQR-06-L025,TAP-RBF-SHR-06-L025,0.9085027836282892,0.6857441915643632,0
CV01,10,6,0.5,TSQR-06-L050,TAP-RBF-SHR-06-L050,0.9085027836282892,0.6857441915643632,0
CV01,10,8,0.1,TSQR-08-L010,TAP-RBF-SHR-08-L010,1.0056062857082289,0.8522683253482489,0
CV01,10,8,0.25,TSQR-08-L025,TAP-RBF-SHR-08-L025,1.0056062857082289,0.8522683253482489,0
CV01,10,8,0.5,TSQR-08-L050,TAP-RBF-SHR-08-L050,1.0056062857082289,0.8522683253482489,0
CV01,11,4,0.1,TSQR-04-L010,TAP-RBF-SHR-04-L010,1.1167889592748672,0.6969656405594954,0
CV01,11,4,0.25,TSQR-04-L025,TAP-RBF-SHR-04-L025,1.1167889592748672,0.6969656405594954,0
CV01,11,4,0.5,TSQR-04-L050,TAP-RBF-SHR-04-L050,1.1167889592748672,0.6969656405594954,0
CV01,11,6,0.1,TSQR-06-L010,TAP-RBF-SHR-06-L010,0.9079169185241545,0.6855776975342576,0
CV01,11,6,0.25,TSQR-06-L025,TAP-RBF-SHR-06-L025,0.9079169185241545,0.6855776975342576,0
CV01,11,6,0.5,TSQR-06-L050,TAP-RBF-SHR-06-L050,0.9079169185241545,0.6855776975342576,0
CV01,11,8,0.1,TSQR-08-L010,TAP-RBF-SHR-08-L010,1.005646755812581,0.8522922461365517,0
CV01,11,8,0.25,TSQR-08-L025,TAP-RBF-SHR-08-L025,1.005646755812581,0.8522922461365517,0
CV01,11,8,0.5,TSQR-08-L050,TAP-RBF-SHR-08-L050,1.005646755812581,0.8522922461365517,0
CV01,12,4,0.1,TSQR-04-L010,TAP-RBF-SHR-04-L010,1.1167687014854837,0.6969494224630703,0
CV01,12,4,0.25,TSQR-04-L025,TAP-RBF-SHR-04-L025,1.1167687014854837,0.6969494224630703,0
CV01,12,4,0.5,TSQR-04-L050,TAP-RBF-SHR-04-L050,1.1167687014854837,0.6969494224630703,0
CV01,12,6,0.1,TSQR-06-L010,TAP-RBF-SHR-06-L010,0.908814657239134,0.686055447440889,0
CV01,12,6,0.25,TSQR-06-L025,TAP-RBF-SHR-06-L025,0.908814657239134,0.686055447440889,0
CV01,12,6,0.5,TSQR-06-L050,TAP-RBF-SHR-06-L050,0.908814657239134,0.686055447440889,0
CV01,12,8,0.1,TSQR-08-L010,TAP-RBF-SHR-08-L010,1.0057141369664175,0.8523874512580958,0
CV01,12,8,0.25,TSQR-08-L025,TAP-RBF-SHR-08-L025,1.0057141369664175,0.8523874512580958,0
CV01,12,8,0.5,TSQR-08-L050,TAP-RBF-SHR-08-L050,1.0057141369664175,0.8523874512580958,0
CV01,13,4,0.1,TSQR-04-L010,TAP-RBF-SHR-04-L010,1.1170126589216804,0.6970804897563201,0
CV01,13,4,0.25,TSQR-04-L025,TAP-RBF-SHR-04-L025,1.1170126589216804,0.6970804897563201,0
CV01,13,4,0.5,TSQR-04-L050,TAP-RBF-SHR-04-L050,1.1170126589216804,0.6970804897563201,0
CV01,13,6,0.1,TSQR-06-L010,TAP-RBF-SHR-06-L010,0.9085282034036334,0.6856907650118784,0
CV01,13,6,0.25,TSQR-06-L025,TAP-RBF-SHR-06-L025,0.9085282034036334,0.6856907650118784,0
CV01,13,6,0.5,TSQR-06-L050,TAP-RBF-SHR-06-L050,0.9085282034036334,0.6856907650118784,0
CV01,13,8,0.1,TSQR-08-L010,TAP-RBF-SHR-08-L010,1.006409905983072,0.8523812658191031,0
CV01,13,8,0.25,TSQR-08-L025,TAP-RBF-SHR-08-L025,1.006409905983072,0.8523812658191031,0
CV01,13,8,0.5,TSQR-08-L050,TAP-RBF-SHR-08-L050,1.006409905983072,0.8523812658191031,0
CV01,14,4,0.1,TSQR-04-L010,TAP-RBF-SHR-04-L010,1.1167789210161474,0.6970308994008539,0
CV01,14,4,0.25,TSQR-04-L025,TAP-RBF-SHR-04-L025,1.1167789210161474,0.6970308994008539,0
CV01,14,4,0.5,TSQR-04-L050,TAP-RBF-SHR-04-L050,1.1167789210161474,0.6970308994008539,0
CV01,14,6,0.1,TSQR-06-L010,TAP-RBF-SHR-06-L010,0.9080518109853425,0.685597161641373,0
CV01,14,6,0.25,TSQR-06-L025,TAP-RBF-SHR-06-L025,0.9080518109853425,0.685597161641373,0
CV01,14,6,0.5,TSQR-06-L050,TAP-RBF-SHR-06-L050,0.9080518109853425,0.685597161641373,0
CV01,14,8,0.1,TSQR-08-L010,TAP-RBF-SHR-08-L010,1.007406899717902,0.8528127550673136,0
CV01,14,8,0.25,TSQR-08-L025,TAP-RBF-SHR-08-L025,1.007406899717902,0.8528127550673136,0
CV01,14,8,0.5,TSQR-08-L050,TAP-RBF-SHR-08-L050,1.007406899717902,0.8528127550673136,0
CV01,15,4,0.1,TSQR-04-L010,TAP-RBF-SHR-04-L010,1.11684694478798,0.6970345830613328,0
CV01,15,4,0.25,TSQR-04-L025,TAP-RBF-SHR-04-L025,1.11684694478798,0.6970345830613328,0
CV01,15,4,0.5,TSQR-04-L050,TAP-RBF-SHR-04-L050,1.11684694478798,0.6970345830613328,0
CV01,15,6,0.1,TSQR-06-L010,TAP-RBF-SHR-06-L010,0.9081004377037551,0.6856979554411972,0
CV01,15,6,0.25,TSQR-06-L025,TAP-RBF-SHR-06-L025,0.9081004377037551,0.6856979554411972,0
CV01,15,6,0.5,TSQR-06-L050,TAP-RBF-SHR-06-L050,0.9081004377037551,0.6856979554411972,0
CV01,15,8,0.1,TSQR-08-L010,TAP-RBF-SHR-08-L010,1.006617263677318,0.8524775276806064,0
CV01,15,8,0.25,TSQR-08-L025,TAP-RBF-SHR-08-L025,1.006617263677318,0.8524775276806064,0
CV01,15,8,0.5,TSQR-08-L050,TAP-RBF-SHR-08-L050,1.006617263677318,0.8524775276806064,0
CV01,16,4,0.1,TSQR-04-L010,TAP-RBF-SHR-04-L010,1.1167805388270944,0.697043102945856,0
CV01,16,4,0.25,TSQR-04-L025,TAP-RBF-SHR-04-L025,1.1167805388270944,0.697043102945856,0
CV01,16,4,0.5,TSQR-04-L050,TAP-RBF-SHR-04-L050,1.1167805388270944,0.697043102945856,0
CV01,16,6,0.1,TSQR-06-L010,TAP-RBF-SHR-06-L010,0.9082795592172697,0.6856983022319607,0
CV01,16,6,0.25,TSQR-06-L025,TAP-RBF-SHR-06-L025,0.9082795592172697,0.6856983022319607,0
CV01,16,6,0.5,TSQR-06-L050,TAP-RBF-SHR-06-L050,0.9082795592172697,0.6856983022319607,0
CV01,16,8,0.1,TSQR-08-L010,TAP-RBF-SHR-08-L010,1.0064190494278233,0.852792143402223,0
CV01,16,8,0.25,TSQR-08-L025,TAP-RBF-SHR-08-L025,1.0064190494278233,0.852792143402223,0
CV01,16,8,0.5,TSQR-08-L050,TAP-RBF-SHR-08-L050,1.0064190494278233,0.852792143402223,0
CV01,17,4,0.1,TSQR-04-L010,TAP-RBF-SHR-04-L010,1.1167850294689112,0.6970344927435324,0
CV01,17,4,0.25,TSQR-04-L025,TAP-RBF-SHR-04-L025,1.1167850294689112,0.6970344927435324,0
CV01,17,4,0.5,TSQR-04-L050,TAP-RBF-SHR-04-L050,1.1167850294689112,0.6970344927435324,0
CV01,17,6,0.1,TSQR-06-L010,TAP-RBF-SHR-06-L010,0.9081569392597992,0.6856345389323529,0
CV01,17,6,0.25,TSQR-06-L025,TAP-RBF-SHR-06-L025,0.9081569392597992,0.6856345389323529,0
CV01,17,6,0.5,TSQR-06-L050,TAP-RBF-SHR-06-L050,0.9081569392597992,0.6856345389323529,0
CV01,17,8,0.1,TSQR-08-L010,TAP-RBF-SHR-08-L010,1.0062261702432775,0.8523823254829342,0
CV01,17,8,0.25,TSQR-08-L025,TAP-RBF-SHR-08-L025,1.0062261702432775,0.8523823254829342,0
CV01,17,8,0.5,TSQR-08-L050,TAP-RBF-SHR-08-L050,1.0062261702432775,0.8523823254829342,0
CV01,18,4,0.1,TSQR-04-L010,TAP-RBF-SHR-04-L010,1.1167723251971682,0.6969956060539608,0
CV01,18,4,0.25,TSQR-04-L025,TAP-RBF-SHR-04-L025,1.1167723251971682,0.6969956060539608,0
CV01,18,4,0.5,TSQR-04-L050,TAP-RBF-SHR-04-L050,1.1167723251971682,0.6969956060539608,0
CV01,18,6,0.1,TSQR-06-L010,TAP-RBF-SHR-06-L010,0.9080089181900687,0.6855866634310974,0
CV01,18,6,0.25,TSQR-06-L025,TAP-RBF-SHR-06-L025,0.9080089181900687,0.6855866634310974,0
CV01,18,6,0.5,TSQR-06-L050,TAP-RBF-SHR-06-L050,0.9080089181900687,0.6855866634310974,0
CV01,18,8,0.1,TSQR-08-L010,TAP-RBF-SHR-08-L010,1.00568897600008,0.8523147920329028,0
CV01,18,8,0.25,TSQR-08-L025,TAP-RBF-SHR-08-L025,1.00568897600008,0.8523147920329028,0
CV01,18,8,0.5,TSQR-08-L050,TAP-RBF-SHR-08-L050,1.00568897600008,0.8523147920329028,0
CV01,19,4,0.1,TSQR-04-L010,TAP-RBF-SHR-04-L010,1.1167814032680727,0.6970228509080318,0
CV01,19,4,0.25,TSQR-04-L025,TAP-RBF-SHR-04-L025,1.1167814032680727,0.6970228509080318,0
CV01,19,4,0.5,TSQR-04-L050,TAP-RBF-SHR-04-L050,1.1167814032680727,0.6970228509080318,0
CV01,19,6,0.1,TSQR-06-L010,TAP-RBF-SHR-06-L010,0.9082659710710231,0.685604672930071,0
CV01,19,6,0.25,TSQR-06-L025,TAP-RBF-SHR-06-L025,0.9082659710710231,0.685604672930071,0
CV01,19,6,0.5,TSQR-06-L050,TAP-RBF-SHR-06-L050,0.9082659710710231,0.685604672930071,0
CV01,19,8,0.1,TSQR-08-L010,TAP-RBF-SHR-08-L010,1.0052291201025099,0.8525576277499777,0
CV01,19,8,0.25,TSQR-08-L025,TAP-RBF-SHR-08-L025,1.0052291201025099,0.8525576277499777,0
CV01,19,8,0.5,TSQR-08-L050,TAP-RBF-SHR-08-L050,1.0052291201025099,0.8525576277499777,0
CV01,20,4,0.1,TSQR-04-L010,TAP-RBF-SHR-04-L010,1.116779366707672,0.6970299302814928,0
CV01,20,4,0.25,TSQR-04-L025,TAP-RBF-SHR-04-L025,1.116779366707672,0.6970299302814928,0
CV01,20,4,0.5,TSQR-04-L050,TAP-RBF-SHR-04-L050,1.116779366707672,0.6970299302814928,0
CV01,20,6,0.1,TSQR-06-L010,TAP-RBF-SHR-06-L010,0.9080126855802121,0.6855891548535729,0
CV01,20,6,0.25,TSQR-06-L025,TAP-RBF-SHR-06-L025,0.9080126855802121,0.6855891548535729,0
CV01,20,6,0.5,TSQR-06-L050,TAP-RBF-SHR-06-L050,0.9080126855802121,0.6855891548535729,0
CV01,20,8,0.1,TSQR-08-L010,TAP-RBF-SHR-08-L010,1.006148025745342,0.8523262670553202,0
CV01,20,8,0.25,TSQR-08-L025,TAP-RBF-SHR-08-L025,1.006148025745342,0.8523262670553202,0
CV01,20,8,0.5,TSQR-08-L050,TAP-RBF-SHR-08-L050,1.006148025745342,0.8523262670553202,0
CV02,1,4,0.1,TSQR-04-L010,TAP-RBF-SHR-04-L010,1.598384108134215,1.4908347266917052,0
CV02,1,4,0.25,TSQR-04-L025,TAP-RBF-SHR-04-L025,1.598384108134215,1.4908347266917052,0
CV02,1,4,0.5,TSQR-04-L050,TAP-RBF-SHR-04-L050,1.598384108134215,1.4908347266917052,0
CV02,1,6,0.1,TSQR-06-L010,TAP-RBF-SHR-06-L010,1.0060758478704583,0.9315059952330997,0
CV02,1,6,0.25,TSQR-06-L025,TAP-RBF-SHR-06-L025,1.0060758478704583,0.9315059952330997,0
CV02,1,6,0.5,TSQR-06-L050,TAP-RBF-SHR-06-L050,1.0060758478704583,0.9315059952330997,0
CV02,1,8,0.1,TSQR-08-L010,TAP-RBF-SHR-08-L010,0.7726307288845036,0.765348438989028,0
CV02,1,8,0.25,TSQR-08-L025,TAP-RBF-SHR-08-L025,0.7726307288845036,0.765348438989028,0
CV02,1,8,0.5,TSQR-08-L050,TAP-RBF-SHR-08-L050,0.7726307288845036,0.765348438989028,0
CV02,2,4,0.1,TSQR-04-L010,TAP-RBF-SHR-04-L010,1.5982506561973442,1.4907833958554135,0
CV02,2,4,0.25,TSQR-04-L025,TAP-RBF-SHR-04-L025,1.5982506561973442,1.4907833958554135,0
CV02,2,4,0.5,TSQR-04-L050,TAP-RBF-SHR-04-L050,1.5982506561973442,1.4907833958554135,0
CV02,2,6,0.1,TSQR-06-L010,TAP-RBF-SHR-06-L010,1.0054864175474494,0.9315103850425569,0
CV02,2,6,0.25,TSQR-06-L025,TAP-RBF-SHR-06-L025,1.0054864175474494,0.9315103850425569,0
CV02,2,6,0.5,TSQR-06-L050,TAP-RBF-SHR-06-L050,1.0054864175474494,0.9315103850425569,0
CV02,2,8,0.1,TSQR-08-L010,TAP-RBF-SHR-08-L010,0.7727721878093905,0.7650937591925868,0
CV02,2,8,0.25,TSQR-08-L025,TAP-RBF-SHR-08-L025,0.7727721878093905,0.7650937591925868,0
CV02,2,8,0.5,TSQR-08-L050,TAP-RBF-SHR-08-L050,0.7727721878093905,0.7650937591925868,0
CV02,3,4,0.1,TSQR-04-L010,TAP-RBF-SHR-04-L010,1.5986647087768249,1.4908277043342801,0
CV02,3,4,0.25,TSQR-04-L025,TAP-RBF-SHR-04-L025,1.5986647087768249,1.4908277043342801,0
CV02,3,4,0.5,TSQR-04-L050,TAP-RBF-SHR-04-L050,1.5986647087768249,1.4908277043342801,0
CV02,3,6,0.1,TSQR-06-L010,TAP-RBF-SHR-06-L010,1.0076725638560504,0.9315940327325632,0
CV02,3,6,0.25,TSQR-06-L025,TAP-RBF-SHR-06-L025,1.0076725638560504,0.9315940327325632,0
CV02,3,6,0.5,TSQR-06-L050,TAP-RBF-SHR-06-L050,1.0076725638560504,0.9315940327325632,0
CV02,3,8,0.1,TSQR-08-L010,TAP-RBF-SHR-08-L010,0.7730202393780126,0.7654023388937976,0
CV02,3,8,0.25,TSQR-08-L025,TAP-RBF-SHR-08-L025,0.7730202393780126,0.7654023388937976,0
CV02,3,8,0.5,TSQR-08-L050,TAP-RBF-SHR-08-L050,0.7730202393780126,0.7654023388937976,0
CV02,4,4,0.1,TSQR-04-L010,TAP-RBF-SHR-04-L010,1.5986446317283096,1.4908238493938182,0
CV02,4,4,0.25,TSQR-04-L025,TAP-RBF-SHR-04-L025,1.5986446317283096,1.4908238493938182,0
CV02,4,4,0.5,TSQR-04-L050,TAP-RBF-SHR-04-L050,1.5986446317283096,1.4908238493938182,0
CV02,4,6,0.1,TSQR-06-L010,TAP-RBF-SHR-06-L010,1.0058808671296755,0.9315110466282643,0
CV02,4,6,0.25,TSQR-06-L025,TAP-RBF-SHR-06-L025,1.0058808671296755,0.9315110466282643,0
CV02,4,6,0.5,TSQR-06-L050,TAP-RBF-SHR-06-L050,1.0058808671296755,0.9315110466282643,0
CV02,4,8,0.1,TSQR-08-L010,TAP-RBF-SHR-08-L010,0.7724534389867348,0.7656149416084284,0
CV02,4,8,0.25,TSQR-08-L025,TAP-RBF-SHR-08-L025,0.7724534389867348,0.7656149416084284,0
CV02,4,8,0.5,TSQR-08-L050,TAP-RBF-SHR-08-L050,0.7724534389867348,0.7656149416084284,0
CV02,5,4,0.1,TSQR-04-L010,TAP-RBF-SHR-04-L010,1.5984317069093374,1.4908251227260878,0
CV02,5,4,0.25,TSQR-04-L025,TAP-RBF-SHR-04-L025,1.5984317069093374,1.4908251227260878,0
CV02,5,4,0.5,TSQR-04-L050,TAP-RBF-SHR-04-L050,1.5984317069093374,1.4908251227260878,0
CV02,5,6,0.1,TSQR-06-L010,TAP-RBF-SHR-06-L010,1.0050743855757518,0.9315126804105655,0
CV02,5,6,0.25,TSQR-06-L025,TAP-RBF-SHR-06-L025,1.0050743855757518,0.9315126804105655,0
CV02,5,6,0.5,TSQR-06-L050,TAP-RBF-SHR-06-L050,1.0050743855757518,0.9315126804105655,0
CV02,5,8,0.1,TSQR-08-L010,TAP-RBF-SHR-08-L010,0.7724458345793189,0.7653164551284733,0
CV02,5,8,0.25,TSQR-08-L025,TAP-RBF-SHR-08-L025,0.7724458345793189,0.7653164551284733,0
CV02,5,8,0.5,TSQR-08-L050,TAP-RBF-SHR-08-L050,0.7724458345793189,0.7653164551284733,0
CV02,6,4,0.1,TSQR-04-L010,TAP-RBF-SHR-04-L010,1.5982588577513857,1.4908277046073153,0
CV02,6,4,0.25,TSQR-04-L025,TAP-RBF-SHR-04-L025,1.5982588577513857,1.4908277046073153,0
CV02,6,4,0.5,TSQR-04-L050,TAP-RBF-SHR-04-L050,1.5982588577513857,1.4908277046073153,0
CV02,6,6,0.1,TSQR-06-L010,TAP-RBF-SHR-06-L010,1.0058010363709333,0.9315030508869145,0
CV02,6,6,0.25,TSQR-06-L025,TAP-RBF-SHR-06-L025,1.0058010363709333,0.9315030508869145,0
CV02,6,6,0.5,TSQR-06-L050,TAP-RBF-SHR-06-L050,1.0058010363709333,0.9315030508869145,0
CV02,6,8,0.1,TSQR-08-L010,TAP-RBF-SHR-08-L010,0.7730929780924012,0.7652154520389575,0
CV02,6,8,0.25,TSQR-08-L025,TAP-RBF-SHR-08-L025,0.7730929780924012,0.7652154520389575,0
CV02,6,8,0.5,TSQR-08-L050,TAP-RBF-SHR-08-L050,0.7730929780924012,0.7652154520389575,0
CV02,7,4,0.1,TSQR-04-L010,TAP-RBF-SHR-04-L010,1.5985119860686,1.4908225232437866,0
CV02,7,4,0.25,TSQR-04-L025,TAP-RBF-SHR-04-L025,1.5985119860686,1.4908225232437866,0
CV02,7,4,0.5,TSQR-04-L050,TAP-RBF-SHR-04-L050,1.5985119860686,1.4908225232437866,0
CV02,7,6,0.1,TSQR-06-L010,TAP-RBF-SHR-06-L010,1.005348596462942,0.9315141489844242,0
CV02,7,6,0.25,TSQR-06-L025,TAP-RBF-SHR-06-L025,1.005348596462942,0.9315141489844242,0
CV02,7,6,0.5,TSQR-06-L050,TAP-RBF-SHR-06-L050,1.005348596462942,0.9315141489844242,0
CV02,7,8,0.1,TSQR-08-L010,TAP-RBF-SHR-08-L010,0.7725606943384277,0.7650795397350153,0
CV02,7,8,0.25,TSQR-08-L025,TAP-RBF-SHR-08-L025,0.7725606943384277,0.7650795397350153,0
CV02,7,8,0.5,TSQR-08-L050,TAP-RBF-SHR-08-L050,0.7725606943384277,0.7650795397350153,0
CV02,8,4,0.1,TSQR-04-L010,TAP-RBF-SHR-04-L010,1.5984933873531382,1.4907998400159677,0
CV02,8,4,0.25,TSQR-04-L025,TAP-RBF-SHR-04-L025,1.5984933873531382,1.4907998400159677,0
CV02,8,4,0.5,TSQR-04-L050,TAP-RBF-SHR-04-L050,1.5984933873531382,1.4907998400159677,0
CV02,8,6,0.1,TSQR-06-L010,TAP-RBF-SHR-06-L010,1.0050746253932064,0.9315369077249132,0
CV02,8,6,0.25,TSQR-06-L025,TAP-RBF-SHR-06-L025,1.0050746253932064,0.9315369077249132,0
CV02,8,6,0.5,TSQR-06-L050,TAP-RBF-SHR-06-L050,1.0050746253932064,0.9315369077249132,0
CV02,8,8,0.1,TSQR-08-L010,TAP-RBF-SHR-08-L010,0.7734652230186253,0.7654375092951992,0
CV02,8,8,0.25,TSQR-08-L025,TAP-RBF-SHR-08-L025,0.7734652230186253,0.7654375092951992,0
CV02,8,8,0.5,TSQR-08-L050,TAP-RBF-SHR-08-L050,0.7734652230186253,0.7654375092951992,0
CV02,9,4,0.1,TSQR-04-L010,TAP-RBF-SHR-04-L010,1.5986781962932086,1.4908254600443172,0
CV02,9,4,0.25,TSQR-04-L025,TAP-RBF-SHR-04-L025,1.5986781962932086,1.4908254600443172,0
CV02,9,4,0.5,TSQR-04-L050,TAP-RBF-SHR-04-L050,1.5986781962932086,1.4908254600443172,0
CV02,9,6,0.1,TSQR-06-L010,TAP-RBF-SHR-06-L010,1.005387260212186,0.9314914774640916,0
CV02,9,6,0.25,TSQR-06-L025,TAP-RBF-SHR-06-L025,1.005387260212186,0.9314914774640916,0
CV02,9,6,0.5,TSQR-06-L050,TAP-RBF-SHR-06-L050,1.005387260212186,0.9314914774640916,0
CV02,9,8,0.1,TSQR-08-L010,TAP-RBF-SHR-08-L010,0.7730349019883466,0.7654470306038538,0
CV02,9,8,0.25,TSQR-08-L025,TAP-RBF-SHR-08-L025,0.7730349019883466,0.7654470306038538,0
CV02,9,8,0.5,TSQR-08-L050,TAP-RBF-SHR-08-L050,0.7730349019883466,0.7654470306038538,0
CV02,10,4,0.1,TSQR-04-L010,TAP-RBF-SHR-04-L010,1.5986238695319328,1.4908264010474004,0
CV02,10,4,0.25,TSQR-04-L025,TAP-RBF-SHR-04-L025,1.5986238695319328,1.4908264010474004,0
CV02,10,4,0.5,TSQR-04-L050,TAP-RBF-SHR-04-L050,1.5986238695319328,1.4908264010474004,0
CV02,10,6,0.1,TSQR-06-L010,TAP-RBF-SHR-06-L010,1.0058660347372617,0.9315567578478395,0
CV02,10,6,0.25,TSQR-06-L025,TAP-RBF-SHR-06-L025,1.0058660347372617,0.9315567578478395,0
CV02,10,6,0.5,TSQR-06-L050,TAP-RBF-SHR-06-L050,1.0058660347372617,0.9315567578478395,0
CV02,10,8,0.1,TSQR-08-L010,TAP-RBF-SHR-08-L010,0.7728902021458703,0.765362088817028,0
CV02,10,8,0.25,TSQR-08-L025,TAP-RBF-SHR-08-L025,0.7728902021458703,0.765362088817028,0
CV02,10,8,0.5,TSQR-08-L050,TAP-RBF-SHR-08-L050,0.7728902021458703,0.765362088817028,0
CV02,11,4,0.1,TSQR-04-L010,TAP-RBF-SHR-04-L010,1.598124939896779,1.4908199880181914,0
CV02,11,4,0.25,TSQR-04-L025,TAP-RBF-SHR-04-L025,1.598124939896779,1.4908199880181914,0
CV02,11,4,0.5,TSQR-04-L050,TAP-RBF-SHR-04-L050,1.598124939896779,1.4908199880181914,0
CV02,11,6,0.1,TSQR-06-L010,TAP-RBF-SHR-06-L010,1.0053409233554218,0.9315144377662752,0
CV02,11,6,0.25,TSQR-06-L025,TAP-RBF-SHR-06-L025,1.0053409233554218,0.9315144377662752,0
CV02,11,6,0.5,TSQR-06-L050,TAP-RBF-SHR-06-L050,1.0053409233554218,0.9315144377662752,0
CV02,11,8,0.1,TSQR-08-L010,TAP-RBF-SHR-08-L010,0.7727836271845465,0.7652092682075321,0
CV02,11,8,0.25,TSQR-08-L025,TAP-RBF-SHR-08-L025,0.7727836271845465,0.7652092682075321,0
CV02,11,8,0.5,TSQR-08-L050,TAP-RBF-SHR-08-L050,0.7727836271845465,0.7652092682075321,0
CV02,12,4,0.1,TSQR-04-L010,TAP-RBF-SHR-04-L010,1.5982532902871012,1.4908061378198543,0
CV02,12,4,0.25,TSQR-04-L025,TAP-RBF-SHR-04-L025,1.5982532902871012,1.4908061378198543,0
CV02,12,4,0.5,TSQR-04-L050,TAP-RBF-SHR-04-L050,1.5982532902871012,1.4908061378198543,0
CV02,12,6,0.1,TSQR-06-L010,TAP-RBF-SHR-06-L010,1.0057978750836938,0.9315589831424355,0
CV02,12,6,0.25,TSQR-06-L025,TAP-RBF-SHR-06-L025,1.0057978750836938,0.9315589831424355,0
CV02,12,6,0.5,TSQR-06-L050,TAP-RBF-SHR-06-L050,1.0057978750836938,0.9315589831424355,0
CV02,12,8,0.1,TSQR-08-L010,TAP-RBF-SHR-08-L010,0.7728003976889657,0.7653091382639264,0
CV02,12,8,0.25,TSQR-08-L025,TAP-RBF-SHR-08-L025,0.7728003976889657,0.7653091382639264,0
CV02,12,8,0.5,TSQR-08-L050,TAP-RBF-SHR-08-L050,0.7728003976889657,0.7653091382639264,0
CV02,13,4,0.1,TSQR-04-L010,TAP-RBF-SHR-04-L010,1.5986006609046528,1.490827633806506,0
CV02,13,4,0.25,TSQR-04-L025,TAP-RBF-SHR-04-L025,1.5986006609046528,1.490827633806506,0
CV02,13,4,0.5,TSQR-04-L050,TAP-RBF-SHR-04-L050,1.5986006609046528,1.490827633806506,0
CV02,13,6,0.1,TSQR-06-L010,TAP-RBF-SHR-06-L010,1.0058737396345252,0.9315255385350594,0
CV02,13,6,0.25,TSQR-06-L025,TAP-RBF-SHR-06-L025,1.0058737396345252,0.9315255385350594,0
CV02,13,6,0.5,TSQR-06-L050,TAP-RBF-SHR-06-L050,1.0058737396345252,0.9315255385350594,0
CV02,13,8,0.1,TSQR-08-L010,TAP-RBF-SHR-08-L010,0.7726804759642814,0.765201129698669,0
CV02,13,8,0.25,TSQR-08-L025,TAP-RBF-SHR-08-L025,0.7726804759642814,0.765201129698669,0
CV02,13,8,0.5,TSQR-08-L050,TAP-RBF-SHR-08-L050,0.7726804759642814,0.765201129698669,0
CV02,14,4,0.1,TSQR-04-L010,TAP-RBF-SHR-04-L010,1.5984359044612102,1.4908283420195445,0
CV02,14,4,0.25,TSQR-04-L025,TAP-RBF-SHR-04-L025,1.5984359044612102,1.4908283420195445,0
CV02,14,4,0.5,TSQR-04-L050,TAP-RBF-SHR-04-L050,1.5984359044612102,1.4908283420195445,0
CV02,14,6,0.1,TSQR-06-L010,TAP-RBF-SHR-06-L010,1.0053367776246036,0.9315194789631712,0
CV02,14,6,0.25,TSQR-06-L025,TAP-RBF-SHR-06-L025,1.0053367776246036,0.9315194789631712,0
CV02,14,6,0.5,TSQR-06-L050,TAP-RBF-SHR-06-L050,1.0053367776246036,0.9315194789631712,0
CV02,14,8,0.1,TSQR-08-L010,TAP-RBF-SHR-08-L010,0.7724697266286468,0.7653517356251195,0
CV02,14,8,0.25,TSQR-08-L025,TAP-RBF-SHR-08-L025,0.7724697266286468,0.7653517356251195,0
CV02,14,8,0.5,TSQR-08-L050,TAP-RBF-SHR-08-L050,0.7724697266286468,0.7653517356251195,0
CV02,15,4,0.1,TSQR-04-L010,TAP-RBF-SHR-04-L010,1.5986467976884153,1.4908200465174066,0
CV02,15,4,0.25,TSQR-04-L025,TAP-RBF-SHR-04-L025,1.5986467976884153,1.4908200465174066,0
CV02,15,4,0.5,TSQR-04-L050,TAP-RBF-SHR-04-L050,1.5986467976884153,1.4908200465174066,0
CV02,15,6,0.1,TSQR-06-L010,TAP-RBF-SHR-06-L010,1.0057763735332528,0.9315984923638004,0
CV02,15,6,0.25,TSQR-06-L025,TAP-RBF-SHR-06-L025,1.0057763735332528,0.9315984923638004,0
CV02,15,6,0.5,TSQR-06-L050,TAP-RBF-SHR-06-L050,1.0057763735332528,0.9315984923638004,0
CV02,15,8,0.1,TSQR-08-L010,TAP-RBF-SHR-08-L010,0.7725902687502397,0.7652640817024021,0
CV02,15,8,0.25,TSQR-08-L025,TAP-RBF-SHR-08-L025,0.7725902687502397,0.7652640817024021,0
CV02,15,8,0.5,TSQR-08-L050,TAP-RBF-SHR-08-L050,0.7725902687502397,0.7652640817024021,0
CV02,16,4,0.1,TSQR-04-L010,TAP-RBF-SHR-04-L010,1.5985883402586405,1.4908070732020027,0
CV02,16,4,0.25,TSQR-04-L025,TAP-RBF-SHR-04-L025,1.5985883402586405,1.4908070732020027,0
CV02,16,4,0.5,TSQR-04-L050,TAP-RBF-SHR-04-L050,1.5985883402586405,1.4908070732020027,0
CV02,16,6,0.1,TSQR-06-L010,TAP-RBF-SHR-06-L010,1.0061146317882994,0.9315483646206325,0
CV02,16,6,0.25,TSQR-06-L025,TAP-RBF-SHR-06-L025,1.0061146317882994,0.9315483646206325,0
CV02,16,6,0.5,TSQR-06-L050,TAP-RBF-SHR-06-L050,1.0061146317882994,0.9315483646206325,0
CV02,16,8,0.1,TSQR-08-L010,TAP-RBF-SHR-08-L010,0.7726749152397888,0.7649128696669483,0
CV02,16,8,0.25,TSQR-08-L025,TAP-RBF-SHR-08-L025,0.7726749152397888,0.7649128696669483,0
CV02,16,8,0.5,TSQR-08-L050,TAP-RBF-SHR-08-L050,0.7726749152397888,0.7649128696669483,0
CV02,17,4,0.1,TSQR-04-L010,TAP-RBF-SHR-04-L010,1.5979180464128044,1.4908056084613892,0
CV02,17,4,0.25,TSQR-04-L025,TAP-RBF-SHR-04-L025,1.5979180464128044,1.4908056084613892,0
CV02,17,4,0.5,TSQR-04-L050,TAP-RBF-SHR-04-L050,1.5979180464128044,1.4908056084613892,0
CV02,17,6,0.1,TSQR-06-L010,TAP-RBF-SHR-06-L010,1.0067916062131532,0.931568531712388,0
CV02,17,6,0.25,TSQR-06-L025,TAP-RBF-SHR-06-L025,1.0067916062131532,0.931568531712388,0
CV02,17,6,0.5,TSQR-06-L050,TAP-RBF-SHR-06-L050,1.0067916062131532,0.931568531712388,0
CV02,17,8,0.1,TSQR-08-L010,TAP-RBF-SHR-08-L010,0.7727103318950828,0.7653523810131078,0
CV02,17,8,0.25,TSQR-08-L025,TAP-RBF-SHR-08-L025,0.7727103318950828,0.7653523810131078,0
CV02,17,8,0.5,TSQR-08-L050,TAP-RBF-SHR-08-L050,0.7727103318950828,0.7653523810131078,0
CV02,18,4,0.1,TSQR-04-L010,TAP-RBF-SHR-04-L010,1.597711475719875,1.4907187236182602,0
CV02,18,4,0.25,TSQR-04-L025,TAP-RBF-SHR-04-L025,1.597711475719875,1.4907187236182602,0
CV02,18,4,0.5,TSQR-04-L050,TAP-RBF-SHR-04-L050,1.597711475719875,1.4907187236182602,0
CV02,18,6,0.1,TSQR-06-L010,TAP-RBF-SHR-06-L010,1.0055102387544197,0.931585561699323,0
CV02,18,6,0.25,TSQR-06-L025,TAP-RBF-SHR-06-L025,1.0055102387544197,0.931585561699323,0
CV02,18,6,0.5,TSQR-06-L050,TAP-RBF-SHR-06-L050,1.0055102387544197,0.931585561699323,0
CV02,18,8,0.1,TSQR-08-L010,TAP-RBF-SHR-08-L010,0.772557493814444,0.7655629887082332,0
CV02,18,8,0.25,TSQR-08-L025,TAP-RBF-SHR-08-L025,0.772557493814444,0.7655629887082332,0
CV02,18,8,0.5,TSQR-08-L050,TAP-RBF-SHR-08-L050,0.772557493814444,0.7655629887082332,0
CV02,19,4,0.1,TSQR-04-L010,TAP-RBF-SHR-04-L010,1.5985919635318488,1.4908327800185583,0
CV02,19,4,0.25,TSQR-04-L025,TAP-RBF-SHR-04-L025,1.5985919635318488,1.4908327800185583,0
CV02,19,4,0.5,TSQR-04-L050,TAP-RBF-SHR-04-L050,1.5985919635318488,1.4908327800185583,0
CV02,19,6,0.1,TSQR-06-L010,TAP-RBF-SHR-06-L010,1.0049544664286543,0.9314951248965531,0
CV02,19,6,0.25,TSQR-06-L025,TAP-RBF-SHR-06-L025,1.0049544664286543,0.9314951248965531,0
CV02,19,6,0.5,TSQR-06-L050,TAP-RBF-SHR-06-L050,1.0049544664286543,0.9314951248965531,0
CV02,19,8,0.1,TSQR-08-L010,TAP-RBF-SHR-08-L010,0.7728698726514767,0.7652867955366257,0
CV02,19,8,0.25,TSQR-08-L025,TAP-RBF-SHR-08-L025,0.7728698726514767,0.7652867955366257,0
CV02,19,8,0.5,TSQR-08-L050,TAP-RBF-SHR-08-L050,0.7728698726514767,0.7652867955366257,0
CV02,20,4,0.1,TSQR-04-L010,TAP-RBF-SHR-04-L010,1.5982674743047103,1.4908244638506856,0
CV02,20,4,0.25,TSQR-04-L025,TAP-RBF-SHR-04-L025,1.5982674743047103,1.4908244638506856,0
CV02,20,4,0.5,TSQR-04-L050,TAP-RBF-SHR-04-L050,1.5982674743047103,1.4908244638506856,0
CV02,20,6,0.1,TSQR-06-L010,TAP-RBF-SHR-06-L010,1.0048185056363,0.9315619661690676,0
CV02,20,6,0.25,TSQR-06-L025,TAP-RBF-SHR-06-L025,1.0048185056363,0.9315619661690676,0
CV02,20,6,0.5,TSQR-06-L050,TAP-RBF-SHR-06-L050,1.0048185056363,0.9315619661690676,0
CV02,20,8,0.1,TSQR-08-L010,TAP-RBF-SHR-08-L010,0.7725160934645701,0.7655982932769682,0
CV02,20,8,0.25,TSQR-08-L025,TAP-RBF-SHR-08-L025,0.7725160934645701,0.7655982932769682,0
CV02,20,8,0.5,TSQR-08-L050,TAP-RBF-SHR-08-L050,0.7725160934645701,0.7655982932769682,0
CV03,1,4,0.1,TSQR-04-L010,TAP-RBF-SHR-04-L010,1.8189206907509288,1.4943387016093868,0
CV03,1,4,0.25,TSQR-04-L025,TAP-RBF-SHR-04-L025,1.8189206907509288,1.4943387016093868,0
CV03,1,4,0.5,TSQR-04-L050,TAP-RBF-SHR-04-L050,1.8189206907509288,1.4943387016093868,0
CV03,1,6,0.1,TSQR-06-L010,TAP-RBF-SHR-06-L010,1.4264421797064255,1.6300776530239263,0
CV03,1,6,0.25,TSQR-06-L025,TAP-RBF-SHR-06-L025,1.4264421797064255,1.6300776530239263,0
CV03,1,6,0.5,TSQR-06-L050,TAP-RBF-SHR-06-L050,1.4264421797064255,1.6300776530239263,0
CV03,1,8,0.1,TSQR-08-L010,TAP-RBF-SHR-08-L010,1.5902771077086881,1.6458433883510861,0
CV03,1,8,0.25,TSQR-08-L025,TAP-RBF-SHR-08-L025,1.5902771077086881,1.6458433883510861,0
CV03,1,8,0.5,TSQR-08-L050,TAP-RBF-SHR-08-L050,1.5902771077086881,1.6458433883510861,0
CV03,2,4,0.1,TSQR-04-L010,TAP-RBF-SHR-04-L010,1.8188502860671023,1.4940173599729871,0
CV03,2,4,0.25,TSQR-04-L025,TAP-RBF-SHR-04-L025,1.8188502860671023,1.4940173599729871,0
CV03,2,4,0.5,TSQR-04-L050,TAP-RBF-SHR-04-L050,1.8188502860671023,1.4940173599729871,0
CV03,2,6,0.1,TSQR-06-L010,TAP-RBF-SHR-06-L010,1.4249438023669412,1.6291418989133826,0
CV03,2,6,0.25,TSQR-06-L025,TAP-RBF-SHR-06-L025,1.4249438023669412,1.6291418989133826,0
CV03,2,6,0.5,TSQR-06-L050,TAP-RBF-SHR-06-L050,1.4249438023669412,1.6291418989133826,0
CV03,2,8,0.1,TSQR-08-L010,TAP-RBF-SHR-08-L010,1.5886548443508322,1.6466350773747707,0
CV03,2,8,0.25,TSQR-08-L025,TAP-RBF-SHR-08-L025,1.5886548443508322,1.6466350773747707,0
CV03,2,8,0.5,TSQR-08-L050,TAP-RBF-SHR-08-L050,1.5886548443508322,1.6466350773747707,0
CV03,3,4,0.1,TSQR-04-L010,TAP-RBF-SHR-04-L010,1.8196152844872544,1.4936959016010982,0
CV03,3,4,0.25,TSQR-04-L025,TAP-RBF-SHR-04-L025,1.8196152844872544,1.4936959016010982,0
CV03,3,4,0.5,TSQR-04-L050,TAP-RBF-SHR-04-L050,1.8196152844872544,1.4936959016010982,0
CV03,3,6,0.1,TSQR-06-L010,TAP-RBF-SHR-06-L010,1.4298373063559773,1.6304371962809465,0
CV03,3,6,0.25,TSQR-06-L025,TAP-RBF-SHR-06-L025,1.4298373063559773,1.6304371962809465,0
CV03,3,6,0.5,TSQR-06-L050,TAP-RBF-SHR-06-L050,1.4298373063559773,1.6304371962809465,0
CV03,3,8,0.1,TSQR-08-L010,TAP-RBF-SHR-08-L010,1.5889412264958764,1.646708970515123,0
CV03,3,8,0.25,TSQR-08-L025,TAP-RBF-SHR-08-L025,1.5889412264958764,1.646708970515123,0
CV03,3,8,0.5,TSQR-08-L050,TAP-RBF-SHR-08-L050,1.5889412264958764,1.646708970515123,0
CV03,4,4,0.1,TSQR-04-L010,TAP-RBF-SHR-04-L010,1.8228903440709443,1.494204243440157,0
CV03,4,4,0.25,TSQR-04-L025,TAP-RBF-SHR-04-L025,1.8228903440709443,1.494204243440157,0
CV03,4,4,0.5,TSQR-04-L050,TAP-RBF-SHR-04-L050,1.8228903440709443,1.494204243440157,0
CV03,4,6,0.1,TSQR-06-L010,TAP-RBF-SHR-06-L010,1.4283113969327688,1.6298480228387415,0
CV03,4,6,0.25,TSQR-06-L025,TAP-RBF-SHR-06-L025,1.4283113969327688,1.6298480228387415,0
CV03,4,6,0.5,TSQR-06-L050,TAP-RBF-SHR-06-L050,1.4283113969327688,1.6298480228387415,0
CV03,4,8,0.1,TSQR-08-L010,TAP-RBF-SHR-08-L010,1.5920010555839395,1.6462974099395444,0
CV03,4,8,0.25,TSQR-08-L025,TAP-RBF-SHR-08-L025,1.5920010555839395,1.6462974099395444,0
CV03,4,8,0.5,TSQR-08-L050,TAP-RBF-SHR-08-L050,1.5920010555839395,1.6462974099395444,0
CV03,5,4,0.1,TSQR-04-L010,TAP-RBF-SHR-04-L010,1.8180852019626232,1.4939351457043688,0
CV03,5,4,0.25,TSQR-04-L025,TAP-RBF-SHR-04-L025,1.8180852019626232,1.4939351457043688,0
CV03,5,4,0.5,TSQR-04-L050,TAP-RBF-SHR-04-L050,1.8180852019626232,1.4939351457043688,0
CV03,5,6,0.1,TSQR-06-L010,TAP-RBF-SHR-06-L010,1.4234120348903563,1.630103270110408,0
CV03,5,6,0.25,TSQR-06-L025,TAP-RBF-SHR-06-L025,1.4234120348903563,1.630103270110408,0
CV03,5,6,0.5,TSQR-06-L050,TAP-RBF-SHR-06-L050,1.4234120348903563,1.630103270110408,0
CV03,5,8,0.1,TSQR-08-L010,TAP-RBF-SHR-08-L010,1.5863083311876405,1.647229200781011,0
CV03,5,8,0.25,TSQR-08-L025,TAP-RBF-SHR-08-L025,1.5863083311876405,1.647229200781011,0
CV03,5,8,0.5,TSQR-08-L050,TAP-RBF-SHR-08-L050,1.5863083311876405,1.647229200781011,0
CV03,6,4,0.1,TSQR-04-L010,TAP-RBF-SHR-04-L010,1.8236993548335512,1.4939212379849116,0
CV03,6,4,0.25,TSQR-04-L025,TAP-RBF-SHR-04-L025,1.8236993548335512,1.4939212379849116,0
CV03,6,4,0.5,TSQR-04-L050,TAP-RBF-SHR-04-L050,1.8236993548335512,1.4939212379849116,0
CV03,6,6,0.1,TSQR-06-L010,TAP-RBF-SHR-06-L010,1.4251704391061066,1.6300770652463397,0
CV03,6,6,0.25,TSQR-06-L025,TAP-RBF-SHR-06-L025,1.4251704391061066,1.6300770652463397,0
CV03,6,6,0.5,TSQR-06-L050,TAP-RBF-SHR-06-L050,1.4251704391061066,1.6300770652463397,0
CV03,6,8,0.1,TSQR-08-L010,TAP-RBF-SHR-08-L010,1.5863786433519993,1.6477691668474626,0
CV03,6,8,0.25,TSQR-08-L025,TAP-RBF-SHR-08-L025,1.5863786433519993,1.6477691668474626,0
CV03,6,8,0.5,TSQR-08-L050,TAP-RBF-SHR-08-L050,1.5863786433519993,1.6477691668474626,0
CV03,7,4,0.1,TSQR-04-L010,TAP-RBF-SHR-04-L010,1.8214419559655024,1.494731519646535,0
CV03,7,4,0.25,TSQR-04-L025,TAP-RBF-SHR-04-L025,1.8214419559655024,1.494731519646535,0
CV03,7,4,0.5,TSQR-04-L050,TAP-RBF-SHR-04-L050,1.8214419559655024,1.494731519646535,0
CV03,7,6,0.1,TSQR-06-L010,TAP-RBF-SHR-06-L010,1.4266145350418369,1.6304148347476388,0
CV03,7,6,0.25,TSQR-06-L025,TAP-RBF-SHR-06-L025,1.4266145350418369,1.6304148347476388,0
CV03,7,6,0.5,TSQR-06-L050,TAP-RBF-SHR-06-L050,1.4266145350418369,1.6304148347476388,0
CV03,7,8,0.1,TSQR-08-L010,TAP-RBF-SHR-08-L010,1.5895627797662324,1.646588685389964,0
CV03,7,8,0.25,TSQR-08-L025,TAP-RBF-SHR-08-L025,1.5895627797662324,1.646588685389964,0
CV03,7,8,0.5,TSQR-08-L050,TAP-RBF-SHR-08-L050,1.5895627797662324,1.646588685389964,0
CV03,8,4,0.1,TSQR-04-L010,TAP-RBF-SHR-04-L010,1.823417838743131,1.4942843280439677,0
CV03,8,4,0.25,TSQR-04-L025,TAP-RBF-SHR-04-L025,1.823417838743131,1.4942843280439677,0
CV03,8,4,0.5,TSQR-04-L050,TAP-RBF-SHR-04-L050,1.823417838743131,1.4942843280439677,0
CV03,8,6,0.1,TSQR-06-L010,TAP-RBF-SHR-06-L010,1.4242951982706875,1.6289492572812125,0
CV03,8,6,0.25,TSQR-06-L025,TAP-RBF-SHR-06-L025,1.4242951982706875,1.6289492572812125,0
CV03,8,6,0.5,TSQR-06-L050,TAP-RBF-SHR-06-L050,1.4242951982706875,1.6289492572812125,0
CV03,8,8,0.1,TSQR-08-L010,TAP-RBF-SHR-08-L010,1.5920725341130721,1.6464379641721825,0
CV03,8,8,0.25,TSQR-08-L025,TAP-RBF-SHR-08-L025,1.5920725341130721,1.6464379641721825,0
CV03,8,8,0.5,TSQR-08-L050,TAP-RBF-SHR-08-L050,1.5920725341130721,1.6464379641721825,0
CV03,9,4,0.1,TSQR-04-L010,TAP-RBF-SHR-04-L010,1.8190057356776792,1.4941263515416003,0
CV03,9,4,0.25,TSQR-04-L025,TAP-RBF-SHR-04-L025,1.8190057356776792,1.4941263515416003,0
CV03,9,4,0.5,TSQR-04-L050,TAP-RBF-SHR-04-L050,1.8190057356776792,1.4941263515416003,0
CV03,9,6,0.1,TSQR-06-L010,TAP-RBF-SHR-06-L010,1.4293955501573248,1.6301058738534027,0
CV03,9,6,0.25,TSQR-06-L025,TAP-RBF-SHR-06-L025,1.4293955501573248,1.6301058738534027,0
CV03,9,6,0.5,TSQR-06-L050,TAP-RBF-SHR-06-L050,1.4293955501573248,1.6301058738534027,0
CV03,9,8,0.1,TSQR-08-L010,TAP-RBF-SHR-08-L010,1.5894567026002433,1.6450178596349432,0
CV03,9,8,0.25,TSQR-08-L025,TAP-RBF-SHR-08-L025,1.5894567026002433,1.6450178596349432,0
CV03,9,8,0.5,TSQR-08-L050,TAP-RBF-SHR-08-L050,1.5894567026002433,1.6450178596349432,0
CV03,10,4,0.1,TSQR-04-L010,TAP-RBF-SHR-04-L010,1.8204943231779978,1.4940209456319804,0
CV03,10,4,0.25,TSQR-04-L025,TAP-RBF-SHR-04-L025,1.8204943231779978,1.4940209456319804,0
CV03,10,4,0.5,TSQR-04-L050,TAP-RBF-SHR-04-L050,1.8204943231779978,1.4940209456319804,0
CV03,10,6,0.1,TSQR-06-L010,TAP-RBF-SHR-06-L010,1.4264183991583215,1.630452063150574,0
CV03,10,6,0.25,TSQR-06-L025,TAP-RBF-SHR-06-L025,1.4264183991583215,1.630452063150574,0
CV03,10,6,0.5,TSQR-06-L050,TAP-RBF-SHR-06-L050,1.4264183991583215,1.630452063150574,0
CV03,10,8,0.1,TSQR-08-L010,TAP-RBF-SHR-08-L010,1.5864356988086925,1.6468906365053182,0
CV03,10,8,0.25,TSQR-08-L025,TAP-RBF-SHR-08-L025,1.5864356988086925,1.6468906365053182,0
CV03,10,8,0.5,TSQR-08-L050,TAP-RBF-SHR-08-L050,1.5864356988086925,1.6468906365053182,0
CV03,11,4,0.1,TSQR-04-L010,TAP-RBF-SHR-04-L010,1.8249480508012381,1.4933536011796515,0
CV03,11,4,0.25,TSQR-04-L025,TAP-RBF-SHR-04-L025,1.8249480508012381,1.4933536011796515,0
CV03,11,4,0.5,TSQR-04-L050,TAP-RBF-SHR-04-L050,1.8249480508012381,1.4933536011796515,0
CV03,11,6,0.1,TSQR-06-L010,TAP-RBF-SHR-06-L010,1.4278315040100962,1.6303647498291682,0
CV03,11,6,0.25,TSQR-06-L025,TAP-RBF-SHR-06-L025,1.4278315040100962,1.6303647498291682,0
CV03,11,6,0.5,TSQR-06-L050,TAP-RBF-SHR-06-L050,1.4278315040100962,1.6303647498291682,0
CV03,11,8,0.1,TSQR-08-L010,TAP-RBF-SHR-08-L010,1.589005125914945,1.644151167653692,0
CV03,11,8,0.25,TSQR-08-L025,TAP-RBF-SHR-08-L025,1.589005125914945,1.644151167653692,0
CV03,11,8,0.5,TSQR-08-L050,TAP-RBF-SHR-08-L050,1.589005125914945,1.644151167653692,0
CV03,12,4,0.1,TSQR-04-L010,TAP-RBF-SHR-04-L010,1.8238870775346363,1.4943600674656314,0
CV03,12,4,0.25,TSQR-04-L025,TAP-RBF-SHR-04-L025,1.8238870775346363,1.4943600674656314,0
CV03,12,4,0.5,TSQR-04-L050,TAP-RBF-SHR-04-L050,1.8238870775346363,1.4943600674656314,0
CV03,12,6,0.1,TSQR-06-L010,TAP-RBF-SHR-06-L010,1.4296570543252505,1.6298326928550881,0
CV03,12,6,0.25,TSQR-06-L025,TAP-RBF-SHR-06-L025,1.4296570543252505,1.6298326928550881,0
CV03,12,6,0.5,TSQR-06-L050,TAP-RBF-SHR-06-L050,1.4296570543252505,1.6298326928550881,0
CV03,12,8,0.1,TSQR-08-L010,TAP-RBF-SHR-08-L010,1.5913155715400875,1.6446725821898673,0
CV03,12,8,0.25,TSQR-08-L025,TAP-RBF-SHR-08-L025,1.5913155715400875,1.6446725821898673,0
CV03,12,8,0.5,TSQR-08-L050,TAP-RBF-SHR-08-L050,1.5913155715400875,1.6446725821898673,0
CV03,13,4,0.1,TSQR-04-L010,TAP-RBF-SHR-04-L010,1.8200238026073565,1.4935721861257654,0
CV03,13,4,0.25,TSQR-04-L025,TAP-RBF-SHR-04-L025,1.8200238026073565,1.4935721861257654,0
CV03,13,4,0.5,TSQR-04-L050,TAP-RBF-SHR-04-L050,1.8200238026073565,1.4935721861257654,0
CV03,13,6,0.1,TSQR-06-L010,TAP-RBF-SHR-06-L010,1.424642184747812,1.6302681356123379,0
CV03,13,6,0.25,TSQR-06-L025,TAP-RBF-SHR-06-L025,1.424642184747812,1.6302681356123379,0
CV03,13,6,0.5,TSQR-06-L050,TAP-RBF-SHR-06-L050,1.424642184747812,1.6302681356123379,0
CV03,13,8,0.1,TSQR-08-L010,TAP-RBF-SHR-08-L010,1.5913506015396393,1.6466516961769357,0
CV03,13,8,0.25,TSQR-08-L025,TAP-RBF-SHR-08-L025,1.5913506015396393,1.6466516961769357,0
CV03,13,8,0.5,TSQR-08-L050,TAP-RBF-SHR-08-L050,1.5913506015396393,1.6466516961769357,0
CV03,14,4,0.1,TSQR-04-L010,TAP-RBF-SHR-04-L010,1.823180691723746,1.4941878462365947,0
CV03,14,4,0.25,TSQR-04-L025,TAP-RBF-SHR-04-L025,1.823180691723746,1.4941878462365947,0
CV03,14,4,0.5,TSQR-04-L050,TAP-RBF-SHR-04-L050,1.823180691723746,1.4941878462365947,0
CV03,14,6,0.1,TSQR-06-L010,TAP-RBF-SHR-06-L010,1.4280235809340907,1.629113572459883,0
CV03,14,6,0.25,TSQR-06-L025,TAP-RBF-SHR-06-L025,1.4280235809340907,1.629113572459883,0
CV03,14,6,0.5,TSQR-06-L050,TAP-RBF-SHR-06-L050,1.4280235809340907,1.629113572459883,0
CV03,14,8,0.1,TSQR-08-L010,TAP-RBF-SHR-08-L010,1.5861417964148845,1.6446459460596123,0
CV03,14,8,0.25,TSQR-08-L025,TAP-RBF-SHR-08-L025,1.5861417964148845,1.6446459460596123,0
CV03,14,8,0.5,TSQR-08-L050,TAP-RBF-SHR-08-L050,1.5861417964148845,1.6446459460596123,0
CV03,15,4,0.1,TSQR-04-L010,TAP-RBF-SHR-04-L010,1.8241785596578906,1.4938677515425223,0
CV03,15,4,0.25,TSQR-04-L025,TAP-RBF-SHR-04-L025,1.8241785596578906,1.4938677515425223,0
CV03,15,4,0.5,TSQR-04-L050,TAP-RBF-SHR-04-L050,1.8241785596578906,1.4938677515425223,0
CV03,15,6,0.1,TSQR-06-L010,TAP-RBF-SHR-06-L010,1.4241438177376577,1.6298531578184825,0
CV03,15,6,0.25,TSQR-06-L025,TAP-RBF-SHR-06-L025,1.4241438177376577,1.6298531578184825,0
CV03,15,6,0.5,TSQR-06-L050,TAP-RBF-SHR-06-L050,1.4241438177376577,1.6298531578184825,0
CV03,15,8,0.1,TSQR-08-L010,TAP-RBF-SHR-08-L010,1.587785182064825,1.644372611094645,0
CV03,15,8,0.25,TSQR-08-L025,TAP-RBF-SHR-08-L025,1.587785182064825,1.644372611094645,0
CV03,15,8,0.5,TSQR-08-L050,TAP-RBF-SHR-08-L050,1.587785182064825,1.644372611094645,0
CV03,16,4,0.1,TSQR-04-L010,TAP-RBF-SHR-04-L010,1.8281870641446794,1.4938674135961334,0
CV03,16,4,0.25,TSQR-04-L025,TAP-RBF-SHR-04-L025,1.8281870641446794,1.4938674135961334,0
CV03,16,4,0.5,TSQR-04-L050,TAP-RBF-SHR-04-L050,1.8281870641446794,1.4938674135961334,0
CV03,16,6,0.1,TSQR-06-L010,TAP-RBF-SHR-06-L010,1.4250432934849104,1.6296737265841132,0
CV03,16,6,0.25,TSQR-06-L025,TAP-RBF-SHR-06-L025,1.4250432934849104,1.6296737265841132,0
CV03,16,6,0.5,TSQR-06-L050,TAP-RBF-SHR-06-L050,1.4250432934849104,1.6296737265841132,0
CV03,16,8,0.1,TSQR-08-L010,TAP-RBF-SHR-08-L010,1.592986910323278,1.644597466927929,0
CV03,16,8,0.25,TSQR-08-L025,TAP-RBF-SHR-08-L025,1.592986910323278,1.644597466927929,0
CV03,16,8,0.5,TSQR-08-L050,TAP-RBF-SHR-08-L050,1.592986910323278,1.644597466927929,0
CV03,17,4,0.1,TSQR-04-L010,TAP-RBF-SHR-04-L010,1.8198142957081154,1.4936360424646338,0
CV03,17,4,0.25,TSQR-04-L025,TAP-RBF-SHR-04-L025,1.8198142957081154,1.4936360424646338,0
CV03,17,4,0.5,TSQR-04-L050,TAP-RBF-SHR-04-L050,1.8198142957081154,1.4936360424646338,0
CV03,17,6,0.1,TSQR-06-L010,TAP-RBF-SHR-06-L010,1.4252964156690566,1.6296447488752037,0
CV03,17,6,0.25,TSQR-06-L025,TAP-RBF-SHR-06-L025,1.4252964156690566,1.6296447488752037,0
CV03,17,6,0.5,TSQR-06-L050,TAP-RBF-SHR-06-L050,1.4252964156690566,1.6296447488752037,0
CV03,17,8,0.1,TSQR-08-L010,TAP-RBF-SHR-08-L010,1.589227732519351,1.6476654627192393,0
CV03,17,8,0.25,TSQR-08-L025,TAP-RBF-SHR-08-L025,1.589227732519351,1.6476654627192393,0
CV03,17,8,0.5,TSQR-08-L050,TAP-RBF-SHR-08-L050,1.589227732519351,1.6476654627192393,0
CV03,18,4,0.1,TSQR-04-L010,TAP-RBF-SHR-04-L010,1.8217289001186308,1.4945340522596182,0
CV03,18,4,0.25,TSQR-04-L025,TAP-RBF-SHR-04-L025,1.8217289001186308,1.4945340522596182,0
CV03,18,4,0.5,TSQR-04-L050,TAP-RBF-SHR-04-L050,1.8217289001186308,1.4945340522596182,0
CV03,18,6,0.1,TSQR-06-L010,TAP-RBF-SHR-06-L010,1.4283984651874797,1.6301069927708776,0
CV03,18,6,0.25,TSQR-06-L025,TAP-RBF-SHR-06-L025,1.4283984651874797,1.6301069927708776,0
CV03,18,6,0.5,TSQR-06-L050,TAP-RBF-SHR-06-L050,1.4283984651874797,1.6301069927708776,0
CV03,18,8,0.1,TSQR-08-L010,TAP-RBF-SHR-08-L010,1.5918175213137193,1.6450816904486032,0
CV03,18,8,0.25,TSQR-08-L025,TAP-RBF-SHR-08-L025,1.5918175213137193,1.6450816904486032,0
CV03,18,8,0.5,TSQR-08-L050,TAP-RBF-SHR-08-L050,1.5918175213137193,1.6450816904486032,0
CV03,19,4,0.1,TSQR-04-L010,TAP-RBF-SHR-04-L010,1.8208776038604557,1.4940905871785115,0
CV03,19,4,0.25,TSQR-04-L025,TAP-RBF-SHR-04-L025,1.8208776038604557,1.4940905871785115,0
CV03,19,4,0.5,TSQR-04-L050,TAP-RBF-SHR-04-L050,1.8208776038604557,1.4940905871785115,0
CV03,19,6,0.1,TSQR-06-L010,TAP-RBF-SHR-06-L010,1.4254944876568123,1.6300571688761918,0
CV03,19,6,0.25,TSQR-06-L025,TAP-RBF-SHR-06-L025,1.4254944876568123,1.6300571688761918,0
CV03,19,6,0.5,TSQR-06-L050,TAP-RBF-SHR-06-L050,1.4254944876568123,1.6300571688761918,0
CV03,19,8,0.1,TSQR-08-L010,TAP-RBF-SHR-08-L010,1.5901185741026114,1.6462993639125385,0
CV03,19,8,0.25,TSQR-08-L025,TAP-RBF-SHR-08-L025,1.5901185741026114,1.6462993639125385,0
CV03,19,8,0.5,TSQR-08-L050,TAP-RBF-SHR-08-L050,1.5901185741026114,1.6462993639125385,0
CV03,20,4,0.1,TSQR-04-L010,TAP-RBF-SHR-04-L010,1.821788700345611,1.4940897801407116,0
CV03,20,4,0.25,TSQR-04-L025,TAP-RBF-SHR-04-L025,1.821788700345611,1.4940897801407116,0
CV03,20,4,0.5,TSQR-04-L050,TAP-RBF-SHR-04-L050,1.821788700345611,1.4940897801407116,0
CV03,20,6,0.1,TSQR-06-L010,TAP-RBF-SHR-06-L010,1.4268521131481138,1.6297780551563472,0
CV03,20,6,0.25,TSQR-06-L025,TAP-RBF-SHR-06-L025,1.4268521131481138,1.6297780551563472,0
CV03,20,6,0.5,TSQR-06-L050,TAP-RBF-SHR-06-L050,1.4268521131481138,1.6297780551563472,0
CV03,20,8,0.1,TSQR-08-L010,TAP-RBF-SHR-08-L010,1.5909111707727668,1.6464059603163577,0
CV03,20,8,0.25,TSQR-08-L025,TAP-RBF-SHR-08-L025,1.5909111707727668,1.6464059603163577,0
CV03,20,8,0.5,TSQR-08-L050,TAP-RBF-SHR-08-L050,1.5909111707727668,1.6464059603163577,0
CV04,1,4,0.1,TSQR-04-L010,TAP-RBF-SHR-04-L010,0.8529112506195984,0.7740307743276346,0
CV04,1,4,0.25,TSQR-04-L025,TAP-RBF-SHR-04-L025,0.8529112506195984,0.7740307743276346,0
CV04,1,4,0.5,TSQR-04-L050,TAP-RBF-SHR-04-L050,0.8529112506195984,0.7740307743276346,0
CV04,1,6,0.1,TSQR-06-L010,TAP-RBF-SHR-06-L010,0.638806782519874,0.4505828045766068,0
CV04,1,6,0.25,TSQR-06-L025,TAP-RBF-SHR-06-L025,0.638806782519874,0.4505828045766068,0
CV04,1,6,0.5,TSQR-06-L050,TAP-RBF-SHR-06-L050,0.638806782519874,0.4505828045766068,0
CV04,1,8,0.1,TSQR-08-L010,TAP-RBF-SHR-08-L010,0.6629375210792647,0.4631766238009069,0
CV04,1,8,0.25,TSQR-08-L025,TAP-RBF-SHR-08-L025,0.6629375210792647,0.4631766238009069,0
CV04,1,8,0.5,TSQR-08-L050,TAP-RBF-SHR-08-L050,0.6629375210792647,0.4631766238009069,0
CV04,2,4,0.1,TSQR-04-L010,TAP-RBF-SHR-04-L010,0.8528992186883413,0.7739811787290112,0
CV04,2,4,0.25,TSQR-04-L025,TAP-RBF-SHR-04-L025,0.8528992186883413,0.7739811787290112,0
CV04,2,4,0.5,TSQR-04-L050,TAP-RBF-SHR-04-L050,0.8528992186883413,0.7739811787290112,0
CV04,2,6,0.1,TSQR-06-L010,TAP-RBF-SHR-06-L010,0.6389179502091576,0.45018772511332206,0
CV04,2,6,0.25,TSQR-06-L025,TAP-RBF-SHR-06-L025,0.6389179502091576,0.45018772511332206,0
CV04,2,6,0.5,TSQR-06-L050,TAP-RBF-SHR-06-L050,0.6389179502091576,0.45018772511332206,0
CV04,2,8,0.1,TSQR-08-L010,TAP-RBF-SHR-08-L010,0.6634009024836975,0.46237871401711234,0
CV04,2,8,0.25,TSQR-08-L025,TAP-RBF-SHR-08-L025,0.6634009024836975,0.46237871401711234,0
CV04,2,8,0.5,TSQR-08-L050,TAP-RBF-SHR-08-L050,0.6634009024836975,0.46237871401711234,0
CV04,3,4,0.1,TSQR-04-L010,TAP-RBF-SHR-04-L010,0.8529071628538715,0.7739252729658197,0
CV04,3,4,0.25,TSQR-04-L025,TAP-RBF-SHR-04-L025,0.8529071628538715,0.7739252729658197,0
CV04,3,4,0.5,TSQR-04-L050,TAP-RBF-SHR-04-L050,0.8529071628538715,0.7739252729658197,0
CV04,3,6,0.1,TSQR-06-L010,TAP-RBF-SHR-06-L010,0.638691383816102,0.4504589623707779,0
CV04,3,6,0.25,TSQR-06-L025,TAP-RBF-SHR-06-L025,0.638691383816102,0.4504589623707779,0
CV04,3,6,0.5,TSQR-06-L050,TAP-RBF-SHR-06-L050,0.638691383816102,0.4504589623707779,0
CV04,3,8,0.1,TSQR-08-L010,TAP-RBF-SHR-08-L010,0.6620767602330684,0.4611622648897227,0
CV04,3,8,0.25,TSQR-08-L025,TAP-RBF-SHR-08-L025,0.6620767602330684,0.4611622648897227,0
CV04,3,8,0.5,TSQR-08-L050,TAP-RBF-SHR-08-L050,0.6620767602330684,0.4611622648897227,0
CV04,4,4,0.1,TSQR-04-L010,TAP-RBF-SHR-04-L010,0.8529131967832865,0.7739037252125354,0
CV04,4,4,0.25,TSQR-04-L025,TAP-RBF-SHR-04-L025,0.8529131967832865,0.7739037252125354,0
CV04,4,4,0.5,TSQR-04-L050,TAP-RBF-SHR-04-L050,0.8529131967832865,0.7739037252125354,0
CV04,4,6,0.1,TSQR-06-L010,TAP-RBF-SHR-06-L010,0.6386612077994037,0.4505127846192531,0
CV04,4,6,0.25,TSQR-06-L025,TAP-RBF-SHR-06-L025,0.6386612077994037,0.4505127846192531,0
CV04,4,6,0.5,TSQR-06-L050,TAP-RBF-SHR-06-L050,0.6386612077994037,0.4505127846192531,0
CV04,4,8,0.1,TSQR-08-L010,TAP-RBF-SHR-08-L010,0.6625417445084228,0.4627156637438046,0
CV04,4,8,0.25,TSQR-08-L025,TAP-RBF-SHR-08-L025,0.6625417445084228,0.4627156637438046,0
CV04,4,8,0.5,TSQR-08-L050,TAP-RBF-SHR-08-L050,0.6625417445084228,0.4627156637438046,0
CV04,5,4,0.1,TSQR-04-L010,TAP-RBF-SHR-04-L010,0.8529191548179034,0.773842870950649,0
CV04,5,4,0.25,TSQR-04-L025,TAP-RBF-SHR-04-L025,0.8529191548179034,0.773842870950649,0
CV04,5,4,0.5,TSQR-04-L050,TAP-RBF-SHR-04-L050,0.8529191548179034,0.773842870950649,0
CV04,5,6,0.1,TSQR-06-L010,TAP-RBF-SHR-06-L010,0.6387701560467784,0.4503740315573358,0
CV04,5,6,0.25,TSQR-06-L025,TAP-RBF-SHR-06-L025,0.6387701560467784,0.4503740315573358,0
CV04,5,6,0.5,TSQR-06-L050,TAP-RBF-SHR-06-L050,0.6387701560467784,0.4503740315573358,0
CV04,5,8,0.1,TSQR-08-L010,TAP-RBF-SHR-08-L010,0.6621764021805246,0.46272983271603857,0
CV04,5,8,0.25,TSQR-08-L025,TAP-RBF-SHR-08-L025,0.6621764021805246,0.46272983271603857,0
CV04,5,8,0.5,TSQR-08-L050,TAP-RBF-SHR-08-L050,0.6621764021805246,0.46272983271603857,0
CV04,6,4,0.1,TSQR-04-L010,TAP-RBF-SHR-04-L010,0.852916191018154,0.7739126325993779,0
CV04,6,4,0.25,TSQR-04-L025,TAP-RBF-SHR-04-L025,0.852916191018154,0.7739126325993779,0
CV04,6,4,0.5,TSQR-04-L050,TAP-RBF-SHR-04-L050,0.852916191018154,0.7739126325993779,0
CV04,6,6,0.1,TSQR-06-L010,TAP-RBF-SHR-06-L010,0.6387354933190209,0.45010891914121437,0
CV04,6,6,0.25,TSQR-06-L025,TAP-RBF-SHR-06-L025,0.6387354933190209,0.45010891914121437,0
CV04,6,6,0.5,TSQR-06-L050,TAP-RBF-SHR-06-L050,0.6387354933190209,0.45010891914121437,0
CV04,6,8,0.1,TSQR-08-L010,TAP-RBF-SHR-08-L010,0.662372555665528,0.46222095776909794,0
CV04,6,8,0.25,TSQR-08-L025,TAP-RBF-SHR-08-L025,0.662372555665528,0.46222095776909794,0
CV04,6,8,0.5,TSQR-08-L050,TAP-RBF-SHR-08-L050,0.662372555665528,0.46222095776909794,0
CV04,7,4,0.1,TSQR-04-L010,TAP-RBF-SHR-04-L010,0.8529069736463646,0.7739476077884282,0
CV04,7,4,0.25,TSQR-04-L025,TAP-RBF-SHR-04-L025,0.8529069736463646,0.7739476077884282,0
CV04,7,4,0.5,TSQR-04-L050,TAP-RBF-SHR-04-L050,0.8529069736463646,0.7739476077884282,0
CV04,7,6,0.1,TSQR-06-L010,TAP-RBF-SHR-06-L010,0.6387286782868862,0.45040039655041236,0
CV04,7,6,0.25,TSQR-06-L025,TAP-RBF-SHR-06-L025,0.6387286782868862,0.45040039655041236,0
CV04,7,6,0.5,TSQR-06-L050,TAP-RBF-SHR-06-L050,0.6387286782868862,0.45040039655041236,0
CV04,7,8,0.1,TSQR-08-L010,TAP-RBF-SHR-08-L010,0.6625664582281406,0.46235376251516647,0
CV04,7,8,0.25,TSQR-08-L025,TAP-RBF-SHR-08-L025,0.6625664582281406,0.46235376251516647,0
CV04,7,8,0.5,TSQR-08-L050,TAP-RBF-SHR-08-L050,0.6625664582281406,0.46235376251516647,0
CV04,8,4,0.1,TSQR-04-L010,TAP-RBF-SHR-04-L010,0.8529031873107935,0.7739253306245479,0
CV04,8,4,0.25,TSQR-04-L025,TAP-RBF-SHR-04-L025,0.8529031873107935,0.7739253306245479,0
CV04,8,4,0.5,TSQR-04-L050,TAP-RBF-SHR-04-L050,0.8529031873107935,0.7739253306245479,0
CV04,8,6,0.1,TSQR-06-L010,TAP-RBF-SHR-06-L010,0.6386093919663427,0.45043967192385426,0
CV04,8,6,0.25,TSQR-06-L025,TAP-RBF-SHR-06-L025,0.6386093919663427,0.45043967192385426,0
CV04,8,6,0.5,TSQR-06-L050,TAP-RBF-SHR-06-L050,0.6386093919663427,0.45043967192385426,0
CV04,8,8,0.1,TSQR-08-L010,TAP-RBF-SHR-08-L010,0.6622506812433705,0.46268601865437425,0
CV04,8,8,0.25,TSQR-08-L025,TAP-RBF-SHR-08-L025,0.6622506812433705,0.46268601865437425,0
CV04,8,8,0.5,TSQR-08-L050,TAP-RBF-SHR-08-L050,0.6622506812433705,0.46268601865437425,0
CV04,9,4,0.1,TSQR-04-L010,TAP-RBF-SHR-04-L010,0.8529078170497502,0.7739001603182812,0
CV04,9,4,0.25,TSQR-04-L025,TAP-RBF-SHR-04-L025,0.8529078170497502,0.7739001603182812,0
CV04,9,4,0.5,TSQR-04-L050,TAP-RBF-SHR-04-L050,0.8529078170497502,0.7739001603182812,0
CV04,9,6,0.1,TSQR-06-L010,TAP-RBF-SHR-06-L010,0.6386503377242122,0.4502765576401616,0
CV04,9,6,0.25,TSQR-06-L025,TAP-RBF-SHR-06-L025,0.6386503377242122,0.4502765576401616,0
CV04,9,6,0.5,TSQR-06-L050,TAP-RBF-SHR-06-L050,0.6386503377242122,0.4502765576401616,0
CV04,9,8,0.1,TSQR-08-L010,TAP-RBF-SHR-08-L010,0.6625980768483625,0.4620336902580904,0
CV04,9,8,0.25,TSQR-08-L025,TAP-RBF-SHR-08-L025,0.6625980768483625,0.4620336902580904,0
CV04,9,8,0.5,TSQR-08-L050,TAP-RBF-SHR-08-L050,0.6625980768483625,0.4620336902580904,0
CV04,10,4,0.1,TSQR-04-L010,TAP-RBF-SHR-04-L010,0.8528804700033047,0.7737867941667506,0
CV04,10,4,0.25,TSQR-04-L025,TAP-RBF-SHR-04-L025,0.8528804700033047,0.7737867941667506,0
CV04,10,4,0.5,TSQR-04-L050,TAP-RBF-SHR-04-L050,0.8528804700033047,0.7737867941667506,0
CV04,10,6,0.1,TSQR-06-L010,TAP-RBF-SHR-06-L010,0.6385780970730125,0.4503621674318888,0
CV04,10,6,0.25,TSQR-06-L025,TAP-RBF-SHR-06-L025,0.6385780970730125,0.4503621674318888,0
CV04,10,6,0.5,TSQR-06-L050,TAP-RBF-SHR-06-L050,0.6385780970730125,0.4503621674318888,0
CV04,10,8,0.1,TSQR-08-L010,TAP-RBF-SHR-08-L010,0.662185926565968,0.4627381372377406,0
CV04,10,8,0.25,TSQR-08-L025,TAP-RBF-SHR-08-L025,0.662185926565968,0.4627381372377406,0
CV04,10,8,0.5,TSQR-08-L050,TAP-RBF-SHR-08-L050,0.662185926565968,0.4627381372377406,0
CV04,11,4,0.1,TSQR-04-L010,TAP-RBF-SHR-04-L010,0.8529180148133461,0.7739170178513936,0
CV04,11,4,0.25,TSQR-04-L025,TAP-RBF-SHR-04-L025,0.8529180148133461,0.7739170178513936,0
CV04,11,4,0.5,TSQR-04-L050,TAP-RBF-SHR-04-L050,0.8529180148133461,0.7739170178513936,0
CV04,11,6,0.1,TSQR-06-L010,TAP-RBF-SHR-06-L010,0.6386533297224629,0.45046631143118987,0
CV04,11,6,0.25,TSQR-06-L025,TAP-RBF-SHR-06-L025,0.6386533297224629,0.45046631143118987,0
CV04,11,6,0.5,TSQR-06-L050,TAP-RBF-SHR-06-L050,0.6386533297224629,0.45046631143118987,0
CV04,11,8,0.1,TSQR-08-L010,TAP-RBF-SHR-08-L010,0.6621253661927687,0.46188338075548485,0
CV04,11,8,0.25,TSQR-08-L025,TAP-RBF-SHR-08-L025,0.6621253661927687,0.46188338075548485,0
CV04,11,8,0.5,TSQR-08-L050,TAP-RBF-SHR-08-L050,0.6621253661927687,0.46188338075548485,0
CV04,12,4,0.1,TSQR-04-L010,TAP-RBF-SHR-04-L010,0.8529040348851306,0.773900194209861,0
CV04,12,4,0.25,TSQR-04-L025,TAP-RBF-SHR-04-L025,0.8529040348851306,0.773900194209861,0
CV04,12,4,0.5,TSQR-04-L050,TAP-RBF-SHR-04-L050,0.8529040348851306,0.773900194209861,0
CV04,12,6,0.1,TSQR-06-L010,TAP-RBF-SHR-06-L010,0.6388065943788293,0.4504335790483543,0
CV04,12,6,0.25,TSQR-06-L025,TAP-RBF-SHR-06-L025,0.6388065943788293,0.4504335790483543,0
CV04,12,6,0.5,TSQR-06-L050,TAP-RBF-SHR-06-L050,0.6388065943788293,0.4504335790483543,0
CV04,12,8,0.1,TSQR-08-L010,TAP-RBF-SHR-08-L010,0.6623905473609606,0.462191735339691,0
CV04,12,8,0.25,TSQR-08-L025,TAP-RBF-SHR-08-L025,0.6623905473609606,0.462191735339691,0
CV04,12,8,0.5,TSQR-08-L050,TAP-RBF-SHR-08-L050,0.6623905473609606,0.462191735339691,0
CV04,13,4,0.1,TSQR-04-L010,TAP-RBF-SHR-04-L010,0.8529012246535207,0.7739706050926976,0
CV04,13,4,0.25,TSQR-04-L025,TAP-RBF-SHR-04-L025,0.8529012246535207,0.7739706050926976,0
CV04,13,4,0.5,TSQR-04-L050,TAP-RBF-SHR-04-L050,0.8529012246535207,0.7739706050926976,0
CV04,13,6,0.1,TSQR-06-L010,TAP-RBF-SHR-06-L010,0.6387488069059979,0.4506655559420656,0
CV04,13,6,0.25,TSQR-06-L025,TAP-RBF-SHR-06-L025,0.6387488069059979,0.4506655559420656,0
CV04,13,6,0.5,TSQR-06-L050,TAP-RBF-SHR-06-L050,0.6387488069059979,0.4506655559420656,0
CV04,13,8,0.1,TSQR-08-L010,TAP-RBF-SHR-08-L010,0.6626314671613565,0.4624352448021854,0
CV04,13,8,0.25,TSQR-08-L025,TAP-RBF-SHR-08-L025,0.6626314671613565,0.4624352448021854,0
CV04,13,8,0.5,TSQR-08-L050,TAP-RBF-SHR-08-L050,0.6626314671613565,0.4624352448021854,0
CV04,14,4,0.1,TSQR-04-L010,TAP-RBF-SHR-04-L010,0.852912806634108,0.7740360717885723,0
CV04,14,4,0.25,TSQR-04-L025,TAP-RBF-SHR-04-L025,0.852912806634108,0.7740360717885723,0
CV04,14,4,0.5,TSQR-04-L050,TAP-RBF-SHR-04-L050,0.852912806634108,0.7740360717885723,0
CV04,14,6,0.1,TSQR-06-L010,TAP-RBF-SHR-06-L010,0.6387505844520623,0.45024650788789145,0
CV04,14,6,0.25,TSQR-06-L025,TAP-RBF-SHR-06-L025,0.6387505844520623,0.45024650788789145,0
CV04,14,6,0.5,TSQR-06-L050,TAP-RBF-SHR-06-L050,0.6387505844520623,0.45024650788789145,0
CV04,14,8,0.1,TSQR-08-L010,TAP-RBF-SHR-08-L010,0.662518693034324,0.4610796055455577,0
CV04,14,8,0.25,TSQR-08-L025,TAP-RBF-SHR-08-L025,0.662518693034324,0.4610796055455577,0
CV04,14,8,0.5,TSQR-08-L050,TAP-RBF-SHR-08-L050,0.662518693034324,0.4610796055455577,0
CV04,15,4,0.1,TSQR-04-L010,TAP-RBF-SHR-04-L010,0.8529019577657239,0.7739081320902556,0
CV04,15,4,0.25,TSQR-04-L025,TAP-RBF-SHR-04-L025,0.8529019577657239,0.7739081320902556,0
CV04,15,4,0.5,TSQR-04-L050,TAP-RBF-SHR-04-L050,0.8529019577657239,0.7739081320902556,0
CV04,15,6,0.1,TSQR-06-L010,TAP-RBF-SHR-06-L010,0.6387291068694098,0.45009306116990566,0
CV04,15,6,0.25,TSQR-06-L025,TAP-RBF-SHR-06-L025,0.6387291068694098,0.45009306116990566,0
CV04,15,6,0.5,TSQR-06-L050,TAP-RBF-SHR-06-L050,0.6387291068694098,0.45009306116990566,0
CV04,15,8,0.1,TSQR-08-L010,TAP-RBF-SHR-08-L010,0.6630555654151826,0.4617285658152615,0
CV04,15,8,0.25,TSQR-08-L025,TAP-RBF-SHR-08-L025,0.6630555654151826,0.4617285658152615,0
CV04,15,8,0.5,TSQR-08-L050,TAP-RBF-SHR-08-L050,0.6630555654151826,0.4617285658152615,0
CV04,16,4,0.1,TSQR-04-L010,TAP-RBF-SHR-04-L010,0.8528854684890166,0.7738936991031458,0
CV04,16,4,0.25,TSQR-04-L025,TAP-RBF-SHR-04-L025,0.8528854684890166,0.7738936991031458,0
CV04,16,4,0.5,TSQR-04-L050,TAP-RBF-SHR-04-L050,0.8528854684890166,0.7738936991031458,0
CV04,16,6,0.1,TSQR-06-L010,TAP-RBF-SHR-06-L010,0.6388000001158516,0.450155108077855,0
CV04,16,6,0.25,TSQR-06-L025,TAP-RBF-SHR-06-L025,0.6388000001158516,0.450155108077855,0
CV04,16,6,0.5,TSQR-06-L050,TAP-RBF-SHR-06-L050,0.6388000001158516,0.450155108077855,0
CV04,16,8,0.1,TSQR-08-L010,TAP-RBF-SHR-08-L010,0.6630798853152318,0.4613953240699087,0
CV04,16,8,0.25,TSQR-08-L025,TAP-RBF-SHR-08-L025,0.6630798853152318,0.4613953240699087,0
CV04,16,8,0.5,TSQR-08-L050,TAP-RBF-SHR-08-L050,0.6630798853152318,0.4613953240699087,0
CV04,17,4,0.1,TSQR-04-L010,TAP-RBF-SHR-04-L010,0.8529215595230424,0.7739233596084286,0
CV04,17,4,0.25,TSQR-04-L025,TAP-RBF-SHR-04-L025,0.8529215595230424,0.7739233596084286,0
CV04,17,4,0.5,TSQR-04-L050,TAP-RBF-SHR-04-L050,0.8529215595230424,0.7739233596084286,0
CV04,17,6,0.1,TSQR-06-L010,TAP-RBF-SHR-06-L010,0.6385452341793587,0.4504654106618047,0
CV04,17,6,0.25,TSQR-06-L025,TAP-RBF-SHR-06-L025,0.6385452341793587,0.4504654106618047,0
CV04,17,6,0.5,TSQR-06-L050,TAP-RBF-SHR-06-L050,0.6385452341793587,0.4504654106618047,0
CV04,17,8,0.1,TSQR-08-L010,TAP-RBF-SHR-08-L010,0.6624037049388538,0.463027732317383,0
CV04,17,8,0.25,TSQR-08-L025,TAP-RBF-SHR-08-L025,0.6624037049388538,0.463027732317383,0
CV04,17,8,0.5,TSQR-08-L050,TAP-RBF-SHR-08-L050,0.6624037049388538,0.463027732317383,0
CV04,18,4,0.1,TSQR-04-L010,TAP-RBF-SHR-04-L010,0.8529274449888802,0.7739222217889439,0
CV04,18,4,0.25,TSQR-04-L025,TAP-RBF-SHR-04-L025,0.8529274449888802,0.7739222217889439,0
CV04,18,4,0.5,TSQR-04-L050,TAP-RBF-SHR-04-L050,0.8529274449888802,0.7739222217889439,0
CV04,18,6,0.1,TSQR-06-L010,TAP-RBF-SHR-06-L010,0.638590035159928,0.45073041704040007,0
CV04,18,6,0.25,TSQR-06-L025,TAP-RBF-SHR-06-L025,0.638590035159928,0.45073041704040007,0
CV04,18,6,0.5,TSQR-06-L050,TAP-RBF-SHR-06-L050,0.638590035159928,0.45073041704040007,0
CV04,18,8,0.1,TSQR-08-L010,TAP-RBF-SHR-08-L010,0.6627261683670678,0.461877900576402,0
CV04,18,8,0.25,TSQR-08-L025,TAP-RBF-SHR-08-L025,0.6627261683670678,0.461877900576402,0
CV04,18,8,0.5,TSQR-08-L050,TAP-RBF-SHR-08-L050,0.6627261683670678,0.461877900576402,0
CV04,19,4,0.1,TSQR-04-L010,TAP-RBF-SHR-04-L010,0.8529203593449757,0.773919576178888,0
CV04,19,4,0.25,TSQR-04-L025,TAP-RBF-SHR-04-L025,0.8529203593449757,0.773919576178888,0
CV04,19,4,0.5,TSQR-04-L050,TAP-RBF-SHR-04-L050,0.8529203593449757,0.773919576178888,0
CV04,19,6,0.1,TSQR-06-L010,TAP-RBF-SHR-06-L010,0.63868160329961,0.45022379186452943,0
CV04,19,6,0.25,TSQR-06-L025,TAP-RBF-SHR-06-L025,0.63868160329961,0.45022379186452943,0
CV04,19,6,0.5,TSQR-06-L050,TAP-RBF-SHR-06-L050,0.63868160329961,0.45022379186452943,0
CV04,19,8,0.1,TSQR-08-L010,TAP-RBF-SHR-08-L010,0.6626561076481946,0.46218759308609686,0
CV04,19,8,0.25,TSQR-08-L025,TAP-RBF-SHR-08-L025,0.6626561076481946,0.46218759308609686,0
CV04,19,8,0.5,TSQR-08-L050,TAP-RBF-SHR-08-L050,0.6626561076481946,0.46218759308609686,0
CV04,20,4,0.1,TSQR-04-L010,TAP-RBF-SHR-04-L010,0.8528910725731387,0.7739091082594056,0
CV04,20,4,0.25,TSQR-04-L025,TAP-RBF-SHR-04-L025,0.8528910725731387,0.7739091082594056,0
CV04,20,4,0.5,TSQR-04-L050,TAP-RBF-SHR-04-L050,0.8528910725731387,0.7739091082594056,0
CV04,20,6,0.1,TSQR-06-L010,TAP-RBF-SHR-06-L010,0.6387677552509238,0.45014878578982886,0
CV04,20,6,0.25,TSQR-06-L025,TAP-RBF-SHR-06-L025,0.6387677552509238,0.45014878578982886,0
CV04,20,6,0.5,TSQR-06-L050,TAP-RBF-SHR-06-L050,0.6387677552509238,0.45014878578982886,0
CV04,20,8,0.1,TSQR-08-L010,TAP-RBF-SHR-08-L010,0.6628076954387044,0.46261904842174395,0
CV04,20,8,0.25,TSQR-08-L025,TAP-RBF-SHR-08-L025,0.6628076954387044,0.46261904842174395,0
CV04,20,8,0.5,TSQR-08-L050,TAP-RBF-SHR-08-L050,0.6628076954387044,0.46261904842174395,0
CV05,1,4,0.1,TSQR-04-L010,TAP-RBF-SHR-04-L010,0.4989192653258771,0.3043378072144702,0
CV05,1,4,0.25,TSQR-04-L025,TAP-RBF-SHR-04-L025,0.4989192653258771,0.3043378072144702,0
CV05,1,4,0.5,TSQR-04-L050,TAP-RBF-SHR-04-L050,0.4989192653258771,0.3043378072144702,0
CV05,1,6,0.1,TSQR-06-L010,TAP-RBF-SHR-06-L010,0.6806590147146068,0.4411889998390411,0
CV05,1,6,0.25,TSQR-06-L025,TAP-RBF-SHR-06-L025,0.6806590147146068,0.4411889998390411,0
CV05,1,6,0.5,TSQR-06-L050,TAP-RBF-SHR-06-L050,0.6806590147146068,0.4411889998390411,0
CV05,1,8,0.1,TSQR-08-L010,TAP-RBF-SHR-08-L010,0.6063791458314891,0.42304895985402874,0
CV05,1,8,0.25,TSQR-08-L025,TAP-RBF-SHR-08-L025,0.6063791458314891,0.42304895985402874,0
CV05,1,8,0.5,TSQR-08-L050,TAP-RBF-SHR-08-L050,0.6063791458314891,0.42304895985402874,0
CV05,2,4,0.1,TSQR-04-L010,TAP-RBF-SHR-04-L010,0.4989330223649508,0.3043108697402854,0
CV05,2,4,0.25,TSQR-04-L025,TAP-RBF-SHR-04-L025,0.4989330223649508,0.3043108697402854,0
CV05,2,4,0.5,TSQR-04-L050,TAP-RBF-SHR-04-L050,0.4989330223649508,0.3043108697402854,0
CV05,2,6,0.1,TSQR-06-L010,TAP-RBF-SHR-06-L010,0.6806554782653049,0.4412043635147322,0
CV05,2,6,0.25,TSQR-06-L025,TAP-RBF-SHR-06-L025,0.6806554782653049,0.4412043635147322,0
CV05,2,6,0.5,TSQR-06-L050,TAP-RBF-SHR-06-L050,0.6806554782653049,0.4412043635147322,0
CV05,2,8,0.1,TSQR-08-L010,TAP-RBF-SHR-08-L010,0.606501492579888,0.42304517956166765,0
CV05,2,8,0.25,TSQR-08-L025,TAP-RBF-SHR-08-L025,0.606501492579888,0.42304517956166765,0
CV05,2,8,0.5,TSQR-08-L050,TAP-RBF-SHR-08-L050,0.606501492579888,0.42304517956166765,0
CV05,3,4,0.1,TSQR-04-L010,TAP-RBF-SHR-04-L010,0.4988891828640751,0.30434769722820243,0
CV05,3,4,0.25,TSQR-04-L025,TAP-RBF-SHR-04-L025,0.4988891828640751,0.30434769722820243,0
CV05,3,4,0.5,TSQR-04-L050,TAP-RBF-SHR-04-L050,0.4988891828640751,0.30434769722820243,0
CV05,3,6,0.1,TSQR-06-L010,TAP-RBF-SHR-06-L010,0.6804769380371697,0.44127667571398854,0
CV05,3,6,0.25,TSQR-06-L025,TAP-RBF-SHR-06-L025,0.6804769380371697,0.44127667571398854,0
CV05,3,6,0.5,TSQR-06-L050,TAP-RBF-SHR-06-L050,0.6804769380371697,0.44127667571398854,0
CV05,3,8,0.1,TSQR-08-L010,TAP-RBF-SHR-08-L010,0.6064139327184317,0.42289983005620807,0
CV05,3,8,0.25,TSQR-08-L025,TAP-RBF-SHR-08-L025,0.6064139327184317,0.42289983005620807,0
CV05,3,8,0.5,TSQR-08-L050,TAP-RBF-SHR-08-L050,0.6064139327184317,0.42289983005620807,0
CV05,4,4,0.1,TSQR-04-L010,TAP-RBF-SHR-04-L010,0.4989409789566144,0.30429946477400543,0
CV05,4,4,0.25,TSQR-04-L025,TAP-RBF-SHR-04-L025,0.4989409789566144,0.30429946477400543,0
CV05,4,4,0.5,TSQR-04-L050,TAP-RBF-SHR-04-L050,0.4989409789566144,0.30429946477400543,0
CV05,4,6,0.1,TSQR-06-L010,TAP-RBF-SHR-06-L010,0.6807747592905339,0.4411684070723209,0
CV05,4,6,0.25,TSQR-06-L025,TAP-RBF-SHR-06-L025,0.6807747592905339,0.4411684070723209,0
CV05,4,6,0.5,TSQR-06-L050,TAP-RBF-SHR-06-L050,0.6807747592905339,0.4411684070723209,0
CV05,4,8,0.1,TSQR-08-L010,TAP-RBF-SHR-08-L010,0.6067201349912001,0.42276734573361363,0
CV05,4,8,0.25,TSQR-08-L025,TAP-RBF-SHR-08-L025,0.6067201349912001,0.42276734573361363,0
CV05,4,8,0.5,TSQR-08-L050,TAP-RBF-SHR-08-L050,0.6067201349912001,0.42276734573361363,0
CV05,5,4,0.1,TSQR-04-L010,TAP-RBF-SHR-04-L010,0.4988486754765576,0.30430355939120113,0
CV05,5,4,0.25,TSQR-04-L025,TAP-RBF-SHR-04-L025,0.4988486754765576,0.30430355939120113,0
CV05,5,4,0.5,TSQR-04-L050,TAP-RBF-SHR-04-L050,0.4988486754765576,0.30430355939120113,0
CV05,5,6,0.1,TSQR-06-L010,TAP-RBF-SHR-06-L010,0.6806876441596903,0.44125897776596346,0
CV05,5,6,0.25,TSQR-06-L025,TAP-RBF-SHR-06-L025,0.6806876441596903,0.44125897776596346,0
CV05,5,6,0.5,TSQR-06-L050,TAP-RBF-SHR-06-L050,0.6806876441596903,0.44125897776596346,0
CV05,5,8,0.1,TSQR-08-L010,TAP-RBF-SHR-08-L010,0.6069823060784733,0.4228025775728679,0
CV05,5,8,0.25,TSQR-08-L025,TAP-RBF-SHR-08-L025,0.6069823060784733,0.4228025775728679,0
CV05,5,8,0.5,TSQR-08-L050,TAP-RBF-SHR-08-L050,0.6069823060784733,0.4228025775728679,0
CV05,6,4,0.1,TSQR-04-L010,TAP-RBF-SHR-04-L010,0.4989139528789016,0.3044769091081027,0
CV05,6,4,0.25,TSQR-04-L025,TAP-RBF-SHR-04-L025,0.4989139528789016,0.3044769091081027,0
CV05,6,4,0.5,TSQR-04-L050,TAP-RBF-SHR-04-L050,0.4989139528789016,0.3044769091081027,0
CV05,6,6,0.1,TSQR-06-L010,TAP-RBF-SHR-06-L010,0.6808529549155801,0.4412725366586272,0
CV05,6,6,0.25,TSQR-06-L025,TAP-RBF-SHR-06-L025,0.6808529549155801,0.4412725366586272,0
CV05,6,6,0.5,TSQR-06-L050,TAP-RBF-SHR-06-L050,0.6808529549155801,0.4412725366586272,0
CV05,6,8,0.1,TSQR-08-L010,TAP-RBF-SHR-08-L010,0.6062558184390255,0.42278631058834254,0
CV05,6,8,0.25,TSQR-08-L025,TAP-RBF-SHR-08-L025,0.6062558184390255,0.42278631058834254,0
CV05,6,8,0.5,TSQR-08-L050,TAP-RBF-SHR-08-L050,0.6062558184390255,0.42278631058834254,0
CV05,7,4,0.1,TSQR-04-L010,TAP-RBF-SHR-04-L010,0.49868128283465907,0.30434828728209395,0
CV05,7,4,0.25,TSQR-04-L025,TAP-RBF-SHR-04-L025,0.49868128283465907,0.30434828728209395,0
CV05,7,4,0.5,TSQR-04-L050,TAP-RBF-SHR-04-L050,0.49868128283465907,0.30434828728209395,0
CV05,7,6,0.1,TSQR-06-L010,TAP-RBF-SHR-06-L010,0.6807140434520854,0.44121176617815605,0
CV05,7,6,0.25,TSQR-06-L025,TAP-RBF-SHR-06-L025,0.6807140434520854,0.44121176617815605,0
CV05,7,6,0.5,TSQR-06-L050,TAP-RBF-SHR-06-L050,0.6807140434520854,0.44121176617815605,0
CV05,7,8,0.1,TSQR-08-L010,TAP-RBF-SHR-08-L010,0.6062400849336458,0.42302202346844636,0
CV05,7,8,0.25,TSQR-08-L025,TAP-RBF-SHR-08-L025,0.6062400849336458,0.42302202346844636,0
CV05,7,8,0.5,TSQR-08-L050,TAP-RBF-SHR-08-L050,0.6062400849336458,0.42302202346844636,0
CV05,8,4,0.1,TSQR-04-L010,TAP-RBF-SHR-04-L010,0.4988942544094508,0.3043016500472751,0
CV05,8,4,0.25,TSQR-04-L025,TAP-RBF-SHR-04-L025,0.4988942544094508,0.3043016500472751,0
CV05,8,4,0.5,TSQR-04-L050,TAP-RBF-SHR-04-L050,0.4988942544094508,0.3043016500472751,0
CV05,8,6,0.1,TSQR-06-L010,TAP-RBF-SHR-06-L010,0.6807148357406692,0.4412145808708015,0
CV05,8,6,0.25,TSQR-06-L025,TAP-RBF-SHR-06-L025,0.6807148357406692,0.4412145808708015,0
CV05,8,6,0.5,TSQR-06-L050,TAP-RBF-SHR-06-L050,0.6807148357406692,0.4412145808708015,0
CV05,8,8,0.1,TSQR-08-L010,TAP-RBF-SHR-08-L010,0.6071152787903503,0.42280063134225543,0
CV05,8,8,0.25,TSQR-08-L025,TAP-RBF-SHR-08-L025,0.6071152787903503,0.42280063134225543,0
CV05,8,8,0.5,TSQR-08-L050,TAP-RBF-SHR-08-L050,0.6071152787903503,0.42280063134225543,0
CV05,9,4,0.1,TSQR-04-L010,TAP-RBF-SHR-04-L010,0.4988997040982262,0.304317513357414,0
CV05,9,4,0.25,TSQR-04-L025,TAP-RBF-SHR-04-L025,0.4988997040982262,0.304317513357414,0
CV05,9,4,0.5,TSQR-04-L050,TAP-RBF-SHR-04-L050,0.4988997040982262,0.304317513357414,0
CV05,9,6,0.1,TSQR-06-L010,TAP-RBF-SHR-06-L010,0.6808735834157188,0.4412515271264676,0
CV05,9,6,0.25,TSQR-06-L025,TAP-RBF-SHR-06-L025,0.6808735834157188,0.4412515271264676,0
CV05,9,6,0.5,TSQR-06-L050,TAP-RBF-SHR-06-L050,0.6808735834157188,0.4412515271264676,0
CV05,9,8,0.1,TSQR-08-L010,TAP-RBF-SHR-08-L010,0.6063465209135659,0.4227155285268886,0
CV05,9,8,0.25,TSQR-08-L025,TAP-RBF-SHR-08-L025,0.6063465209135659,0.4227155285268886,0
CV05,9,8,0.5,TSQR-08-L050,TAP-RBF-SHR-08-L050,0.6063465209135659,0.4227155285268886,0
CV05,10,4,0.1,TSQR-04-L010,TAP-RBF-SHR-04-L010,0.4989171558704232,0.30435423318037313,0
CV05,10,4,0.25,TSQR-04-L025,TAP-RBF-SHR-04-L025,0.4989171558704232,0.30435423318037313,0
CV05,10,4,0.5,TSQR-04-L050,TAP-RBF-SHR-04-L050,0.4989171558704232,0.30435423318037313,0
CV05,10,6,0.1,TSQR-06-L010,TAP-RBF-SHR-06-L010,0.6807077149896454,0.4412634805143567,0
CV05,10,6,0.25,TSQR-06-L025,TAP-RBF-SHR-06-L025,0.6807077149896454,0.4412634805143567,0
CV05,10,6,0.5,TSQR-06-L050,TAP-RBF-SHR-06-L050,0.6807077149896454,0.4412634805143567,0
CV05,10,8,0.1,TSQR-08-L010,TAP-RBF-SHR-08-L010,0.6065563445197278,0.4229697289702029,0
CV05,10,8,0.25,TSQR-08-L025,TAP-RBF-SHR-08-L025,0.6065563445197278,0.4229697289702029,0
CV05,10,8,0.5,TSQR-08-L050,TAP-RBF-SHR-08-L050,0.6065563445197278,0.4229697289702029,0
CV05,11,4,0.1,TSQR-04-L010,TAP-RBF-SHR-04-L010,0.4988890436101749,0.30430760191842965,0
CV05,11,4,0.25,TSQR-04-L025,TAP-RBF-SHR-04-L025,0.4988890436101749,0.30430760191842965,0
CV05,11,4,0.5,TSQR-04-L050,TAP-RBF-SHR-04-L050,0.4988890436101749,0.30430760191842965,0
CV05,11,6,0.1,TSQR-06-L010,TAP-RBF-SHR-06-L010,0.6808299686804036,0.44122619550181974,0
CV05,11,6,0.25,TSQR-06-L025,TAP-RBF-SHR-06-L025,0.6808299686804036,0.44122619550181974,0
CV05,11,6,0.5,TSQR-06-L050,TAP-RBF-SHR-06-L050,0.6808299686804036,0.44122619550181974,0
CV05,11,8,0.1,TSQR-08-L010,TAP-RBF-SHR-08-L010,0.6062358586109704,0.4228995878505563,0
CV05,11,8,0.25,TSQR-08-L025,TAP-RBF-SHR-08-L025,0.6062358586109704,0.4228995878505563,0
CV05,11,8,0.5,TSQR-08-L050,TAP-RBF-SHR-08-L050,0.6062358586109704,0.4228995878505563,0
CV05,12,4,0.1,TSQR-04-L010,TAP-RBF-SHR-04-L010,0.49892288402610885,0.30430174867090964,0
CV05,12,4,0.25,TSQR-04-L025,TAP-RBF-SHR-04-L025,0.49892288402610885,0.30430174867090964,0
CV05,12,4,0.5,TSQR-04-L050,TAP-RBF-SHR-04-L050,0.49892288402610885,0.30430174867090964,0
CV05,12,6,0.1,TSQR-06-L010,TAP-RBF-SHR-06-L010,0.6807437688359411,0.44122335269354906,0
CV05,12,6,0.25,TSQR-06-L025,TAP-RBF-SHR-06-L025,0.6807437688359411,0.44122335269354906,0
CV05,12,6,0.5,TSQR-06-L050,TAP-RBF-SHR-06-L050,0.6807437688359411,0.44122335269354906,0
CV05,12,8,0.1,TSQR-08-L010,TAP-RBF-SHR-08-L010,0.6064513627135145,0.4230716971412058,0
CV05,12,8,0.25,TSQR-08-L025,TAP-RBF-SHR-08-L025,0.6064513627135145,0.4230716971412058,0
CV05,12,8,0.5,TSQR-08-L050,TAP-RBF-SHR-08-L050,0.6064513627135145,0.4230716971412058,0
CV05,13,4,0.1,TSQR-04-L010,TAP-RBF-SHR-04-L010,0.4989071576023825,0.30450295151857,0
CV05,13,4,0.25,TSQR-04-L025,TAP-RBF-SHR-04-L025,0.4989071576023825,0.30450295151857,0
CV05,13,4,0.5,TSQR-04-L050,TAP-RBF-SHR-04-L050,0.4989071576023825,0.30450295151857,0
CV05,13,6,0.1,TSQR-06-L010,TAP-RBF-SHR-06-L010,0.6808837183450152,0.4412019692207175,0
CV05,13,6,0.25,TSQR-06-L025,TAP-RBF-SHR-06-L025,0.6808837183450152,0.4412019692207175,0
CV05,13,6,0.5,TSQR-06-L050,TAP-RBF-SHR-06-L050,0.6808837183450152,0.4412019692207175,0
CV05,13,8,0.1,TSQR-08-L010,TAP-RBF-SHR-08-L010,0.6062900072513477,0.4230455720207098,0
CV05,13,8,0.25,TSQR-08-L025,TAP-RBF-SHR-08-L025,0.6062900072513477,0.4230455720207098,0
CV05,13,8,0.5,TSQR-08-L050,TAP-RBF-SHR-08-L050,0.6062900072513477,0.4230455720207098,0
CV05,14,4,0.1,TSQR-04-L010,TAP-RBF-SHR-04-L010,0.4989112641997746,0.30433240268822137,0
CV05,14,4,0.25,TSQR-04-L025,TAP-RBF-SHR-04-L025,0.4989112641997746,0.30433240268822137,0
CV05,14,4,0.5,TSQR-04-L050,TAP-RBF-SHR-04-L050,0.4989112641997746,0.30433240268822137,0
CV05,14,6,0.1,TSQR-06-L010,TAP-RBF-SHR-06-L010,0.6805945425469546,0.4412543570805345,0
CV05,14,6,0.25,TSQR-06-L025,TAP-RBF-SHR-06-L025,0.6805945425469546,0.4412543570805345,0
CV05,14,6,0.5,TSQR-06-L050,TAP-RBF-SHR-06-L050,0.6805945425469546,0.4412543570805345,0
CV05,14,8,0.1,TSQR-08-L010,TAP-RBF-SHR-08-L010,0.6065247611743427,0.42284670542605574,0
CV05,14,8,0.25,TSQR-08-L025,TAP-RBF-SHR-08-L025,0.6065247611743427,0.42284670542605574,0
CV05,14,8,0.5,TSQR-08-L050,TAP-RBF-SHR-08-L050,0.6065247611743427,0.42284670542605574,0
CV05,15,4,0.1,TSQR-04-L010,TAP-RBF-SHR-04-L010,0.49891675302526767,0.3043354792821809,0
CV05,15,4,0.25,TSQR-04-L025,TAP-RBF-SHR-04-L025,0.49891675302526767,0.3043354792821809,0
CV05,15,4,0.5,TSQR-04-L050,TAP-RBF-SHR-04-L050,0.49891675302526767,0.3043354792821809,0
CV05,15,6,0.1,TSQR-06-L010,TAP-RBF-SHR-06-L010,0.6805265540969359,0.4412615316828853,0
CV05,15,6,0.25,TSQR-06-L025,TAP-RBF-SHR-06-L025,0.6805265540969359,0.4412615316828853,0
CV05,15,6,0.5,TSQR-06-L050,TAP-RBF-SHR-06-L050,0.6805265540969359,0.4412615316828853,0
CV05,15,8,0.1,TSQR-08-L010,TAP-RBF-SHR-08-L010,0.6068058267283961,0.4228200398005437,0
CV05,15,8,0.25,TSQR-08-L025,TAP-RBF-SHR-08-L025,0.6068058267283961,0.4228200398005437,0
CV05,15,8,0.5,TSQR-08-L050,TAP-RBF-SHR-08-L050,0.6068058267283961,0.4228200398005437,0
CV05,16,4,0.1,TSQR-04-L010,TAP-RBF-SHR-04-L010,0.4988194093554082,0.3043136883275593,0
CV05,16,4,0.25,TSQR-04-L025,TAP-RBF-SHR-04-L025,0.4988194093554082,0.3043136883275593,0
CV05,16,4,0.5,TSQR-04-L050,TAP-RBF-SHR-04-L050,0.4988194093554082,0.3043136883275593,0
CV05,16,6,0.1,TSQR-06-L010,TAP-RBF-SHR-06-L010,0.6807352986692297,0.4412250794908181,0
CV05,16,6,0.25,TSQR-06-L025,TAP-RBF-SHR-06-L025,0.6807352986692297,0.4412250794908181,0
CV05,16,6,0.5,TSQR-06-L050,TAP-RBF-SHR-06-L050,0.6807352986692297,0.4412250794908181,0
CV05,16,8,0.1,TSQR-08-L010,TAP-RBF-SHR-08-L010,0.6060804024594337,0.4225751479657731,0
CV05,16,8,0.25,TSQR-08-L025,TAP-RBF-SHR-08-L025,0.6060804024594337,0.4225751479657731,0
CV05,16,8,0.5,TSQR-08-L050,TAP-RBF-SHR-08-L050,0.6060804024594337,0.4225751479657731,0
CV05,17,4,0.1,TSQR-04-L010,TAP-RBF-SHR-04-L010,0.4988307204110128,0.3043163508001213,0
CV05,17,4,0.25,TSQR-04-L025,TAP-RBF-SHR-04-L025,0.4988307204110128,0.3043163508001213,0
CV05,17,4,0.5,TSQR-04-L050,TAP-RBF-SHR-04-L050,0.4988307204110128,0.3043163508001213,0
CV05,17,6,0.1,TSQR-06-L010,TAP-RBF-SHR-06-L010,0.6805749686320953,0.44118771423066505,0
CV05,17,6,0.25,TSQR-06-L025,TAP-RBF-SHR-06-L025,0.6805749686320953,0.44118771423066505,0
CV05,17,6,0.5,TSQR-06-L050,TAP-RBF-SHR-06-L050,0.6805749686320953,0.44118771423066505,0
CV05,17,8,0.1,TSQR-08-L010,TAP-RBF-SHR-08-L010,0.6064988680843073,0.422838243805371,0
CV05,17,8,0.25,TSQR-08-L025,TAP-RBF-SHR-08-L025,0.6064988680843073,0.422838243805371,0
CV05,17,8,0.5,TSQR-08-L050,TAP-RBF-SHR-08-L050,0.6064988680843073,0.422838243805371,0
CV05,18,4,0.1,TSQR-04-L010,TAP-RBF-SHR-04-L010,0.4987186653590978,0.3043821807259562,0
CV05,18,4,0.25,TSQR-04-L025,TAP-RBF-SHR-04-L025,0.4987186653590978,0.3043821807259562,0
CV05,18,4,0.5,TSQR-04-L050,TAP-RBF-SHR-04-L050,0.4987186653590978,0.3043821807259562,0
CV05,18,6,0.1,TSQR-06-L010,TAP-RBF-SHR-06-L010,0.6806420928481158,0.441242576694994,0
CV05,18,6,0.25,TSQR-06-L025,TAP-RBF-SHR-06-L025,0.6806420928481158,0.441242576694994,0
CV05,18,6,0.5,TSQR-06-L050,TAP-RBF-SHR-06-L050,0.6806420928481158,0.441242576694994,0
CV05,18,8,0.1,TSQR-08-L010,TAP-RBF-SHR-08-L010,0.6063410335765427,0.422893649335629,0
CV05,18,8,0.25,TSQR-08-L025,TAP-RBF-SHR-08-L025,0.6063410335765427,0.422893649335629,0
CV05,18,8,0.5,TSQR-08-L050,TAP-RBF-SHR-08-L050,0.6063410335765427,0.422893649335629,0
CV05,19,4,0.1,TSQR-04-L010,TAP-RBF-SHR-04-L010,0.4989313566646182,0.30430832578756173,0
CV05,19,4,0.25,TSQR-04-L025,TAP-RBF-SHR-04-L025,0.4989313566646182,0.30430832578756173,0
CV05,19,4,0.5,TSQR-04-L050,TAP-RBF-SHR-04-L050,0.4989313566646182,0.30430832578756173,0
CV05,19,6,0.1,TSQR-06-L010,TAP-RBF-SHR-06-L010,0.6809306065683278,0.44128672255566487,0
CV05,19,6,0.25,TSQR-06-L025,TAP-RBF-SHR-06-L025,0.6809306065683278,0.44128672255566487,0
CV05,19,6,0.5,TSQR-06-L050,TAP-RBF-SHR-06-L050,0.6809306065683278,0.44128672255566487,0
CV05,19,8,0.1,TSQR-08-L010,TAP-RBF-SHR-08-L010,0.6060769874169039,0.42292079337687766,0
CV05,19,8,0.25,TSQR-08-L025,TAP-RBF-SHR-08-L025,0.6060769874169039,0.42292079337687766,0
CV05,19,8,0.5,TSQR-08-L050,TAP-RBF-SHR-08-L050,0.6060769874169039,0.42292079337687766,0
CV05,20,4,0.1,TSQR-04-L010,TAP-RBF-SHR-04-L010,0.49893698516301416,0.30429904230774657,0
CV05,20,4,0.25,TSQR-04-L025,TAP-RBF-SHR-04-L025,0.49893698516301416,0.30429904230774657,0
CV05,20,4,0.5,TSQR-04-L050,TAP-RBF-SHR-04-L050,0.49893698516301416,0.30429904230774657,0
CV05,20,6,0.1,TSQR-06-L010,TAP-RBF-SHR-06-L010,0.6807792740056638,0.4412581742654942,0
CV05,20,6,0.25,TSQR-06-L025,TAP-RBF-SHR-06-L025,0.6807792740056638,0.4412581742654942,0
CV05,20,6,0.5,TSQR-06-L050,TAP-RBF-SHR-06-L050,0.6807792740056638,0.4412581742654942,0
CV05,20,8,0.1,TSQR-08-L010,TAP-RBF-SHR-08-L010,0.6062609092962701,0.4229489752578381,0
CV05,20,8,0.25,TSQR-08-L025,TAP-RBF-SHR-08-L025,0.6062609092962701,0.4229489752578381,0
CV05,20,8,0.5,TSQR-08-L050,TAP-RBF-SHR-08-L050,0.6062609092962701,0.4229489752578381,0
