outer_fold,seed_index,q,fidelity_delta_l2,rbf25_delta_l2,rbf50_delta_l2,channel_fit_rows,validation_outcomes_used,channel_source
CV01,1,4,1.3254448872131044,0.7043760913028301,0.8811232641356594,1024,0,same_cross_fitted_c06_residual
CV01,1,6,1.6236649550563462,0.7722869522874055,0.9211690622425265,1024,0,same_cross_fitted_c06_residual
CV01,1,8,1.9523847734988287,0.8630313509713811,1.0644725040255576,1024,0,same_cross_fitted_c06_residual
CV01,2,4,1.3254448878038572,0.705429922084123,0.8828154068061297,1024,0,same_cross_fitted_c06_residual
CV01,2,6,1.6235518520577006,0.7723580413958439,0.9219267107632787,1024,0,same_cross_fitted_c06_residual
CV01,2,8,1.9611227774188862,0.8599482977680899,1.064265622152742,1024,0,same_cross_fitted_c06_residual
CV01,3,4,1.3254448871396909,0.7057979097825351,0.8808938304802273,1024,0,same_cross_fitted_c06_residual
CV01,3,6,1.6215020433088654,0.7715820902354009,0.9166662094228963,1024,0,same_cross_fitted_c06_residual
CV01,3,8,1.951462123878095,0.8598442771120165,1.0620763837992189,1024,0,same_cross_fitted_c06_residual
CV01,4,4,1.3254448869114421,0.7059686422430903,0.8830461709490596,1024,0,same_cross_fitted_c06_residual
CV01,4,6,1.6165690649649374,0.7719488964728756,0.9190416207298441,1024,0,same_cross_fitted_c06_residual
CV01,4,8,2.0013790249648533,0.8598838679978628,1.063515237672453,1024,0,same_cross_fitted_c06_residual
CV01,5,4,1.3254448875679825,0.7044114964384358,0.88041547765501,1024,0,same_cross_fitted_c06_residual
CV01,5,6,1.6219113169669594,0.7730754628030493,0.9230208731417386,1024,0,same_cross_fitted_c06_residual
CV01,5,8,1.9577511427788965,0.8602414840608772,1.0661564237274688,1024,0,same_cross_fitted_c06_residual
CV01,6,4,1.3254448877957103,0.7042828888724018,0.8804990570409108,1024,0,same_cross_fitted_c06_residual
CV01,6,6,1.62218053651167,0.772795009918183,0.9235740893930703,1024,0,same_cross_fitted_c06_residual
CV01,6,8,1.9415732789984415,0.8601073835288211,1.0611472519129268,1024,0,same_cross_fitted_c06_residual
CV01,7,4,1.3254448867963258,0.7045936674123575,0.8806448359643191,1024,0,same_cross_fitted_c06_residual
CV01,7,6,1.6206644300676765,0.7724440170155095,0.9220455654944836,1024,0,same_cross_fitted_c06_residual
CV01,7,8,1.978874457429671,0.8618765185251235,1.063599731723521,1024,0,same_cross_fitted_c06_residual
CV01,8,4,1.3254448871711688,0.7060221264712214,0.8835183522761364,1024,0,same_cross_fitted_c06_residual
CV01,8,6,1.617307323916899,0.7724446548922232,0.9216500614293011,1024,0,same_cross_fitted_c06_residual
CV01,8,8,1.972537686407192,0.860017908227568,1.0627104416573454,1024,0,same_cross_fitted_c06_residual
CV01,9,4,1.3254448879928276,0.7046834260571521,0.8788621739499554,1024,0,same_cross_fitted_c06_residual
CV01,9,6,1.618148659313547,0.7732799738173421,0.9220901484153173,1024,0,same_cross_fitted_c06_residual
CV01,9,8,1.969051686517784,0.8606952075978022,1.0646284963212755,1024,0,same_cross_fitted_c06_residual
CV01,10,4,1.3254448874528424,0.7043250864623595,0.8809895728186218,1024,0,same_cross_fitted_c06_residual
CV01,10,6,1.6197824611688374,0.7721679058852476,0.9176009026696516,1024,0,same_cross_fitted_c06_residual
CV01,10,8,1.969531645541496,0.8598286088336368,1.0618269779209648,1024,0,same_cross_fitted_c06_residual
CV01,11,4,1.3254448877796967,0.7041417475595002,0.880594746263987,1024,0,same_cross_fitted_c06_residual
CV01,11,6,1.6186110224808012,0.7723201686404556,0.9212204344631983,1024,0,same_cross_fitted_c06_residual
CV01,11,8,1.958844270598149,0.8604700354787301,1.0636531186134106,1024,0,same_cross_fitted_c06_residual
CV01,12,4,1.3254448874645024,0.7049329221753752,0.8808228786004748,1024,0,same_cross_fitted_c06_residual
CV01,12,6,1.6159269593711212,0.7726833520648952,0.9200453133656881,1024,0,same_cross_fitted_c06_residual
CV01,12,8,1.9840284068975744,0.8595060681798836,1.062828521473515,1024,0,same_cross_fitted_c06_residual
CV01,13,4,1.3254448876884775,0.704477157186868,0.880211391907914,1024,0,same_cross_fitted_c06_residual
CV01,13,6,1.6178772916433388,0.7725121993998088,0.9216436911071538,1024,0,same_cross_fitted_c06_residual
CV01,13,8,1.9510086168115297,0.8598534476974913,1.065690341246854,1024,0,same_cross_fitted_c06_residual
CV01,14,4,1.3254448870932036,0.7040672587465554,0.8818032152273239,1024,0,same_cross_fitted_c06_residual
CV01,14,6,1.6185199994469952,0.7725093849778045,0.9210044793007073,1024,0,same_cross_fitted_c06_residual
CV01,14,8,1.9538699202952192,0.8598575052799358,1.0625583301405388,1024,0,same_cross_fitted_c06_residual
CV01,15,4,1.3254448865082276,0.7039683973385247,0.8803413427154289,1024,0,same_cross_fitted_c06_residual
CV01,15,6,1.627980708321613,0.7723298827860489,0.9224006663759202,1024,0,same_cross_fitted_c06_residual
CV01,15,8,1.9511126623753665,0.8597199381801212,1.063375075229372,1024,0,same_cross_fitted_c06_residual
CV01,16,4,1.325444887091421,0.7043399938769843,0.8789620015130395,1024,0,same_cross_fitted_c06_residual
CV01,16,6,1.6137634400337868,0.7721201110601165,0.9195491926440238,1024,0,same_cross_fitted_c06_residual
CV01,16,8,1.9809530065079344,0.8610278308910766,1.0624871199852512,1024,0,same_cross_fitted_c06_residual
CV01,17,4,1.3254448879495688,0.7052500052962493,0.881704153995361,1024,0,same_cross_fitted_c06_residual
CV01,17,6,1.6201731643843953,0.7745535544394841,0.9226738906511186,1024,0,same_cross_fitted_c06_residual
CV01,17,8,1.9588896107555842,0.8599380036455274,1.0631516381594739,1024,0,same_cross_fitted_c06_residual
CV01,18,4,1.3254448875679739,0.7056661075141892,0.8820763572975135,1024,0,same_cross_fitted_c06_residual
CV01,18,6,1.6214616996101798,0.7724281880305116,0.9210064396135063,1024,0,same_cross_fitted_c06_residual
CV01,18,8,1.9687273663114702,0.86036478577709,1.0614605327619824,1024,0,same_cross_fitted_c06_residual
CV01,19,4,1.3254448863790738,0.704936185821401,0.8794253220091749,1024,0,same_cross_fitted_c06_residual
CV01,19,6,1.6213977280035203,0.7726115014543383,0.9215396025790268,1024,0,same_cross_fitted_c06_residual
CV01,19,8,1.9627201698586398,0.8613149856732923,1.0643099255546338,1024,0,same_cross_fitted_c06_residual
CV01,20,4,1.325444887374325,0.7043477353108962,0.8797500148511541,1024,0,same_cross_fitted_c06_residual
CV01,20,6,1.6187268931948662,0.772399556974811,0.9220547625334785,1024,0,same_cross_fitted_c06_residual
CV01,20,8,1.967321187217636,0.8620251346032662,1.064804035857114,1024,0,same_cross_fitted_c06_residual
CV02,1,4,1.9511369849016627,1.503585280351376,1.7507228618736534,1024,0,same_cross_fitted_c06_residual
CV02,1,6,1.7250231490588286,1.0179533629210005,1.0875058893017613,1024,0,same_cross_fitted_c06_residual
CV02,1,8,0.5682498184273954,0.772417375331933,0.7424436514424891,1024,0,same_cross_fitted_c06_residual
CV02,2,4,1.9511369859182788,1.5033676540717344,1.7502256790757804,1024,0,same_cross_fitted_c06_residual
CV02,2,6,1.7252412670147117,1.0181348732750775,1.0882726235237439,1024,0,same_cross_fitted_c06_residual
CV02,2,8,0.548727541423502,0.7727578827509005,0.7435852129615029,1024,0,same_cross_fitted_c06_residual
CV02,3,4,1.9511369871836957,1.5035431597427382,1.750695420819894,1024,0,same_cross_fitted_c06_residual
CV02,3,6,1.730249465269862,1.01795946202177,1.0879412300828828,1024,0,same_cross_fitted_c06_residual
CV02,3,8,0.5554602594431071,0.7724083826320056,0.7434018982105015,1024,0,same_cross_fitted_c06_residual
CV02,4,4,1.9511369864772776,1.5035533382803346,1.7506540532539003,1024,0,same_cross_fitted_c06_residual
CV02,4,6,1.7196406920454408,1.0179350850662672,1.0880119506406771,1024,0,same_cross_fitted_c06_residual
CV02,4,8,0.5434520298912418,0.772367885252447,0.7420105618845461,1024,0,same_cross_fitted_c06_residual
CV02,5,4,1.951136987127601,1.5036006407970115,1.7507046763375997,1024,0,same_cross_fitted_c06_residual
CV02,5,6,1.736740731917754,1.0180306615602948,1.0884202207279825,1024,0,same_cross_fitted_c06_residual
CV02,5,8,0.5498676133770987,0.772871470717601,0.7428525817329154,1024,0,same_cross_fitted_c06_residual
CV02,6,4,1.951136984990282,1.503539901574051,1.7507111421388992,1024,0,same_cross_fitted_c06_residual
CV02,6,6,1.7244445966117818,1.0178929043984002,1.0879146049914779,1024,0,same_cross_fitted_c06_residual
CV02,6,8,0.5488955063056782,0.7722662826053768,0.7425126976462253,1024,0,same_cross_fitted_c06_residual
CV02,7,4,1.9511369842776012,1.5035498557396292,1.7506669917232265,1024,0,same_cross_fitted_c06_residual
CV02,7,6,1.7251784831490995,1.0179456553777855,1.087777870684545,1024,0,same_cross_fitted_c06_residual
CV02,7,8,0.5467948409218649,0.7724243519666909,0.7424989810141986,1024,0,same_cross_fitted_c06_residual
CV02,8,4,1.9511369872023958,1.5035297030729164,1.7507170376482852,1024,0,same_cross_fitted_c06_residual
CV02,8,6,1.7259470177006713,1.0180299935056933,1.0879452206669495,1024,0,same_cross_fitted_c06_residual
CV02,8,8,0.5421596075242123,0.7724865181638129,0.7418758300171958,1024,0,same_cross_fitted_c06_residual
CV02,9,4,1.951136986756004,1.5035174680503238,1.7505127805279237,1024,0,same_cross_fitted_c06_residual
CV02,9,6,1.7157733755359448,1.0180018907932111,1.0877348901132868,1024,0,same_cross_fitted_c06_residual
CV02,9,8,0.5622092425003608,0.7722044157035862,0.7418400298478376,1024,0,same_cross_fitted_c06_residual
CV02,10,4,1.9511369861198005,1.5035123093900822,1.750748045848723,1024,0,same_cross_fitted_c06_residual
CV02,10,6,1.7279688919497709,1.0180775216813989,1.0879798722595233,1024,0,same_cross_fitted_c06_residual
CV02,10,8,0.5425946380876812,0.7721664803710667,0.743719482193664,1024,0,same_cross_fitted_c06_residual
CV02,11,4,1.9511369867326134,1.5035182607298654,1.7506560284760802,1024,0,same_cross_fitted_c06_residual
CV02,11,6,1.7286415003247504,1.0181975277503037,1.0879647560131243,1024,0,same_cross_fitted_c06_residual
CV02,11,8,0.55851156469771,0.7723930528774586,0.741855903733095,1024,0,same_cross_fitted_c06_residual
CV02,12,4,1.9511369888781598,1.5035419165900088,1.750684177316226,1024,0,same_cross_fitted_c06_residual
CV02,12,6,1.7192764381687207,1.0180368426266806,1.087614564104585,1024,0,same_cross_fitted_c06_residual
CV02,12,8,0.5403638261603461,0.7723179303461287,0.7423196158584304,1024,0,same_cross_fitted_c06_residual
CV02,13,4,1.9511369877919627,1.5035342321738054,1.7505124975610034,1024,0,same_cross_fitted_c06_residual
CV02,13,6,1.7212018041727364,1.0180340700990353,1.0880489496303354,1024,0,same_cross_fitted_c06_residual
CV02,13,8,0.5480034979514158,0.7725897435296949,0.7428638543275248,1024,0,same_cross_fitted_c06_residual
CV02,14,4,1.9511369855943734,1.5035584769736101,1.7506599385816668,1024,0,same_cross_fitted_c06_residual
CV02,14,6,1.7223446342844697,1.018046795898985,1.0877067562129956,1024,0,same_cross_fitted_c06_residual
CV02,14,8,0.5489280023076473,0.772487820927078,0.7414431464019405,1024,0,same_cross_fitted_c06_residual
CV02,15,4,1.9511369873283526,1.5035545695414603,1.7506880496958335,1024,0,same_cross_fitted_c06_residual
CV02,15,6,1.7326165718934465,1.0181201137404772,1.0878772319223795,1024,0,same_cross_fitted_c06_residual
CV02,15,8,0.563649729321339,0.7726631969647912,0.743441141163427,1024,0,same_cross_fitted_c06_residual
CV02,16,4,1.9511369862137375,1.5035547006471504,1.7506415321581938,1024,0,same_cross_fitted_c06_residual
CV02,16,6,1.718241382891226,1.0180976395282928,1.0881870546605616,1024,0,same_cross_fitted_c06_residual
CV02,16,8,0.5498764897238025,0.7725948230465338,0.743308802974211,1024,0,same_cross_fitted_c06_residual
CV02,17,4,1.9511369871230477,1.5035735237367427,1.7506280435798103,1024,0,same_cross_fitted_c06_residual
CV02,17,6,1.7237890872000807,1.0180515517749256,1.0881521087235344,1024,0,same_cross_fitted_c06_residual
CV02,17,8,0.5509415978154794,0.7729346878058921,0.7432068610759658,1024,0,same_cross_fitted_c06_residual
CV02,18,4,1.9511369849938354,1.5035954092554105,1.7507053846734726,1024,0,same_cross_fitted_c06_residual
CV02,18,6,1.7175652377278603,1.018280570410534,1.0884158069525214,1024,0,same_cross_fitted_c06_residual
CV02,18,8,0.5588697165506926,0.7723071091067893,0.743789423696451,1024,0,same_cross_fitted_c06_residual
CV02,19,4,1.951136986164662,1.5035119943162703,1.750658866261059,1024,0,same_cross_fitted_c06_residual
CV02,19,6,1.7192059956545322,1.018079238972285,1.087969023171192,1024,0,same_cross_fitted_c06_residual
CV02,19,8,0.5468175445651431,0.7722234210956854,0.7421127396926022,1024,0,same_cross_fitted_c06_residual
CV02,20,4,1.9511369847053643,1.5035787520041866,1.7506610061846481,1024,0,same_cross_fitted_c06_residual
CV02,20,6,1.728507293562291,1.0180689366817475,1.0879344218223044,1024,0,same_cross_fitted_c06_residual
CV02,20,8,0.5749010310963945,0.7727535122124102,0.7436445490633457,1024,0,same_cross_fitted_c06_residual
CV03,1,4,1.7440943184414814,2.065968065372212,2.15093147674869,1024,0,same_cross_fitted_c06_residual
CV03,1,6,1.3080159849849253,1.6689754202803655,1.5830939136311237,1024,0,same_cross_fitted_c06_residual
CV03,1,8,1.4058413942421768,1.7047396469976979,1.6933683907701116,1024,0,same_cross_fitted_c06_residual
CV03,2,4,1.744094317674865,2.0647360936302848,2.1524775544126884,1024,0,same_cross_fitted_c06_residual
CV03,2,6,1.3391425394264922,1.6749167250924872,1.5882809783604313,1024,0,same_cross_fitted_c06_residual
CV03,2,8,1.4332764123539605,1.703650593020831,1.698346945960034,1024,0,same_cross_fitted_c06_residual
CV03,3,4,1.744094318635189,2.0639772701802954,2.1531940344263716,1024,0,same_cross_fitted_c06_residual
CV03,3,6,1.336626779243707,1.6755738001914269,1.5921299590166487,1024,0,same_cross_fitted_c06_residual
CV03,3,8,1.432908511205486,1.7009021339918602,1.6883821007051047,1024,0,same_cross_fitted_c06_residual
CV03,4,4,1.7440943182749098,2.0674672210990854,2.153812261555035,1024,0,same_cross_fitted_c06_residual
CV03,4,6,1.3156186112285146,1.668377016983277,1.578728943065619,1024,0,same_cross_fitted_c06_residual
CV03,4,8,1.4288577518413494,1.7042646346473769,1.6988265233094109,1024,0,same_cross_fitted_c06_residual
CV03,5,4,1.7440943186971578,2.052135805979789,2.1370385466762545,1024,0,same_cross_fitted_c06_residual
CV03,5,6,1.3290704917726324,1.6686357670057559,1.5800119962933188,1024,0,same_cross_fitted_c06_residual
CV03,5,8,1.4455276357417306,1.7032955061323642,1.6963521275685265,1024,0,same_cross_fitted_c06_residual
CV03,6,4,1.7440943176839965,2.056499878602045,2.140362210550372,1024,0,same_cross_fitted_c06_residual
CV03,6,6,1.295789905599986,1.6699118556525323,1.5853670282418073,1024,0,same_cross_fitted_c06_residual
CV03,6,8,1.4071090445384586,1.7043158230088566,1.699104982471342,1024,0,same_cross_fitted_c06_residual
CV03,7,4,1.7440943187898432,2.0625809542706093,2.1440252211680053,1024,0,same_cross_fitted_c06_residual
CV03,7,6,1.3081140163147427,1.674917068639306,1.5864001272564972,1024,0,same_cross_fitted_c06_residual
CV03,7,8,1.4275065944151473,1.7070846784921367,1.6962046318786717,1024,0,same_cross_fitted_c06_residual
CV03,8,4,1.7440943183448478,2.0637285272680894,2.148266787185821,1024,0,same_cross_fitted_c06_residual
CV03,8,6,1.3196303706460282,1.6719697998794472,1.5878847089033643,1024,0,same_cross_fitted_c06_residual
CV03,8,8,1.4259644267384046,1.703430518424523,1.6974038600220902,1024,0,same_cross_fitted_c06_residual
CV03,9,4,1.74409431817717,2.057160234573687,2.1394171116376297,1024,0,same_cross_fitted_c06_residual
CV03,9,6,1.3321728312063876,1.6692116487887425,1.5845266000521285,1024,0,same_cross_fitted_c06_residual
CV03,9,8,1.4358875376322744,1.7006690926514232,1.6921243905660717,1024,0,same_cross_fitted_c06_residual
CV03,10,4,1.744094318175799,2.061584636908989,2.147485504298614,1024,0,same_cross_fitted_c06_residual
CV03,10,6,1.314624938510061,1.6689693247458974,1.586342233879267,1024,0,same_cross_fitted_c06_residual
CV03,10,8,1.4329999508800277,1.7032730465987498,1.6936918504999505,1024,0,same_cross_fitted_c06_residual
CV03,11,4,1.744094318078643,2.0651295907184424,2.147103387865186,1024,0,same_cross_fitted_c06_residual
CV03,11,6,1.328537939122438,1.6694507163748273,1.5852467407968678,1024,0,same_cross_fitted_c06_residual
CV03,11,8,1.4489808982766355,1.7070862981639463,1.705676170914372,1024,0,same_cross_fitted_c06_residual
CV03,12,4,1.7440943184666247,2.0583943394585633,2.1404520189441634,1024,0,same_cross_fitted_c06_residual
CV03,12,6,1.3135048553563533,1.6699499178680302,1.5879191892009354,1024,0,same_cross_fitted_c06_residual
CV03,12,8,1.434642161144232,1.710522054174422,1.7087657885879026,1024,0,same_cross_fitted_c06_residual
CV03,13,4,1.7440943184172724,2.0589438704878846,2.1404742069647313,1024,0,same_cross_fitted_c06_residual
CV03,13,6,1.3436533102494261,1.6687089303351055,1.5864404891786068,1024,0,same_cross_fitted_c06_residual
CV03,13,8,1.4142797366503739,1.7017852970075233,1.6928846318358874,1024,0,same_cross_fitted_c06_residual
CV03,14,4,1.744094318315123,2.0613589586581536,2.145208360798956,1024,0,same_cross_fitted_c06_residual
CV03,14,6,1.3036433122847324,1.6696007706595546,1.5815774495411075,1024,0,same_cross_fitted_c06_residual
CV03,14,8,1.4054727097140107,1.701856483580922,1.6924023761089795,1024,0,same_cross_fitted_c06_residual
CV03,15,4,1.7440943187734885,2.059869635322394,2.1429147188526887,1024,0,same_cross_fitted_c06_residual
CV03,15,6,1.3184757221574834,1.6756396366777586,1.5913903091611727,1024,0,same_cross_fitted_c06_residual
CV03,15,8,1.4367218413576266,1.7024423764591416,1.6985510886872561,1024,0,same_cross_fitted_c06_residual
CV03,16,4,1.7440943182084907,2.066215799730425,2.148009249725781,1024,0,same_cross_fitted_c06_residual
CV03,16,6,1.3115681462376785,1.6705912400779301,1.5859914464016245,1024,0,same_cross_fitted_c06_residual
CV03,16,8,1.4379107665065152,1.7027026953673838,1.6996678257064664,1024,0,same_cross_fitted_c06_residual
CV03,17,4,1.744094318688741,2.057188804035438,2.1421409868903325,1024,0,same_cross_fitted_c06_residual
CV03,17,6,1.316876340750478,1.6702265256362145,1.5880635654675583,1024,0,same_cross_fitted_c06_residual
CV03,17,8,1.447799139876045,1.7044291683312132,1.700154551834656,1024,0,same_cross_fitted_c06_residual
CV03,18,4,1.7440943180373119,2.062340924481889,2.145889060055934,1024,0,same_cross_fitted_c06_residual
CV03,18,6,1.3216087133510406,1.6686320082888662,1.5843731029674426,1024,0,same_cross_fitted_c06_residual
CV03,18,8,1.4489473573433327,1.7099622619320083,1.7084204757745751,1024,0,same_cross_fitted_c06_residual
CV03,19,4,1.7440943189219325,2.0577513382819377,2.1390368253737213,1024,0,same_cross_fitted_c06_residual
CV03,19,6,1.3287424928080693,1.6747720067150929,1.589082250818715,1024,0,same_cross_fitted_c06_residual
CV03,19,8,1.4433875484950613,1.7040195241589795,1.7092781235975747,1024,0,same_cross_fitted_c06_residual
CV03,20,4,1.7440943182737638,2.063984214822083,2.1472365655282846,1024,0,same_cross_fitted_c06_residual
CV03,20,6,1.3076803330239046,1.6690350697271878,1.5867099324424856,1024,0,same_cross_fitted_c06_residual
CV03,20,8,1.4238344629870068,1.7077642418965737,1.7013719501631412,1024,0,same_cross_fitted_c06_residual
CV04,1,4,0.994161268646838,0.7932347997129227,0.8306219782858402,1024,0,same_cross_fitted_c06_residual
CV04,1,6,0.6503274640980805,0.46553228700367,0.4702327065668846,1024,0,same_cross_fitted_c06_residual
CV04,1,8,0.6855731795192012,0.4308141713548991,0.36095445576521373,1024,0,same_cross_fitted_c06_residual
CV04,2,4,0.994161268887535,0.7906707073259844,0.8266221671330108,1024,0,same_cross_fitted_c06_residual
CV04,2,6,0.6514200894113632,0.46635539678953986,0.4725454094738219,1024,0,same_cross_fitted_c06_residual
CV04,2,8,0.6903782620832638,0.42840789193263534,0.35667705785135223,1024,0,same_cross_fitted_c06_residual
CV04,3,4,0.9941612685817508,0.7932204523387665,0.8304273722926114,1024,0,same_cross_fitted_c06_residual
CV04,3,6,0.652416469576457,0.4653142542414991,0.47464452675744695,1024,0,same_cross_fitted_c06_residual
CV04,3,8,0.6858981333308318,0.430146948743701,0.36064519318603233,1024,0,same_cross_fitted_c06_residual
CV04,4,4,0.9941612688358791,0.79315824309832,0.8302536939033917,1024,0,same_cross_fitted_c06_residual
CV04,4,6,0.6511824469586103,0.46403661924121103,0.46984107248661805,1024,0,same_cross_fitted_c06_residual
CV04,4,8,0.6876308843349027,0.4286710531463795,0.35847167122750906,1024,0,same_cross_fitted_c06_residual
CV04,5,4,0.9941612689361833,0.7933488434589917,0.830675473181976,1024,0,same_cross_fitted_c06_residual
CV04,5,6,0.6526518598293682,0.4661909033675786,0.4740113604691403,1024,0,same_cross_fitted_c06_residual
CV04,5,8,0.686003312956116,0.42743292694159035,0.3535241579569141,1024,0,same_cross_fitted_c06_residual
CV04,6,4,0.9941612689083971,0.7930735035332143,0.8298582210027553,1024,0,same_cross_fitted_c06_residual
CV04,6,6,0.652024799467028,0.4660354056220309,0.4741176827743617,1024,0,same_cross_fitted_c06_residual
CV04,6,8,0.6909444921270628,0.4262564753222894,0.3527812374433461,1024,0,same_cross_fitted_c06_residual
CV04,7,4,0.9941612686859533,0.7896233903558845,0.826552717472887,1024,0,same_cross_fitted_c06_residual
CV04,7,6,0.6521221419899369,0.46541583651817636,0.4723758712535263,1024,0,same_cross_fitted_c06_residual
CV04,7,8,0.6845078056061468,0.4285646124799076,0.35530606087487987,1024,0,same_cross_fitted_c06_residual
CV04,8,4,0.9941612689003779,0.7934233288688243,0.8309119364158912,1024,0,same_cross_fitted_c06_residual
CV04,8,6,0.6514637113734626,0.4650759124671941,0.4729782359037569,1024,0,same_cross_fitted_c06_residual
CV04,8,8,0.6884215882915329,0.429623867221575,0.3589451921121775,1024,0,same_cross_fitted_c06_residual
CV04,9,4,0.9941612691386653,0.7934214438008462,0.8307689451761668,1024,0,same_cross_fitted_c06_residual
CV04,9,6,0.6515872710875283,0.46525277301994894,0.4699690726121366,1024,0,same_cross_fitted_c06_residual
CV04,9,8,0.6882851693199669,0.43042811130090985,0.36004877956236114,1024,0,same_cross_fitted_c06_residual
CV04,10,4,0.9941612690672708,0.7932447574341855,0.8304276542758704,1024,0,same_cross_fitted_c06_residual
CV04,10,6,0.6515497066921562,0.4612811762952482,0.46639802976997197,1024,0,same_cross_fitted_c06_residual
CV04,10,8,0.6857713432651837,0.42901404793504433,0.35766169104534584,1024,0,same_cross_fitted_c06_residual
CV04,11,4,0.9941612691648102,0.791352508337701,0.8273436351617932,1024,0,same_cross_fitted_c06_residual
CV04,11,6,0.6528219016623314,0.465220342282381,0.47369317184916565,1024,0,same_cross_fitted_c06_residual
CV04,11,8,0.6842528915163604,0.42869961591063044,0.3560855701667917,1024,0,same_cross_fitted_c06_residual
CV04,12,4,0.9941612690130097,0.7934948444986822,0.8309754511283625,1024,0,same_cross_fitted_c06_residual
CV04,12,6,0.6528969418720247,0.46516507505977545,0.4736629131534216,1024,0,same_cross_fitted_c06_residual
CV04,12,8,0.6898065248867585,0.4293554992505401,0.35897551572849906,1024,0,same_cross_fitted_c06_residual
CV04,13,4,0.9941612692736618,0.7933579736938151,0.830740235871082,1024,0,same_cross_fitted_c06_residual
CV04,13,6,0.6515564536426296,0.4646627006792683,0.471877143724845,1024,0,same_cross_fitted_c06_residual
CV04,13,8,0.6820998834265682,0.4277006485717748,0.35665633857721446,1024,0,same_cross_fitted_c06_residual
CV04,14,4,0.9941612690662027,0.7929446836321528,0.8297879875808096,1024,0,same_cross_fitted_c06_residual
CV04,14,6,0.6499303327375915,0.46473678849627864,0.4728334271424886,1024,0,same_cross_fitted_c06_residual
CV04,14,8,0.6867648069838613,0.42698792763946986,0.35284019266319694,1024,0,same_cross_fitted_c06_residual
CV04,15,4,0.9941612690446286,0.7934898114911209,0.8304155434975296,1024,0,same_cross_fitted_c06_residual
CV04,15,6,0.6518940894713782,0.46599767324768715,0.4738421774553384,1024,0,same_cross_fitted_c06_residual
CV04,15,8,0.6860211640217558,0.4290429084068564,0.3564638751029318,1024,0,same_cross_fitted_c06_residual
CV04,16,4,0.9941612687465866,0.7929588228706705,0.8297139704840168,1024,0,same_cross_fitted_c06_residual
CV04,16,6,0.65152529123527,0.466787775940138,0.4737257530054492,1024,0,same_cross_fitted_c06_residual
CV04,16,8,0.6891574348869139,0.4283068754399299,0.35661661305978304,1024,0,same_cross_fitted_c06_residual
CV04,17,4,0.9941612690489727,0.7931751458019395,0.8303256450878251,1024,0,same_cross_fitted_c06_residual
CV04,17,6,0.6512217068219875,0.4659646931861013,0.4750090863573549,1024,0,same_cross_fitted_c06_residual
CV04,17,8,0.6858571106692071,0.42785042103329946,0.35390313117893313,1024,0,same_cross_fitted_c06_residual
CV04,18,4,0.9941612692104822,0.7910617607145729,0.8266364163857497,1024,0,same_cross_fitted_c06_residual
CV04,18,6,0.6520499586083323,0.46537825269712546,0.47172429625322165,1024,0,same_cross_fitted_c06_residual
CV04,18,8,0.6869775907419479,0.4292113157767759,0.35830579925432277,1024,0,same_cross_fitted_c06_residual
CV04,19,4,0.9941612689297141,0.7897508861368819,0.8261785584070016,1024,0,same_cross_fitted_c06_residual
CV04,19,6,0.6523273021570207,0.46540122330700784,0.4736529257870814,1024,0,same_cross_fitted_c06_residual
CV04,19,8,0.6873772856148441,0.43212580616745905,0.3631633072491431,1024,0,same_cross_fitted_c06_residual
CV04,20,4,0.9941612688485624,0.7935289301274104,0.831171656820873,1024,0,same_cross_fitted_c06_residual
CV04,20,6,0.6512004750003932,0.4655604655770158,0.46979852530434996,1024,0,same_cross_fitted_c06_residual
CV04,20,8,0.6871631001793536,0.42905461627462144,0.35517273716707526,1024,0,same_cross_fitted_c06_residual
CV05,1,4,0.5581806923284657,0.3440058832337736,0.320091057828283,1024,0,same_cross_fitted_c06_residual
CV05,1,6,0.7670104286896157,0.4216909263612433,0.547341497850062,1024,0,same_cross_fitted_c06_residual
CV05,1,8,0.9313270894582454,0.4456782387392238,0.5186922792300895,1024,0,same_cross_fitted_c06_residual
CV05,2,4,0.5581806924976082,0.3435743726350307,0.31935891492076107,1024,0,same_cross_fitted_c06_residual
CV05,2,6,0.7635648300796127,0.4212135820206907,0.5471620512504085,1024,0,same_cross_fitted_c06_residual
CV05,2,8,0.9270095974910122,0.44576764292556303,0.5216816033692048,1024,0,same_cross_fitted_c06_residual
CV05,3,4,0.5581806930388407,0.34300204905918646,0.3190876430549631,1024,0,same_cross_fitted_c06_residual
CV05,3,6,0.7640825940212234,0.4220359665729562,0.5469876562077302,1024,0,same_cross_fitted_c06_residual
CV05,3,8,0.9360509083214137,0.4463662762598361,0.5206275007004902,1024,0,same_cross_fitted_c06_residual
CV05,4,4,0.5581806918491199,0.3437828980101092,0.31918828637126445,1024,0,same_cross_fitted_c06_residual
CV05,4,6,0.7655896383664459,0.4219220060913073,0.5468208378540238,1024,0,same_cross_fitted_c06_residual
CV05,4,8,0.945296558192858,0.44627494150846836,0.5193432676088404,1024,0,same_cross_fitted_c06_residual
CV05,5,4,0.5581806917083937,0.3435869501549478,0.3200501712387267,1024,0,same_cross_fitted_c06_residual
CV05,5,6,0.7605878094176923,0.42230273318859257,0.5484572591123182,1024,0,same_cross_fitted_c06_residual
CV05,5,8,0.9412105294210159,0.4463173601814632,0.5197938118199906,1024,0,same_cross_fitted_c06_residual
CV05,6,4,0.5581806924033551,0.3436894714840223,0.3185232312147345,1024,0,same_cross_fitted_c06_residual
CV05,6,6,0.7671411975470411,0.42387385600819094,0.5492513922628305,1024,0,same_cross_fitted_c06_residual
CV05,6,8,0.9475042142338541,0.4462215895117551,0.5196436924168649,1024,0,same_cross_fitted_c06_residual
CV05,7,4,0.5581806921254623,0.34352138752343153,0.31904328459740466,1024,0,same_cross_fitted_c06_residual
CV05,7,6,0.7646961443410283,0.4216042542355306,0.5467945000457157,1024,0,same_cross_fitted_c06_residual
CV05,7,8,0.9443042106854347,0.44570128282679505,0.5198481593073107,1024,0,same_cross_fitted_c06_residual
CV05,8,4,0.5581806915154436,0.344655643706462,0.32028876008361024,1024,0,same_cross_fitted_c06_residual
CV05,8,6,0.7671695975595441,0.4218060846435097,0.5458273384615853,1024,0,same_cross_fitted_c06_residual
CV05,8,8,0.9476524749762715,0.4462701587489203,0.5195648836383376,1024,0,same_cross_fitted_c06_residual
CV05,9,4,0.558180691738596,0.34361177626513245,0.3196725470328487,1024,0,same_cross_fitted_c06_residual
CV05,9,6,0.762838074265802,0.4216000033987793,0.5472782575777041,1024,0,same_cross_fitted_c06_residual
CV05,9,8,0.932493599976698,0.4462449059039258,0.5211618959912121,1024,0,same_cross_fitted_c06_residual
CV05,10,4,0.5581806919560245,0.34411293550423655,0.3202288584817791,1024,0,same_cross_fitted_c06_residual
CV05,10,6,0.763105246565467,0.42304656176281297,0.5484193780847301,1024,0,same_cross_fitted_c06_residual
CV05,10,8,0.9581830901566336,0.44548472147274787,0.5199948295459821,1024,0,same_cross_fitted_c06_residual
CV05,11,4,0.5581806921593907,0.34324057953875925,0.32005979491174313,1024,0,same_cross_fitted_c06_residual
CV05,11,6,0.7673858524408133,0.4219579278772888,0.5477920970270607,1024,0,same_cross_fitted_c06_residual
CV05,11,8,0.9375326285677188,0.4455766326873034,0.5177509614895383,1024,0,same_cross_fitted_c06_residual
CV05,12,4,0.5581806920567073,0.3431035694308717,0.31976039095927616,1024,0,same_cross_fitted_c06_residual
CV05,12,6,0.7631116139267632,0.42124445051926435,0.5462477686696803,1024,0,same_cross_fitted_c06_residual
CV05,12,8,0.9409665216644127,0.44708938488572286,0.5216248162016719,1024,0,same_cross_fitted_c06_residual
CV05,13,4,0.5581806918092062,0.343695572342567,0.3196377796131491,1024,0,same_cross_fitted_c06_residual
CV05,13,6,0.7672850720156346,0.42163926267226415,0.548413168229396,1024,0,same_cross_fitted_c06_residual
CV05,13,8,0.9331741743756435,0.4481196589352797,0.520600921220875,1024,0,same_cross_fitted_c06_residual
CV05,14,4,0.5581806919357627,0.3436106807628305,0.3190713415645512,1024,0,same_cross_fitted_c06_residual
CV05,14,6,0.7626976165186508,0.42152479907038837,0.547185554819646,1024,0,same_cross_fitted_c06_residual
CV05,14,8,0.9574583567740323,0.4476116141718465,0.5203111721322928,1024,0,same_cross_fitted_c06_residual
CV05,15,4,0.5581806917326209,0.34398163278222654,0.3191293108913026,1024,0,same_cross_fitted_c06_residual
CV05,15,6,0.7652854125608266,0.4217227941450708,0.547224875945548,1024,0,same_cross_fitted_c06_residual
CV05,15,8,0.9509641201820546,0.4460717933954975,0.5194132194148289,1024,0,same_cross_fitted_c06_residual
CV05,16,4,0.5581806918207965,0.34473172252583234,0.32007763815262563,1024,0,same_cross_fitted_c06_residual
CV05,16,6,0.7637410830314231,0.4216022288110431,0.5466592593811213,1024,0,same_cross_fitted_c06_residual
CV05,16,8,0.9412633409128304,0.44547794031496346,0.5205290136447009,1024,0,same_cross_fitted_c06_residual
CV05,17,4,0.5581806919212233,0.3434857613138174,0.3195545672474731,1024,0,same_cross_fitted_c06_residual
CV05,17,6,0.762920828703732,0.4229282293874552,0.5471135994892564,1024,0,same_cross_fitted_c06_residual
CV05,17,8,0.9325170471919245,0.4461923431991145,0.5181052739895878,1024,0,same_cross_fitted_c06_residual
CV05,18,4,0.5581806916766618,0.34359802376439813,0.3202205874677939,1024,0,same_cross_fitted_c06_residual
CV05,18,6,0.7673483650933022,0.4215868760514937,0.5474928326308733,1024,0,same_cross_fitted_c06_residual
CV05,18,8,0.9236029051424781,0.4461030235067227,0.5203955700195235,1024,0,same_cross_fitted_c06_residual
CV05,19,4,0.5581806917985981,0.3427938060067285,0.3191688265906076,1024,0,same_cross_fitted_c06_residual
CV05,19,6,0.7650592450083862,0.4211248649770713,0.5472047473364726,1024,0,same_cross_fitted_c06_residual
CV05,19,8,0.9421660620866938,0.4464081226830926,0.5182803459328325,1024,0,same_cross_fitted_c06_residual
CV05,20,4,0.558180691122397,0.3445368909594204,0.31978720089168183,1024,0,same_cross_fitted_c06_residual
CV05,20,6,0.7669259942558118,0.42168650861586254,0.5477056335473495,1024,0,same_cross_fitted_c06_residual
CV05,20,8,0.9289147391275225,0.44663029749849725,0.5195993301807561,1024,0,same_cross_fitted_c06_residual
