model_id,config_id,outer_fold,seed_index,validation_rows,nrmse,mae,mean_regret_m_s,infeasible_selection_rate,brier,auroc,recall,precision,ece
C06,C06,CV01,1,6500,0.015176380962966552,0.011451556126719881,9.29397319264077,0.010769230769230769,0.04932996061596233,0.9845976892135344,0.9111718483088487,0.9844961240310077,0.09126005604771692
MSFRK-ALL,MSFRK-ALL,CV01,1,6500,0.014823918491538107,0.012130113890563874,9.29397319264077,0.010769230769230769,0.04932996061596233,0.9845976892135344,0.9111718483088487,0.9844961240310077,0.09126005604771692
MS-TWO-RBF,MS-TWO-RBF,CV01,1,6500,0.01497811127277806,0.012080949767710887,9.29397319264077,0.010769230769230769,0.04932996061596233,0.9845976892135344,0.9111718483088487,0.9844961240310077,0.09126005604771692
C06,C06,CV01,2,6500,0.015176380962966552,0.011451556126719881,9.29397319264077,0.010769230769230769,0.04932996061596233,0.9845976892135344,0.9111718483088487,0.9844961240310077,0.09126005604771692
MSFRK-ALL,MSFRK-ALL,CV01,2,6500,0.014827051136163007,0.012130190280452143,9.29397319264077,0.010769230769230769,0.04932996061596233,0.9845976892135344,0.9111718483088487,0.9844961240310077,0.09126005604771692
MS-TWO-RBF,MS-TWO-RBF,CV01,2,6500,0.014976860340916689,0.01207829088724418,9.29397319264077,0.010769230769230769,0.04932996061596233,0.9845976892135344,0.9111718483088487,0.9844961240310077,0.09126005604771692
C06,C06,CV01,3,6500,0.015176380962966552,0.011451556126719881,9.29397319264077,0.010769230769230769,0.04932996061596233,0.9845976892135344,0.9111718483088487,0.9844961240310077,0.09126005604771692
MSFRK-ALL,MSFRK-ALL,CV01,3,6500,0.01484325727116991,0.012101815335675257,9.29397319264077,0.010769230769230769,0.04932996061596233,0.9845976892135344,0.9111718483088487,0.9844961240310077,0.09126005604771692
MS-TWO-RBF,MS-TWO-RBF,CV01,3,6500,0.014979756044498001,0.012078000479210009,9.29397319264077,0.010769230769230769,0.04932996061596233,0.9845976892135344,0.9111718483088487,0.9844961240310077,0.09126005604771692
C06,C06,CV01,4,6500,0.015176380962966552,0.011451556126719881,9.29397319264077,0.010769230769230769,0.04932996061596233,0.9845976892135344,0.9111718483088487,0.9844961240310077,0.09126005604771692
MSFRK-ALL,MSFRK-ALL,CV01,4,6500,0.01482403474218864,0.012126366209572812,9.29397319264077,0.010769230769230769,0.04932996061596233,0.9845976892135344,0.9111718483088487,0.9844961240310077,0.09126005604771692
MS-TWO-RBF,MS-TWO-RBF,CV01,4,6500,0.014973830870837356,0.012089151859035294,9.29397319264077,0.010769230769230769,0.04932996061596233,0.9845976892135344,0.9111718483088487,0.9844961240310077,0.09126005604771692
C06,C06,CV01,5,6500,0.015176380962966552,0.011451556126719881,9.29397319264077,0.010769230769230769,0.04932996061596233,0.9845976892135344,0.9111718483088487,0.9844961240310077,0.09126005604771692
MSFRK-ALL,MSFRK-ALL,CV01,5,6500,0.014840801606405463,0.012098884151004628,9.29397319264077,0.010769230769230769,0.04932996061596233,0.9845976892135344,0.9111718483088487,0.9844961240310077,0.09126005604771692
MS-TWO-RBF,MS-TWO-RBF,CV01,5,6500,0.014982690484125313,0.012057563579698345,9.29397319264077,0.010769230769230769,0.04932996061596233,0.9845976892135344,0.9111718483088487,0.9844961240310077,0.09126005604771692
C06,C06,CV01,6,6500,0.015176380962966552,0.011451556126719881,9.29397319264077,0.010769230769230769,0.04932996061596233,0.9845976892135344,0.9111718483088487,0.9844961240310077,0.09126005604771692
MSFRK-ALL,MSFRK-ALL,CV01,6,6500,0.014842932065634513,0.012106618987201096,9.29397319264077,0.010769230769230769,0.04932996061596233,0.9845976892135344,0.9111718483088487,0.9844961240310077,0.09126005604771692
MS-TWO-RBF,MS-TWO-RBF,CV01,6,6500,0.014970860133702756,0.012094765746182717,9.29397319264077,0.010769230769230769,0.04932996061596233,0.9845976892135344,0.9111718483088487,0.9844961240310077,0.09126005604771692
C06,C06,CV01,7,6500,0.015176380962966552,0.011451556126719881,9.29397319264077,0.010769230769230769,0.04932996061596233,0.9845976892135344,0.9111718483088487,0.9844961240310077,0.09126005604771692
MSFRK-ALL,MSFRK-ALL,CV01,7,6500,0.014834642917936154,0.012122011967730587,9.29397319264077,0.010769230769230769,0.04932996061596233,0.9845976892135344,0.9111718483088487,0.9844961240310077,0.09126005604771692
MS-TWO-RBF,MS-TWO-RBF,CV01,7,6500,0.014972020807588906,0.01210598358181591,9.29397319264077,0.010769230769230769,0.04932996061596233,0.9845976892135344,0.9111718483088487,0.9844961240310077,0.09126005604771692
C06,C06,CV01,8,6500,0.015176380962966552,0.011451556126719881,9.29397319264077,0.010769230769230769,0.04932996061596233,0.9845976892135344,0.9111718483088487,0.9844961240310077,0.09126005604771692
MSFRK-ALL,MSFRK-ALL,CV01,8,6500,0.014836056662884019,0.012118006181640488,9.29397319264077,0.010769230769230769,0.04932996061596233,0.9845976892135344,0.9111718483088487,0.9844961240310077,0.09126005604771692
MS-TWO-RBF,MS-TWO-RBF,CV01,8,6500,0.014973095533412747,0.012090630498922197,9.29397319264077,0.010769230769230769,0.04932996061596233,0.9845976892135344,0.9111718483088487,0.9844961240310077,0.09126005604771692
C06,C06,CV01,9,6500,0.015176380962966552,0.011451556126719881,9.29397319264077,0.010769230769230769,0.04932996061596233,0.9845976892135344,0.9111718483088487,0.9844961240310077,0.09126005604771692
MSFRK-ALL,MSFRK-ALL,CV01,9,6500,0.014843977916712204,0.012108441185592593,9.29397319264077,0.010769230769230769,0.04932996061596233,0.9845976892135344,0.9111718483088487,0.9844961240310077,0.09126005604771692
MS-TWO-RBF,MS-TWO-RBF,CV01,9,6500,0.014974793445890314,0.01208386869180589,9.29397319264077,0.010769230769230769,0.04932996061596233,0.9845976892135344,0.9111718483088487,0.9844961240310077,0.09126005604771692
C06,C06,CV01,10,6500,0.015176380962966552,0.011451556126719881,9.29397319264077,0.010769230769230769,0.04932996061596233,0.9845976892135344,0.9111718483088487,0.9844961240310077,0.09126005604771692
MSFRK-ALL,MSFRK-ALL,CV01,10,6500,0.01484644523131107,0.01209300361330777,9.29397319264077,0.010769230769230769,0.04932996061596233,0.9845976892135344,0.9111718483088487,0.9844961240310077,0.09126005604771692
MS-TWO-RBF,MS-TWO-RBF,CV01,10,6500,0.014968388350792403,0.012094398760262444,9.29397319264077,0.010769230769230769,0.04932996061596233,0.9845976892135344,0.9111718483088487,0.9844961240310077,0.09126005604771692
C06,C06,CV01,11,6500,0.015176380962966552,0.011451556126719881,9.29397319264077,0.010769230769230769,0.04932996061596233,0.9845976892135344,0.9111718483088487,0.9844961240310077,0.09126005604771692
MSFRK-ALL,MSFRK-ALL,CV01,11,6500,0.014846231994045693,0.012092951745681174,9.29397319264077,0.010769230769230769,0.04932996061596233,0.9845976892135344,0.9111718483088487,0.9844961240310077,0.09126005604771692
MS-TWO-RBF,MS-TWO-RBF,CV01,11,6500,0.014976271921939264,0.01207693535233333,9.29397319264077,0.010769230769230769,0.04932996061596233,0.9845976892135344,0.9111718483088487,0.9844961240310077,0.09126005604771692
C06,C06,CV01,12,6500,0.015176380962966552,0.011451556126719881,9.29397319264077,0.010769230769230769,0.04932996061596233,0.9845976892135344,0.9111718483088487,0.9844961240310077,0.09126005604771692
MSFRK-ALL,MSFRK-ALL,CV01,12,6500,0.014851751539459916,0.012088395919244122,9.29397319264077,0.010769230769230769,0.04932996061596233,0.9845976892135344,0.9111718483088487,0.9844961240310077,0.09126005604771692
MS-TWO-RBF,MS-TWO-RBF,CV01,12,6500,0.014977327638721312,0.01208045982660678,9.29397319264077,0.010769230769230769,0.04932996061596233,0.9845976892135344,0.9111718483088487,0.9844961240310077,0.09126005604771692
C06,C06,CV01,13,6500,0.015176380962966552,0.011451556126719881,9.29397319264077,0.010769230769230769,0.04932996061596233,0.9845976892135344,0.9111718483088487,0.9844961240310077,0.09126005604771692
MSFRK-ALL,MSFRK-ALL,CV01,13,6500,0.014843772972318637,0.012102982467641547,9.29397319264077,0.010769230769230769,0.04932996061596233,0.9845976892135344,0.9111718483088487,0.9844961240310077,0.09126005604771692
MS-TWO-RBF,MS-TWO-RBF,CV01,13,6500,0.01497514588642761,0.012079026651525064,9.29397319264077,0.010769230769230769,0.04932996061596233,0.9845976892135344,0.9111718483088487,0.9844961240310077,0.09126005604771692
C06,C06,CV01,14,6500,0.015176380962966552,0.011451556126719881,9.29397319264077,0.010769230769230769,0.04932996061596233,0.9845976892135344,0.9111718483088487,0.9844961240310077,0.09126005604771692
MSFRK-ALL,MSFRK-ALL,CV01,14,6500,0.014832015337023944,0.012125875400610326,9.29397319264077,0.010769230769230769,0.04932996061596233,0.9845976892135344,0.9111718483088487,0.9844961240310077,0.09126005604771692
MS-TWO-RBF,MS-TWO-RBF,CV01,14,6500,0.014975622934854483,0.012086280802961081,9.29397319264077,0.010769230769230769,0.04932996061596233,0.9845976892135344,0.9111718483088487,0.9844961240310077,0.09126005604771692
C06,C06,CV01,15,6500,0.015176380962966552,0.011451556126719881,9.29397319264077,0.010769230769230769,0.04932996061596233,0.9845976892135344,0.9111718483088487,0.9844961240310077,0.09126005604771692
MSFRK-ALL,MSFRK-ALL,CV01,15,6500,0.01482483294200752,0.012125126440382373,9.29397319264077,0.010769230769230769,0.04932996061596233,0.9845976892135344,0.9111718483088487,0.9844961240310077,0.09126005604771692
MS-TWO-RBF,MS-TWO-RBF,CV01,15,6500,0.014977708154616284,0.012081869874231441,9.29397319264077,0.010769230769230769,0.04932996061596233,0.9845976892135344,0.9111718483088487,0.9844961240310077,0.09126005604771692
C06,C06,CV01,16,6500,0.015176380962966552,0.011451556126719881,9.29397319264077,0.010769230769230769,0.04932996061596233,0.9845976892135344,0.9111718483088487,0.9844961240310077,0.09126005604771692
MSFRK-ALL,MSFRK-ALL,CV01,16,6500,0.01483611829050814,0.012108545919934311,9.29397319264077,0.010769230769230769,0.04932996061596233,0.9845976892135344,0.9111718483088487,0.9844961240310077,0.09126005604771692
MS-TWO-RBF,MS-TWO-RBF,CV01,16,6500,0.0149692759925244,0.012103885662249975,9.29397319264077,0.010769230769230769,0.04932996061596233,0.9845976892135344,0.9111718483088487,0.9844961240310077,0.09126005604771692
C06,C06,CV01,17,6500,0.015176380962966552,0.011451556126719881,9.29397319264077,0.010769230769230769,0.04932996061596233,0.9845976892135344,0.9111718483088487,0.9844961240310077,0.09126005604771692
MSFRK-ALL,MSFRK-ALL,CV01,17,6500,0.01482653253159257,0.012139251612647724,9.29397319264077,0.010769230769230769,0.04932996061596233,0.9845976892135344,0.9111718483088487,0.9844961240310077,0.09126005604771692
MS-TWO-RBF,MS-TWO-RBF,CV01,17,6500,0.01497529103416543,0.012084804442680981,9.29397319264077,0.010769230769230769,0.04932996061596233,0.9845976892135344,0.9111718483088487,0.9844961240310077,0.09126005604771692
C06,C06,CV01,18,6500,0.015176380962966552,0.011451556126719881,9.29397319264077,0.010769230769230769,0.04932996061596233,0.9845976892135344,0.9111718483088487,0.9844961240310077,0.09126005604771692
MSFRK-ALL,MSFRK-ALL,CV01,18,6500,0.014849383324918686,0.012096172523141338,9.29397319264077,0.010769230769230769,0.04932996061596233,0.9845976892135344,0.9111718483088487,0.9844961240310077,0.09126005604771692
MS-TWO-RBF,MS-TWO-RBF,CV01,18,6500,0.014977166548251172,0.012080855598502352,9.29397319264077,0.010769230769230769,0.04932996061596233,0.9845976892135344,0.9111718483088487,0.9844961240310077,0.09126005604771692
C06,C06,CV01,19,6500,0.015176380962966552,0.011451556126719881,9.29397319264077,0.010769230769230769,0.04932996061596233,0.9845976892135344,0.9111718483088487,0.9844961240310077,0.09126005604771692
MSFRK-ALL,MSFRK-ALL,CV01,19,6500,0.014830669129582232,0.012120920125416783,9.29397319264077,0.010769230769230769,0.04932996061596233,0.9845976892135344,0.9111718483088487,0.9844961240310077,0.09126005604771692
MS-TWO-RBF,MS-TWO-RBF,CV01,19,6500,0.014978643382429376,0.012074091905812103,9.29397319264077,0.010769230769230769,0.04932996061596233,0.9845976892135344,0.9111718483088487,0.9844961240310077,0.09126005604771692
C06,C06,CV01,20,6500,0.015176380962966552,0.011451556126719881,9.29397319264077,0.010769230769230769,0.04932996061596233,0.9845976892135344,0.9111718483088487,0.9844961240310077,0.09126005604771692
MSFRK-ALL,MSFRK-ALL,CV01,20,6500,0.01483456962270134,0.012115001196599052,9.29397319264077,0.010769230769230769,0.04932996061596233,0.9845976892135344,0.9111718483088487,0.9844961240310077,0.09126005604771692
MS-TWO-RBF,MS-TWO-RBF,CV01,20,6500,0.014977703769433403,0.012073498390427694,9.29397319264077,0.010769230769230769,0.04932996061596233,0.9845976892135344,0.9111718483088487,0.9844961240310077,0.09126005604771692
C06,C06,CV02,1,9750,0.004152238032262059,0.005499698208995222,16.649504858816922,0.048205128205128206,0.21955336700732453,0.849878811369509,0.14212121212121212,0.46161417322834647,0.22406986467826653
MSFRK-ALL,MSFRK-ALL,CV02,1,9750,0.004079891336839713,0.005475448087827526,16.649504858816922,0.048205128205128206,0.21955336700732453,0.849878811369509,0.14212121212121212,0.46161417322834647,0.22406986467826653
MS-TWO-RBF,MS-TWO-RBF,CV02,1,9750,0.004435549199911868,0.006514698126847695,16.649504858816922,0.048205128205128206,0.21955336700732453,0.849878811369509,0.14212121212121212,0.46161417322834647,0.22406986467826653
C06,C06,CV02,2,9750,0.004152238032262059,0.005499698208995222,16.649504858816922,0.048205128205128206,0.21955336700732453,0.849878811369509,0.14212121212121212,0.46161417322834647,0.22406986467826653
MSFRK-ALL,MSFRK-ALL,CV02,2,9750,0.0040877933408964996,0.005484274449742165,16.649504858816922,0.048205128205128206,0.21955336700732453,0.849878811369509,0.14212121212121212,0.46161417322834647,0.22406986467826653
MS-TWO-RBF,MS-TWO-RBF,CV02,2,9750,0.0044381421989312395,0.006523258146164925,16.649504858816922,0.048205128205128206,0.21955336700732453,0.849878811369509,0.14212121212121212,0.46161417322834647,0.22406986467826653
C06,C06,CV02,3,9750,0.004152238032262059,0.005499698208995222,16.649504858816922,0.048205128205128206,0.21955336700732453,0.849878811369509,0.14212121212121212,0.46161417322834647,0.22406986467826653
MSFRK-ALL,MSFRK-ALL,CV02,3,9750,0.004084431067741968,0.005463257161834677,16.649504858816922,0.048205128205128206,0.21955336700732453,0.849878811369509,0.14212121212121212,0.46161417322834647,0.22406986467826653
MS-TWO-RBF,MS-TWO-RBF,CV02,3,9750,0.004436066386267557,0.00651665950026467,16.649504858816922,0.048205128205128206,0.21955336700732453,0.849878811369509,0.14212121212121212,0.46161417322834647,0.22406986467826653
C06,C06,CV02,4,9750,0.004152238032262059,0.005499698208995222,16.649504858816922,0.048205128205128206,0.21955336700732453,0.849878811369509,0.14212121212121212,0.46161417322834647,0.22406986467826653
MSFRK-ALL,MSFRK-ALL,CV02,4,9750,0.004071516194641859,0.005435726998007148,16.649504858816922,0.048205128205128206,0.21955336700732453,0.849878811369509,0.14212121212121212,0.46161417322834647,0.22406986467826653
MS-TWO-RBF,MS-TWO-RBF,CV02,4,9750,0.004430437574132356,0.006497588380671259,16.649504858816922,0.048205128205128206,0.21955336700732453,0.849878811369509,0.14212121212121212,0.46161417322834647,0.22406986467826653
C06,C06,CV02,5,9750,0.004152238032262059,0.005499698208995222,16.649504858816922,0.048205128205128206,0.21955336700732453,0.849878811369509,0.14212121212121212,0.46161417322834647,0.22406986467826653
MSFRK-ALL,MSFRK-ALL,CV02,5,9750,0.00407655395032416,0.005451626778927981,16.649504858816922,0.048205128205128206,0.21955336700732453,0.849878811369509,0.14212121212121212,0.46161417322834647,0.22406986467826653
MS-TWO-RBF,MS-TWO-RBF,CV02,5,9750,0.004441641640857222,0.006535143532236588,16.649504858816922,0.048205128205128206,0.21955336700732453,0.849878811369509,0.14212121212121212,0.46161417322834647,0.22406986467826653
C06,C06,CV02,6,9750,0.004152238032262059,0.005499698208995222,16.649504858816922,0.048205128205128206,0.21955336700732453,0.849878811369509,0.14212121212121212,0.46161417322834647,0.22406986467826653
MSFRK-ALL,MSFRK-ALL,CV02,6,9750,0.004080847010863983,0.0054664370437340435,16.649504858816922,0.048205128205128206,0.21955336700732453,0.849878811369509,0.14212121212121212,0.46161417322834647,0.22406986467826653
MS-TWO-RBF,MS-TWO-RBF,CV02,6,9750,0.0044412664196668075,0.006533726651485303,16.649504858816922,0.048205128205128206,0.21955336700732453,0.849878811369509,0.14212121212121212,0.46161417322834647,0.22406986467826653
C06,C06,CV02,7,9750,0.004152238032262059,0.005499698208995222,16.649504858816922,0.048205128205128206,0.21955336700732453,0.849878811369509,0.14212121212121212,0.46161417322834647,0.22406986467826653
MSFRK-ALL,MSFRK-ALL,CV02,7,9750,0.004084404344468948,0.0054745011152013325,16.649504858816922,0.048205128205128206,0.21955336700732453,0.849878811369509,0.14212121212121212,0.46161417322834647,0.22406986467826653
MS-TWO-RBF,MS-TWO-RBF,CV02,7,9750,0.004443108081859889,0.006539755126831814,16.649504858816922,0.048205128205128206,0.21955336700732453,0.849878811369509,0.14212121212121212,0.46161417322834647,0.22406986467826653
C06,C06,CV02,8,9750,0.004152238032262059,0.005499698208995222,16.649504858816922,0.048205128205128206,0.21955336700732453,0.849878811369509,0.14212121212121212,0.46161417322834647,0.22406986467826653
MSFRK-ALL,MSFRK-ALL,CV02,8,9750,0.00407462201512002,0.005447778524060423,16.649504858816922,0.048205128205128206,0.21955336700732453,0.849878811369509,0.14212121212121212,0.46161417322834647,0.22406986467826653
MS-TWO-RBF,MS-TWO-RBF,CV02,8,9750,0.004444062252233143,0.006543253271213207,16.649504858816922,0.048205128205128206,0.21955336700732453,0.849878811369509,0.14212121212121212,0.46161417322834647,0.22406986467826653
C06,C06,CV02,9,9750,0.004152238032262059,0.005499698208995222,16.649504858816922,0.048205128205128206,0.21955336700732453,0.849878811369509,0.14212121212121212,0.46161417322834647,0.22406986467826653
MSFRK-ALL,MSFRK-ALL,CV02,9,9750,0.004086892771660887,0.00548327811168647,16.649504858816922,0.048205128205128206,0.21955336700732453,0.849878811369509,0.14212121212121212,0.46161417322834647,0.22406986467826653
MS-TWO-RBF,MS-TWO-RBF,CV02,9,9750,0.004444167940737287,0.006544317094120059,16.649504858816922,0.048205128205128206,0.21955336700732453,0.849878811369509,0.14212121212121212,0.46161417322834647,0.22406986467826653
C06,C06,CV02,10,9750,0.004152238032262059,0.005499698208995222,16.649504858816922,0.048205128205128206,0.21955336700732453,0.849878811369509,0.14212121212121212,0.46161417322834647,0.22406986467826653
MSFRK-ALL,MSFRK-ALL,CV02,10,9750,0.004086575178908285,0.005474980354854887,16.649504858816922,0.048205128205128206,0.21955336700732453,0.849878811369509,0.14212121212121212,0.46161417322834647,0.22406986467826653
MS-TWO-RBF,MS-TWO-RBF,CV02,10,9750,0.004437727254253884,0.006524506712349012,16.649504858816922,0.048205128205128206,0.21955336700732453,0.849878811369509,0.14212121212121212,0.46161417322834647,0.22406986467826653
C06,C06,CV02,11,9750,0.004152238032262059,0.005499698208995222,16.649504858816922,0.048205128205128206,0.21955336700732453,0.849878811369509,0.14212121212121212,0.46161417322834647,0.22406986467826653
MSFRK-ALL,MSFRK-ALL,CV02,11,9750,0.00407471739312661,0.005449323958820167,16.649504858816922,0.048205128205128206,0.21955336700732453,0.849878811369509,0.14212121212121212,0.46161417322834647,0.22406986467826653
MS-TWO-RBF,MS-TWO-RBF,CV02,11,9750,0.004439750589259027,0.006529206923008105,16.649504858816922,0.048205128205128206,0.21955336700732453,0.849878811369509,0.14212121212121212,0.46161417322834647,0.22406986467826653
C06,C06,CV02,12,9750,0.004152238032262059,0.005499698208995222,16.649504858816922,0.048205128205128206,0.21955336700732453,0.849878811369509,0.14212121212121212,0.46161417322834647,0.22406986467826653
MSFRK-ALL,MSFRK-ALL,CV02,12,9750,0.004071433082473847,0.005448883620451441,16.649504858816922,0.048205128205128206,0.21955336700732453,0.849878811369509,0.14212121212121212,0.46161417322834647,0.22406986467826653
MS-TWO-RBF,MS-TWO-RBF,CV02,12,9750,0.004440145470535288,0.006530396985422592,16.649504858816922,0.048205128205128206,0.21955336700732453,0.849878811369509,0.14212121212121212,0.46161417322834647,0.22406986467826653
C06,C06,CV02,13,9750,0.004152238032262059,0.005499698208995222,16.649504858816922,0.048205128205128206,0.21955336700732453,0.849878811369509,0.14212121212121212,0.46161417322834647,0.22406986467826653
MSFRK-ALL,MSFRK-ALL,CV02,13,9750,0.004066927834456126,0.00544272856732415,16.649504858816922,0.048205128205128206,0.21955336700732453,0.849878811369509,0.14212121212121212,0.46161417322834647,0.22406986467826653
MS-TWO-RBF,MS-TWO-RBF,CV02,13,9750,0.004445579778893365,0.006550161577068278,16.649504858816922,0.048205128205128206,0.21955336700732453,0.849878811369509,0.14212121212121212,0.46161417322834647,0.22406986467826653
C06,C06,CV02,14,9750,0.004152238032262059,0.005499698208995222,16.649504858816922,0.048205128205128206,0.21955336700732453,0.849878811369509,0.14212121212121212,0.46161417322834647,0.22406986467826653
MSFRK-ALL,MSFRK-ALL,CV02,14,9750,0.004084976285987241,0.005475046731174528,16.649504858816922,0.048205128205128206,0.21955336700732453,0.849878811369509,0.14212121212121212,0.46161417322834647,0.22406986467826653
MS-TWO-RBF,MS-TWO-RBF,CV02,14,9750,0.004432776035446557,0.006505510015408445,16.649504858816922,0.048205128205128206,0.21955336700732453,0.849878811369509,0.14212121212121212,0.46161417322834647,0.22406986467826653
C06,C06,CV02,15,9750,0.004152238032262059,0.005499698208995222,16.649504858816922,0.048205128205128206,0.21955336700732453,0.849878811369509,0.14212121212121212,0.46161417322834647,0.22406986467826653
MSFRK-ALL,MSFRK-ALL,CV02,15,9750,0.004076860880073565,0.0054629374355758325,16.649504858816922,0.048205128205128206,0.21955336700732453,0.849878811369509,0.14212121212121212,0.46161417322834647,0.22406986467826653
MS-TWO-RBF,MS-TWO-RBF,CV02,15,9750,0.004435050624434874,0.006510655900644813,16.649504858816922,0.048205128205128206,0.21955336700732453,0.849878811369509,0.14212121212121212,0.46161417322834647,0.22406986467826653
C06,C06,CV02,16,9750,0.004152238032262059,0.005499698208995222,16.649504858816922,0.048205128205128206,0.21955336700732453,0.849878811369509,0.14212121212121212,0.46161417322834647,0.22406986467826653
MSFRK-ALL,MSFRK-ALL,CV02,16,9750,0.004075172312934171,0.005443989044769238,16.649504858816922,0.048205128205128206,0.21955336700732453,0.849878811369509,0.14212121212121212,0.46161417322834647,0.22406986467826653
MS-TWO-RBF,MS-TWO-RBF,CV02,16,9750,0.004440728386854806,0.0065354600059598315,16.649504858816922,0.048205128205128206,0.21955336700732453,0.849878811369509,0.14212121212121212,0.46161417322834647,0.22406986467826653
C06,C06,CV02,17,9750,0.004152238032262059,0.005499698208995222,16.649504858816922,0.048205128205128206,0.21955336700732453,0.849878811369509,0.14212121212121212,0.46161417322834647,0.22406986467826653
MSFRK-ALL,MSFRK-ALL,CV02,17,9750,0.004080636376433291,0.005467783439563193,16.649504858816922,0.048205128205128206,0.21955336700732453,0.849878811369509,0.14212121212121212,0.46161417322834647,0.22406986467826653
MS-TWO-RBF,MS-TWO-RBF,CV02,17,9750,0.004438172191498837,0.006524135174998257,16.649504858816922,0.048205128205128206,0.21955336700732453,0.849878811369509,0.14212121212121212,0.46161417322834647,0.22406986467826653
C06,C06,CV02,18,9750,0.004152238032262059,0.005499698208995222,16.649504858816922,0.048205128205128206,0.21955336700732453,0.849878811369509,0.14212121212121212,0.46161417322834647,0.22406986467826653
MSFRK-ALL,MSFRK-ALL,CV02,18,9750,0.004072010306516413,0.005451132000895865,16.649504858816922,0.048205128205128206,0.21955336700732453,0.849878811369509,0.14212121212121212,0.46161417322834647,0.22406986467826653
MS-TWO-RBF,MS-TWO-RBF,CV02,18,9750,0.004436671602238263,0.006519151620177313,16.649504858816922,0.048205128205128206,0.21955336700732453,0.849878811369509,0.14212121212121212,0.46161417322834647,0.22406986467826653
C06,C06,CV02,19,9750,0.004152238032262059,0.005499698208995222,16.649504858816922,0.048205128205128206,0.21955336700732453,0.849878811369509,0.14212121212121212,0.46161417322834647,0.22406986467826653
MSFRK-ALL,MSFRK-ALL,CV02,19,9750,0.004079082400420694,0.00544313254788838,16.649504858816922,0.048205128205128206,0.21955336700732453,0.849878811369509,0.14212121212121212,0.46161417322834647,0.22406986467826653
MS-TWO-RBF,MS-TWO-RBF,CV02,19,9750,0.004438968599999094,0.006526844903251701,16.649504858816922,0.048205128205128206,0.21955336700732453,0.849878811369509,0.14212121212121212,0.46161417322834647,0.22406986467826653
C06,C06,CV02,20,9750,0.004152238032262059,0.005499698208995222,16.649504858816922,0.048205128205128206,0.21955336700732453,0.849878811369509,0.14212121212121212,0.46161417322834647,0.22406986467826653
MSFRK-ALL,MSFRK-ALL,CV02,20,9750,0.004077221016136728,0.005461278378233718,16.649504858816922,0.048205128205128206,0.21955336700732453,0.849878811369509,0.14212121212121212,0.46161417322834647,0.22406986467826653
MS-TWO-RBF,MS-TWO-RBF,CV02,20,9750,0.004435109806541532,0.006512773600930641,16.649504858816922,0.048205128205128206,0.21955336700732453,0.849878811369509,0.14212121212121212,0.46161417322834647,0.22406986467826653
C06,C06,CV03,1,9750,0.0025730284099066214,0.0013213922239785928,19.467516966857435,0.055384615384615386,0.048902959776609876,0.8399231075914129,0.22357723577235772,0.36666666666666664,0.03482798330118677
MSFRK-ALL,MSFRK-ALL,CV03,1,9750,0.0028226440712755207,0.002471093454671537,19.467516966857435,0.055384615384615386,0.048902959776609876,0.8399231075914129,0.22357723577235772,0.36666666666666664,0.03482798330118677
MS-TWO-RBF,MS-TWO-RBF,CV03,1,9750,0.003059132603170702,0.0037771643886533976,19.467516966857435,0.055384615384615386,0.048902959776609876,0.8399231075914129,0.22357723577235772,0.36666666666666664,0.03482798330118677
C06,C06,CV03,2,9750,0.0025730284099066214,0.0013213922239785928,19.467516966857435,0.055384615384615386,0.048902959776609876,0.8399231075914129,0.22357723577235772,0.36666666666666664,0.03482798330118677
MSFRK-ALL,MSFRK-ALL,CV03,2,9750,0.002864723906895306,0.002502357645698059,19.467516966857435,0.055384615384615386,0.048902959776609876,0.8399231075914129,0.22357723577235772,0.36666666666666664,0.03482798330118677
MS-TWO-RBF,MS-TWO-RBF,CV03,2,9750,0.003084106115945855,0.003776414607271281,19.467516966857435,0.055384615384615386,0.048902959776609876,0.8399231075914129,0.22357723577235772,0.36666666666666664,0.03482798330118677
C06,C06,CV03,3,9750,0.0025730284099066214,0.0013213922239785928,19.467516966857435,0.055384615384615386,0.048902959776609876,0.8399231075914129,0.22357723577235772,0.36666666666666664,0.03482798330118677
MSFRK-ALL,MSFRK-ALL,CV03,3,9750,0.002864723026642461,0.002511481870772314,19.467516966857435,0.055384615384615386,0.048902959776609876,0.8399231075914129,0.22357723577235772,0.36666666666666664,0.03482798330118677
MS-TWO-RBF,MS-TWO-RBF,CV03,3,9750,0.0030849015540639125,0.003774454483600187,19.467516966857435,0.055384615384615386,0.048902959776609876,0.8399231075914129,0.22357723577235772,0.36666666666666664,0.03482798330118677
C06,C06,CV03,4,9750,0.0025730284099066214,0.0013213922239785928,19.467516966857435,0.055384615384615386,0.048902959776609876,0.8399231075914129,0.22357723577235772,0.36666666666666664,0.03482798330118677
MSFRK-ALL,MSFRK-ALL,CV03,4,9750,0.002808868245735921,0.002453821706759804,19.467516966857435,0.055384615384615386,0.048902959776609876,0.8399231075914129,0.22357723577235772,0.36666666666666664,0.03482798330118677
MS-TWO-RBF,MS-TWO-RBF,CV03,4,9750,0.003063016364987424,0.0037898873684941363,19.467516966857435,0.055384615384615386,0.048902959776609876,0.8399231075914129,0.22357723577235772,0.36666666666666664,0.03482798330118677
C06,C06,CV03,5,9750,0.0025730284099066214,0.0013213922239785928,19.467516966857435,0.055384615384615386,0.048902959776609876,0.8399231075914129,0.22357723577235772,0.36666666666666664,0.03482798330118677
MSFRK-ALL,MSFRK-ALL,CV03,5,9750,0.0028207136346974776,0.002488686645407515,19.467516966857435,0.055384615384615386,0.048902959776609876,0.8399231075914129,0.22357723577235772,0.36666666666666664,0.03482798330118677
MS-TWO-RBF,MS-TWO-RBF,CV03,5,9750,0.003063977891459338,0.0037587248523939265,19.467516966857435,0.055384615384615386,0.048902959776609876,0.8399231075914129,0.22357723577235772,0.36666666666666664,0.03482798330118677
C06,C06,CV03,6,9750,0.0025730284099066214,0.0013213922239785928,19.467516966857435,0.055384615384615386,0.048902959776609876,0.8399231075914129,0.22357723577235772,0.36666666666666664,0.03482798330118677
MSFRK-ALL,MSFRK-ALL,CV03,6,9750,0.002830052143972307,0.002481196079981486,19.467516966857435,0.055384615384615386,0.048902959776609876,0.8399231075914129,0.22357723577235772,0.36666666666666664,0.03482798330118677
MS-TWO-RBF,MS-TWO-RBF,CV03,6,9750,0.0030540403265522237,0.0037819473757694615,19.467516966857435,0.055384615384615386,0.048902959776609876,0.8399231075914129,0.22357723577235772,0.36666666666666664,0.03482798330118677
C06,C06,CV03,7,9750,0.0025730284099066214,0.0013213922239785928,19.467516966857435,0.055384615384615386,0.048902959776609876,0.8399231075914129,0.22357723577235772,0.36666666666666664,0.03482798330118677
MSFRK-ALL,MSFRK-ALL,CV03,7,9750,0.002840196122386817,0.0024612237570181233,19.467516966857435,0.055384615384615386,0.048902959776609876,0.8399231075914129,0.22357723577235772,0.36666666666666664,0.03482798330118677
MS-TWO-RBF,MS-TWO-RBF,CV03,7,9750,0.00308349658270619,0.0037877403193767325,19.467516966857435,0.055384615384615386,0.048902959776609876,0.8399231075914129,0.22357723577235772,0.36666666666666664,0.03482798330118677
C06,C06,CV03,8,9750,0.0025730284099066214,0.0013213922239785928,19.467516966857435,0.055384615384615386,0.048902959776609876,0.8399231075914129,0.22357723577235772,0.36666666666666664,0.03482798330118677
MSFRK-ALL,MSFRK-ALL,CV03,8,9750,0.0028490947342146257,0.002474073277532254,19.467516966857435,0.055384615384615386,0.048902959776609876,0.8399231075914129,0.22357723577235772,0.36666666666666664,0.03482798330118677
MS-TWO-RBF,MS-TWO-RBF,CV03,8,9750,0.0030612273889374817,0.0037739638728201395,19.467516966857435,0.055384615384615386,0.048902959776609876,0.8399231075914129,0.22357723577235772,0.36666666666666664,0.03482798330118677
C06,C06,CV03,9,9750,0.0025730284099066214,0.0013213922239785928,19.467516966857435,0.055384615384615386,0.048902959776609876,0.8399231075914129,0.22357723577235772,0.36666666666666664,0.03482798330118677
MSFRK-ALL,MSFRK-ALL,CV03,9,9750,0.0028336369539931467,0.0024921758223759066,19.467516966857435,0.055384615384615386,0.048902959776609876,0.8399231075914129,0.22357723577235772,0.36666666666666664,0.03482798330118677
MS-TWO-RBF,MS-TWO-RBF,CV03,9,9750,0.003053201561188568,0.0037532675272396038,19.467516966857435,0.055384615384615386,0.048902959776609876,0.8399231075914129,0.22357723577235772,0.36666666666666664,0.03482798330118677
C06,C06,CV03,10,9750,0.0025730284099066214,0.0013213922239785928,19.467516966857435,0.055384615384615386,0.048902959776609876,0.8399231075914129,0.22357723577235772,0.36666666666666664,0.03482798330118677
MSFRK-ALL,MSFRK-ALL,CV03,10,9750,0.0028083868667985886,0.002436676590870675,19.467516966857435,0.055384615384615386,0.048902959776609876,0.8399231075914129,0.22357723577235772,0.36666666666666664,0.03482798330118677
MS-TWO-RBF,MS-TWO-RBF,CV03,10,9750,0.0030468161656312448,0.0037524640126405527,19.467516966857435,0.055384615384615386,0.048902959776609876,0.8399231075914129,0.22357723577235772,0.36666666666666664,0.03482798330118677
C06,C06,CV03,11,9750,0.0025730284099066214,0.0013213922239785928,19.467516966857435,0.055384615384615386,0.048902959776609876,0.8399231075914129,0.22357723577235772,0.36666666666666664,0.03482798330118677
MSFRK-ALL,MSFRK-ALL,CV03,11,9750,0.0028105382342996344,0.0024697063759759282,19.467516966857435,0.055384615384615386,0.048902959776609876,0.8399231075914129,0.22357723577235772,0.36666666666666664,0.03482798330118677
MS-TWO-RBF,MS-TWO-RBF,CV03,11,9750,0.0030500249058991844,0.003771838189771386,19.467516966857435,0.055384615384615386,0.048902959776609876,0.8399231075914129,0.22357723577235772,0.36666666666666664,0.03482798330118677
C06,C06,CV03,12,9750,0.0025730284099066214,0.0013213922239785928,19.467516966857435,0.055384615384615386,0.048902959776609876,0.8399231075914129,0.22357723577235772,0.36666666666666664,0.03482798330118677
MSFRK-ALL,MSFRK-ALL,CV03,12,9750,0.002804421151711428,0.002449845939565898,19.467516966857435,0.055384615384615386,0.048902959776609876,0.8399231075914129,0.22357723577235772,0.36666666666666664,0.03482798330118677
MS-TWO-RBF,MS-TWO-RBF,CV03,12,9750,0.003055591312770503,0.0037712453457275303,19.467516966857435,0.055384615384615386,0.048902959776609876,0.8399231075914129,0.22357723577235772,0.36666666666666664,0.03482798330118677
C06,C06,CV03,13,9750,0.0025730284099066214,0.0013213922239785928,19.467516966857435,0.055384615384615386,0.048902959776609876,0.8399231075914129,0.22357723577235772,0.36666666666666664,0.03482798330118677
MSFRK-ALL,MSFRK-ALL,CV03,13,9750,0.002818093278158854,0.0024533998334288066,19.467516966857435,0.055384615384615386,0.048902959776609876,0.8399231075914129,0.22357723577235772,0.36666666666666664,0.03482798330118677
MS-TWO-RBF,MS-TWO-RBF,CV03,13,9750,0.0030611059101398014,0.003779421595664676,19.467516966857435,0.055384615384615386,0.048902959776609876,0.8399231075914129,0.22357723577235772,0.36666666666666664,0.03482798330118677
C06,C06,CV03,14,9750,0.0025730284099066214,0.0013213922239785928,19.467516966857435,0.055384615384615386,0.048902959776609876,0.8399231075914129,0.22357723577235772,0.36666666666666664,0.03482798330118677
MSFRK-ALL,MSFRK-ALL,CV03,14,9750,0.002835525267534036,0.0024961960320972584,19.467516966857435,0.055384615384615386,0.048902959776609876,0.8399231075914129,0.22357723577235772,0.36666666666666664,0.03482798330118677
MS-TWO-RBF,MS-TWO-RBF,CV03,14,9750,0.0030584998377799653,0.0037807554676271417,19.467516966857435,0.055384615384615386,0.048902959776609876,0.8399231075914129,0.22357723577235772,0.36666666666666664,0.03482798330118677
C06,C06,CV03,15,9750,0.0025730284099066214,0.0013213922239785928,19.467516966857435,0.055384615384615386,0.048902959776609876,0.8399231075914129,0.22357723577235772,0.36666666666666664,0.03482798330118677
MSFRK-ALL,MSFRK-ALL,CV03,15,9750,0.0028573693107988084,0.002471529344520505,19.467516966857435,0.055384615384615386,0.048902959776609876,0.8399231075914129,0.22357723577235772,0.36666666666666664,0.03482798330118677
MS-TWO-RBF,MS-TWO-RBF,CV03,15,9750,0.003080854641378728,0.0037697684569744394,19.467516966857435,0.055384615384615386,0.048902959776609876,0.8399231075914129,0.22357723577235772,0.36666666666666664,0.03482798330118677
C06,C06,CV03,16,9750,0.0025730284099066214,0.0013213922239785928,19.467516966857435,0.055384615384615386,0.048902959776609876,0.8399231075914129,0.22357723577235772,0.36666666666666664,0.03482798330118677
MSFRK-ALL,MSFRK-ALL,CV03,16,9750,0.002826022619829374,0.0024866692545997137,19.467516966857435,0.055384615384615386,0.048902959776609876,0.8399231075914129,0.22357723577235772,0.36666666666666664,0.03482798330118677
MS-TWO-RBF,MS-TWO-RBF,CV03,16,9750,0.0030562268316855676,0.0037929871894124842,19.467516966857435,0.055384615384615386,0.048902959776609876,0.8399231075914129,0.22357723577235772,0.36666666666666664,0.03482798330118677
C06,C06,CV03,17,9750,0.0025730284099066214,0.0013213922239785928,19.467516966857435,0.055384615384615386,0.048902959776609876,0.8399231075914129,0.22357723577235772,0.36666666666666664,0.03482798330118677
MSFRK-ALL,MSFRK-ALL,CV03,17,9750,0.00280518225328624,0.002429742051888314,19.467516966857435,0.055384615384615386,0.048902959776609876,0.8399231075914129,0.22357723577235772,0.36666666666666664,0.03482798330118677
MS-TWO-RBF,MS-TWO-RBF,CV03,17,9750,0.003049674774195481,0.0037658175738185364,19.467516966857435,0.055384615384615386,0.048902959776609876,0.8399231075914129,0.22357723577235772,0.36666666666666664,0.03482798330118677
C06,C06,CV03,18,9750,0.0025730284099066214,0.0013213922239785928,19.467516966857435,0.055384615384615386,0.048902959776609876,0.8399231075914129,0.22357723577235772,0.36666666666666664,0.03482798330118677
MSFRK-ALL,MSFRK-ALL,CV03,18,9750,0.002817987118288996,0.0024775872374120248,19.467516966857435,0.055384615384615386,0.048902959776609876,0.8399231075914129,0.22357723577235772,0.36666666666666664,0.03482798330118677
MS-TWO-RBF,MS-TWO-RBF,CV03,18,9750,0.0030533180468592623,0.003757301108240298,19.467516966857435,0.055384615384615386,0.048902959776609876,0.8399231075914129,0.22357723577235772,0.36666666666666664,0.03482798330118677
C06,C06,CV03,19,9750,0.0025730284099066214,0.0013213922239785928,19.467516966857435,0.055384615384615386,0.048902959776609876,0.8399231075914129,0.22357723577235772,0.36666666666666664,0.03482798330118677
MSFRK-ALL,MSFRK-ALL,CV03,19,9750,0.0028550371756337328,0.002461001148735245,19.467516966857435,0.055384615384615386,0.048902959776609876,0.8399231075914129,0.22357723577235772,0.36666666666666664,0.03482798330118677
MS-TWO-RBF,MS-TWO-RBF,CV03,19,9750,0.003077789072746792,0.0037555861404731192,19.467516966857435,0.055384615384615386,0.048902959776609876,0.8399231075914129,0.22357723577235772,0.36666666666666664,0.03482798330118677
C06,C06,CV03,20,9750,0.0025730284099066214,0.0013213922239785928,19.467516966857435,0.055384615384615386,0.048902959776609876,0.8399231075914129,0.22357723577235772,0.36666666666666664,0.03482798330118677
MSFRK-ALL,MSFRK-ALL,CV03,20,9750,0.0028217798835316675,0.002474363609514012,19.467516966857435,0.055384615384615386,0.048902959776609876,0.8399231075914129,0.22357723577235772,0.36666666666666664,0.03482798330118677
MS-TWO-RBF,MS-TWO-RBF,CV03,20,9750,0.0030555804404871277,0.003777250555106784,19.467516966857435,0.055384615384615386,0.048902959776609876,0.8399231075914129,0.22357723577235772,0.36666666666666664,0.03482798330118677
C06,C06,CV04,1,6500,0.0014205287906989743,0.0009177627425489664,18.446878815889228,0.11307692307692307,0.1150937337601629,0.7817617867343154,0.19936708860759494,0.21070234113712374,0.10403075144685939
MSFRK-ALL,MSFRK-ALL,CV04,1,6500,0.0016493248964405253,0.002072139331117669,18.446878815889228,0.11307692307692307,0.1150937337601629,0.7817617867343154,0.19936708860759494,0.21070234113712374,0.10403075144685939
MS-TWO-RBF,MS-TWO-RBF,CV04,1,6500,0.001713246624416532,0.002294325313160404,18.446878815889228,0.11307692307692307,0.1150937337601629,0.7817617867343154,0.19936708860759494,0.21070234113712374,0.10403075144685939
C06,C06,CV04,2,6500,0.0014205287906989743,0.0009177627425489664,18.446878815889228,0.11307692307692307,0.1150937337601629,0.7817617867343154,0.19936708860759494,0.21070234113712374,0.10403075144685939
MSFRK-ALL,MSFRK-ALL,CV04,2,6500,0.001656774238405666,0.0020795123117603063,18.446878815889228,0.11307692307692307,0.1150937337601629,0.7817617867343154,0.19936708860759494,0.21070234113712374,0.10403075144685939
MS-TWO-RBF,MS-TWO-RBF,CV04,2,6500,0.001737604449698537,0.002311864651439936,18.446878815889228,0.11307692307692307,0.1150937337601629,0.7817617867343154,0.19936708860759494,0.21070234113712374,0.10403075144685939
C06,C06,CV04,3,6500,0.0014205287906989743,0.0009177627425489664,18.446878815889228,0.11307692307692307,0.1150937337601629,0.7817617867343154,0.19936708860759494,0.21070234113712374,0.10403075144685939
MSFRK-ALL,MSFRK-ALL,CV04,3,6500,0.0016595285608578109,0.0020731357824008605,18.446878815889228,0.11307692307692307,0.1150937337601629,0.7817617867343154,0.19936708860759494,0.21070234113712374,0.10403075144685939
MS-TWO-RBF,MS-TWO-RBF,CV04,3,6500,0.0017569032301629024,0.0023160121927776087,18.446878815889228,0.11307692307692307,0.1150937337601629,0.7817617867343154,0.19936708860759494,0.21070234113712374,0.10403075144685939
C06,C06,CV04,4,6500,0.0014205287906989743,0.0009177627425489664,18.446878815889228,0.11307692307692307,0.1150937337601629,0.7817617867343154,0.19936708860759494,0.21070234113712374,0.10403075144685939
MSFRK-ALL,MSFRK-ALL,CV04,4,6500,0.0016512320076580047,0.002075228145672747,18.446878815889228,0.11307692307692307,0.1150937337601629,0.7817617867343154,0.19936708860759494,0.21070234113712374,0.10403075144685939
MS-TWO-RBF,MS-TWO-RBF,CV04,4,6500,0.0017118130017375773,0.002291982667774639,18.446878815889228,0.11307692307692307,0.1150937337601629,0.7817617867343154,0.19936708860759494,0.21070234113712374,0.10403075144685939
C06,C06,CV04,5,6500,0.0014205287906989743,0.0009177627425489664,18.446878815889228,0.11307692307692307,0.1150937337601629,0.7817617867343154,0.19936708860759494,0.21070234113712374,0.10403075144685939
MSFRK-ALL,MSFRK-ALL,CV04,5,6500,0.001666383414480775,0.00208827854863978,18.446878815889228,0.11307692307692307,0.1150937337601629,0.7817617867343154,0.19936708860759494,0.21070234113712374,0.10403075144685939
MS-TWO-RBF,MS-TWO-RBF,CV04,5,6500,0.0017686323578432724,0.0023175176574437776,18.446878815889228,0.11307692307692307,0.1150937337601629,0.7817617867343154,0.19936708860759494,0.21070234113712374,0.10403075144685939
C06,C06,CV04,6,6500,0.0014205287906989743,0.0009177627425489664,18.446878815889228,0.11307692307692307,0.1150937337601629,0.7817617867343154,0.19936708860759494,0.21070234113712374,0.10403075144685939
MSFRK-ALL,MSFRK-ALL,CV04,6,6500,0.0016623626687052929,0.0020717493318939176,18.446878815889228,0.11307692307692307,0.1150937337601629,0.7817617867343154,0.19936708860759494,0.21070234113712374,0.10403075144685939
MS-TWO-RBF,MS-TWO-RBF,CV04,6,6500,0.0017676353074009595,0.002321913643486952,18.446878815889228,0.11307692307692307,0.1150937337601629,0.7817617867343154,0.19936708860759494,0.21070234113712374,0.10403075144685939
C06,C06,CV04,7,6500,0.0014205287906989743,0.0009177627425489664,18.446878815889228,0.11307692307692307,0.1150937337601629,0.7817617867343154,0.19936708860759494,0.21070234113712374,0.10403075144685939
MSFRK-ALL,MSFRK-ALL,CV04,7,6500,0.001648664266120846,0.002066565110677659,18.446878815889228,0.11307692307692307,0.1150937337601629,0.7817617867343154,0.19936708860759494,0.21070234113712374,0.10403075144685939
MS-TWO-RBF,MS-TWO-RBF,CV04,7,6500,0.0017181575528049215,0.0023000919530303016,18.446878815889228,0.11307692307692307,0.1150937337601629,0.7817617867343154,0.19936708860759494,0.21070234113712374,0.10403075144685939
C06,C06,CV04,8,6500,0.0014205287906989743,0.0009177627425489664,18.446878815889228,0.11307692307692307,0.1150937337601629,0.7817617867343154,0.19936708860759494,0.21070234113712374,0.10403075144685939
MSFRK-ALL,MSFRK-ALL,CV04,8,6500,0.0016588996218578724,0.002075829868178748,18.446878815889228,0.11307692307692307,0.1150937337601629,0.7817617867343154,0.19936708860759494,0.21070234113712374,0.10403075144685939
MS-TWO-RBF,MS-TWO-RBF,CV04,8,6500,0.0017521929259515182,0.0023296007380473284,18.446878815889228,0.11307692307692307,0.1150937337601629,0.7817617867343154,0.19936708860759494,0.21070234113712374,0.10403075144685939
C06,C06,CV04,9,6500,0.0014205287906989743,0.0009177627425489664,18.446878815889228,0.11307692307692307,0.1150937337601629,0.7817617867343154,0.19936708860759494,0.21070234113712374,0.10403075144685939
MSFRK-ALL,MSFRK-ALL,CV04,9,6500,0.001646048011345536,0.002058761758041344,18.446878815889228,0.11307692307692307,0.1150937337601629,0.7817617867343154,0.19936708860759494,0.21070234113712374,0.10403075144685939
MS-TWO-RBF,MS-TWO-RBF,CV04,9,6500,0.0017066833575732532,0.0022908068471176194,18.446878815889228,0.11307692307692307,0.1150937337601629,0.7817617867343154,0.19936708860759494,0.21070234113712374,0.10403075144685939
C06,C06,CV04,10,6500,0.0014205287906989743,0.0009177627425489664,18.446878815889228,0.11307692307692307,0.1150937337601629,0.7817617867343154,0.19936708860759494,0.21070234113712374,0.10403075144685939
MSFRK-ALL,MSFRK-ALL,CV04,10,6500,0.0016448992005903284,0.0020695254568041783,18.446878815889228,0.11307692307692307,0.1150937337601629,0.7817617867343154,0.19936708860759494,0.21070234113712374,0.10403075144685939
MS-TWO-RBF,MS-TWO-RBF,CV04,10,6500,0.0017127168095612706,0.00230273356087786,18.446878815889228,0.11307692307692307,0.1150937337601629,0.7817617867343154,0.19936708860759494,0.21070234113712374,0.10403075144685939
C06,C06,CV04,11,6500,0.0014205287906989743,0.0009177627425489664,18.446878815889228,0.11307692307692307,0.1150937337601629,0.7817617867343154,0.19936708860759494,0.21070234113712374,0.10403075144685939
MSFRK-ALL,MSFRK-ALL,CV04,11,6500,0.0016613340147700083,0.002087529373132042,18.446878815889228,0.11307692307692307,0.1150937337601629,0.7817617867343154,0.19936708860759494,0.21070234113712374,0.10403075144685939
MS-TWO-RBF,MS-TWO-RBF,CV04,11,6500,0.0017521502694378098,0.0023201174843961725,18.446878815889228,0.11307692307692307,0.1150937337601629,0.7817617867343154,0.19936708860759494,0.21070234113712374,0.10403075144685939
C06,C06,CV04,12,6500,0.0014205287906989743,0.0009177627425489664,18.446878815889228,0.11307692307692307,0.1150937337601629,0.7817617867343154,0.19936708860759494,0.21070234113712374,0.10403075144685939
MSFRK-ALL,MSFRK-ALL,CV04,12,6500,0.0016604279097807838,0.002077897760066469,18.446878815889228,0.11307692307692307,0.1150937337601629,0.7817617867343154,0.19936708860759494,0.21070234113712374,0.10403075144685939
MS-TWO-RBF,MS-TWO-RBF,CV04,12,6500,0.0017529603845943553,0.002320008904915417,18.446878815889228,0.11307692307692307,0.1150937337601629,0.7817617867343154,0.19936708860759494,0.21070234113712374,0.10403075144685939
C06,C06,CV04,13,6500,0.0014205287906989743,0.0009177627425489664,18.446878815889228,0.11307692307692307,0.1150937337601629,0.7817617867343154,0.19936708860759494,0.21070234113712374,0.10403075144685939
MSFRK-ALL,MSFRK-ALL,CV04,13,6500,0.0016635448554726505,0.0020820347258548757,18.446878815889228,0.11307692307692307,0.1150937337601629,0.7817617867343154,0.19936708860759494,0.21070234113712374,0.10403075144685939
MS-TWO-RBF,MS-TWO-RBF,CV04,13,6500,0.0017604913727519967,0.002320480316653545,18.446878815889228,0.11307692307692307,0.1150937337601629,0.7817617867343154,0.19936708860759494,0.21070234113712374,0.10403075144685939
C06,C06,CV04,14,6500,0.0014205287906989743,0.0009177627425489664,18.446878815889228,0.11307692307692307,0.1150937337601629,0.7817617867343154,0.19936708860759494,0.21070234113712374,0.10403075144685939
MSFRK-ALL,MSFRK-ALL,CV04,14,6500,0.0016614456678202935,0.0020885516509099996,18.446878815889228,0.11307692307692307,0.1150937337601629,0.7817617867343154,0.19936708860759494,0.21070234113712374,0.10403075144685939
MS-TWO-RBF,MS-TWO-RBF,CV04,14,6500,0.0017539144383183515,0.0023396997266826583,18.446878815889228,0.11307692307692307,0.1150937337601629,0.7817617867343154,0.19936708860759494,0.21070234113712374,0.10403075144685939
C06,C06,CV04,15,6500,0.0014205287906989743,0.0009177627425489664,18.446878815889228,0.11307692307692307,0.1150937337601629,0.7817617867343154,0.19936708860759494,0.21070234113712374,0.10403075144685939
MSFRK-ALL,MSFRK-ALL,CV04,15,6500,0.0016562019477318994,0.0020602510664476203,18.446878815889228,0.11307692307692307,0.1150937337601629,0.7817617867343154,0.19936708860759494,0.21070234113712374,0.10403075144685939
MS-TWO-RBF,MS-TWO-RBF,CV04,15,6500,0.0017544173133590443,0.0022982485138844082,18.446878815889228,0.11307692307692307,0.1150937337601629,0.7817617867343154,0.19936708860759494,0.21070234113712374,0.10403075144685939
C06,C06,CV04,16,6500,0.0014205287906989743,0.0009177627425489664,18.446878815889228,0.11307692307692307,0.1150937337601629,0.7817617867343154,0.19936708860759494,0.21070234113712374,0.10403075144685939
MSFRK-ALL,MSFRK-ALL,CV04,16,6500,0.001654518773025597,0.0020655295371804507,18.446878815889228,0.11307692307692307,0.1150937337601629,0.7817617867343154,0.19936708860759494,0.21070234113712374,0.10403075144685939
MS-TWO-RBF,MS-TWO-RBF,CV04,16,6500,0.0017443645223546556,0.0023197227410981028,18.446878815889228,0.11307692307692307,0.1150937337601629,0.7817617867343154,0.19936708860759494,0.21070234113712374,0.10403075144685939
C06,C06,CV04,17,6500,0.0014205287906989743,0.0009177627425489664,18.446878815889228,0.11307692307692307,0.1150937337601629,0.7817617867343154,0.19936708860759494,0.21070234113712374,0.10403075144685939
MSFRK-ALL,MSFRK-ALL,CV04,17,6500,0.001662040340172538,0.002075317668548359,18.446878815889228,0.11307692307692307,0.1150937337601629,0.7817617867343154,0.19936708860759494,0.21070234113712374,0.10403075144685939
MS-TWO-RBF,MS-TWO-RBF,CV04,17,6500,0.0017694102497792321,0.002326927512743308,18.446878815889228,0.11307692307692307,0.1150937337601629,0.7817617867343154,0.19936708860759494,0.21070234113712374,0.10403075144685939
C06,C06,CV04,18,6500,0.0014205287906989743,0.0009177627425489664,18.446878815889228,0.11307692307692307,0.1150937337601629,0.7817617867343154,0.19936708860759494,0.21070234113712374,0.10403075144685939
MSFRK-ALL,MSFRK-ALL,CV04,18,6500,0.0016547771475842212,0.0020745968677680447,18.446878815889228,0.11307692307692307,0.1150937337601629,0.7817617867343154,0.19936708860759494,0.21070234113712374,0.10403075144685939
MS-TWO-RBF,MS-TWO-RBF,CV04,18,6500,0.0017265639635187253,0.0023002031041632585,18.446878815889228,0.11307692307692307,0.1150937337601629,0.7817617867343154,0.19936708860759494,0.21070234113712374,0.10403075144685939
C06,C06,CV04,19,6500,0.0014205287906989743,0.0009177627425489664,18.446878815889228,0.11307692307692307,0.1150937337601629,0.7817617867343154,0.19936708860759494,0.21070234113712374,0.10403075144685939
MSFRK-ALL,MSFRK-ALL,CV04,19,6500,0.001653913957396349,0.002078974640361171,18.446878815889228,0.11307692307692307,0.1150937337601629,0.7817617867343154,0.19936708860759494,0.21070234113712374,0.10403075144685939
MS-TWO-RBF,MS-TWO-RBF,CV04,19,6500,0.0017293952798199217,0.0023103708810018452,18.446878815889228,0.11307692307692307,0.1150937337601629,0.7817617867343154,0.19936708860759494,0.21070234113712374,0.10403075144685939
C06,C06,CV04,20,6500,0.0014205287906989743,0.0009177627425489664,18.446878815889228,0.11307692307692307,0.1150937337601629,0.7817617867343154,0.19936708860759494,0.21070234113712374,0.10403075144685939
MSFRK-ALL,MSFRK-ALL,CV04,20,6500,0.0016526687329467017,0.0020710707772671083,18.446878815889228,0.11307692307692307,0.1150937337601629,0.7817617867343154,0.19936708860759494,0.21070234113712374,0.10403075144685939
MS-TWO-RBF,MS-TWO-RBF,CV04,20,6500,0.0017263929821719345,0.002291728128359728,18.446878815889228,0.11307692307692307,0.1150937337601629,0.7817617867343154,0.19936708860759494,0.21070234113712374,0.10403075144685939
C06,C06,CV05,1,6500,0.0034628114620430103,0.001441945810967532,18.923076923076923,0.12615384615384614,0.167735391184509,0.7764130957925091,0.05555555555555555,0.24825174825174826,0.15631666972334352
MSFRK-ALL,MSFRK-ALL,CV05,1,6500,0.003463990126447412,0.0022096878521105285,18.923076923076923,0.12615384615384614,0.167735391184509,0.7764130957925091,0.05555555555555555,0.24825174825174826,0.15631666972334352
MS-TWO-RBF,MS-TWO-RBF,CV05,1,6500,0.0034975614240936093,0.0017607363322269818,18.923076923076923,0.12615384615384614,0.167735391184509,0.7764130957925091,0.05555555555555555,0.24825174825174826,0.15631666972334352
C06,C06,CV05,2,6500,0.0034628114620430103,0.001441945810967532,18.923076923076923,0.12615384615384614,0.167735391184509,0.7764130957925091,0.05555555555555555,0.24825174825174826,0.15631666972334352
MSFRK-ALL,MSFRK-ALL,CV05,2,6500,0.0034624359296801617,0.0021709507308231854,18.923076923076923,0.12615384615384614,0.167735391184509,0.7764130957925091,0.05555555555555555,0.24825174825174826,0.15631666972334352
MS-TWO-RBF,MS-TWO-RBF,CV05,2,6500,0.0034944396178526846,0.001764516850153963,18.923076923076923,0.12615384615384614,0.167735391184509,0.7764130957925091,0.05555555555555555,0.24825174825174826,0.15631666972334352
C06,C06,CV05,3,6500,0.0034628114620430103,0.001441945810967532,18.923076923076923,0.12615384615384614,0.167735391184509,0.7764130957925091,0.05555555555555555,0.24825174825174826,0.15631666972334352
MSFRK-ALL,MSFRK-ALL,CV05,3,6500,0.003465201965568113,0.002198940043969684,18.923076923076923,0.12615384615384614,0.167735391184509,0.7764130957925091,0.05555555555555555,0.24825174825174826,0.15631666972334352
MS-TWO-RBF,MS-TWO-RBF,CV05,3,6500,0.003496537401325702,0.0017549467427561978,18.923076923076923,0.12615384615384614,0.167735391184509,0.7764130957925091,0.05555555555555555,0.24825174825174826,0.15631666972334352
C06,C06,CV05,4,6500,0.0034628114620430103,0.001441945810967532,18.923076923076923,0.12615384615384614,0.167735391184509,0.7764130957925091,0.05555555555555555,0.24825174825174826,0.15631666972334352
MSFRK-ALL,MSFRK-ALL,CV05,4,6500,0.003464497400599335,0.002175894896653888,18.923076923076923,0.12615384615384614,0.167735391184509,0.7764130957925091,0.05555555555555555,0.24825174825174826,0.15631666972334352
MS-TWO-RBF,MS-TWO-RBF,CV05,4,6500,0.003492871605050005,0.0017668342144268948,18.923076923076923,0.12615384615384614,0.167735391184509,0.7764130957925091,0.05555555555555555,0.24825174825174826,0.15631666972334352
C06,C06,CV05,5,6500,0.0034628114620430103,0.001441945810967532,18.923076923076923,0.12615384615384614,0.167735391184509,0.7764130957925091,0.05555555555555555,0.24825174825174826,0.15631666972334352
MSFRK-ALL,MSFRK-ALL,CV05,5,6500,0.0034642554857854833,0.0021981767739605636,18.923076923076923,0.12615384615384614,0.167735391184509,0.7764130957925091,0.05555555555555555,0.24825174825174826,0.15631666972334352
MS-TWO-RBF,MS-TWO-RBF,CV05,5,6500,0.0034933661328583623,0.0017474483326753714,18.923076923076923,0.12615384615384614,0.167735391184509,0.7764130957925091,0.05555555555555555,0.24825174825174826,0.15631666972334352
C06,C06,CV05,6,6500,0.0034628114620430103,0.001441945810967532,18.923076923076923,0.12615384615384614,0.167735391184509,0.7764130957925091,0.05555555555555555,0.24825174825174826,0.15631666972334352
MSFRK-ALL,MSFRK-ALL,CV05,6,6500,0.0034644371277417394,0.0022165975749535373,18.923076923076923,0.12615384615384614,0.167735391184509,0.7764130957925091,0.05555555555555555,0.24825174825174826,0.15631666972334352
MS-TWO-RBF,MS-TWO-RBF,CV05,6,6500,0.003496392788561766,0.0017649135638797887,18.923076923076923,0.12615384615384614,0.167735391184509,0.7764130957925091,0.05555555555555555,0.24825174825174826,0.15631666972334352
C06,C06,CV05,7,6500,0.0034628114620430103,0.001441945810967532,18.923076923076923,0.12615384615384614,0.167735391184509,0.7764130957925091,0.05555555555555555,0.24825174825174826,0.15631666972334352
MSFRK-ALL,MSFRK-ALL,CV05,7,6500,0.003459578542035674,0.002145677472622428,18.923076923076923,0.12615384615384614,0.167735391184509,0.7764130957925091,0.05555555555555555,0.24825174825174826,0.15631666972334352
MS-TWO-RBF,MS-TWO-RBF,CV05,7,6500,0.00349521087232292,0.0017622007974777037,18.923076923076923,0.12615384615384614,0.167735391184509,0.7764130957925091,0.05555555555555555,0.24825174825174826,0.15631666972334352
C06,C06,CV05,8,6500,0.0034628114620430103,0.001441945810967532,18.923076923076923,0.12615384615384614,0.167735391184509,0.7764130957925091,0.05555555555555555,0.24825174825174826,0.15631666972334352
MSFRK-ALL,MSFRK-ALL,CV05,8,6500,0.0034661333321489504,0.0022229845885423675,18.923076923076923,0.12615384615384614,0.167735391184509,0.7764130957925091,0.05555555555555555,0.24825174825174826,0.15631666972334352
MS-TWO-RBF,MS-TWO-RBF,CV05,8,6500,0.0034978797170305193,0.0017612416613021807,18.923076923076923,0.12615384615384614,0.167735391184509,0.7764130957925091,0.05555555555555555,0.24825174825174826,0.15631666972334352
C06,C06,CV05,9,6500,0.0034628114620430103,0.001441945810967532,18.923076923076923,0.12615384615384614,0.167735391184509,0.7764130957925091,0.05555555555555555,0.24825174825174826,0.15631666972334352
MSFRK-ALL,MSFRK-ALL,CV05,9,6500,0.0034636032984115385,0.0021589356925563546,18.923076923076923,0.12615384615384614,0.167735391184509,0.7764130957925091,0.05555555555555555,0.24825174825174826,0.15631666972334352
MS-TWO-RBF,MS-TWO-RBF,CV05,9,6500,0.0034962714838841845,0.0017556767640259762,18.923076923076923,0.12615384615384614,0.167735391184509,0.7764130957925091,0.05555555555555555,0.24825174825174826,0.15631666972334352
C06,C06,CV05,10,6500,0.0034628114620430103,0.001441945810967532,18.923076923076923,0.12615384615384614,0.167735391184509,0.7764130957925091,0.05555555555555555,0.24825174825174826,0.15631666972334352
MSFRK-ALL,MSFRK-ALL,CV05,10,6500,0.0034646229048001503,0.0022070158874818195,18.923076923076923,0.12615384615384614,0.167735391184509,0.7764130957925091,0.05555555555555555,0.24825174825174826,0.15631666972334352
MS-TWO-RBF,MS-TWO-RBF,CV05,10,6500,0.0034969230302271297,0.0017579429095144533,18.923076923076923,0.12615384615384614,0.167735391184509,0.7764130957925091,0.05555555555555555,0.24825174825174826,0.15631666972334352
C06,C06,CV05,11,6500,0.0034628114620430103,0.001441945810967532,18.923076923076923,0.12615384615384614,0.167735391184509,0.7764130957925091,0.05555555555555555,0.24825174825174826,0.15631666972334352
MSFRK-ALL,MSFRK-ALL,CV05,11,6500,0.00346942806196053,0.0022564831366085497,18.923076923076923,0.12615384615384614,0.167735391184509,0.7764130957925091,0.05555555555555555,0.24825174825174826,0.15631666972334352
MS-TWO-RBF,MS-TWO-RBF,CV05,11,6500,0.0034966900450050303,0.0017596239840618226,18.923076923076923,0.12615384615384614,0.167735391184509,0.7764130957925091,0.05555555555555555,0.24825174825174826,0.15631666972334352
C06,C06,CV05,12,6500,0.0034628114620430103,0.001441945810967532,18.923076923076923,0.12615384615384614,0.167735391184509,0.7764130957925091,0.05555555555555555,0.24825174825174826,0.15631666972334352
MSFRK-ALL,MSFRK-ALL,CV05,12,6500,0.0034651763720322418,0.0021937768563515102,18.923076923076923,0.12615384615384614,0.167735391184509,0.7764130957925091,0.05555555555555555,0.24825174825174826,0.15631666972334352
MS-TWO-RBF,MS-TWO-RBF,CV05,12,6500,0.0034959352022143355,0.0017659407266448583,18.923076923076923,0.12615384615384614,0.167735391184509,0.7764130957925091,0.05555555555555555,0.24825174825174826,0.15631666972334352
C06,C06,CV05,13,6500,0.0034628114620430103,0.001441945810967532,18.923076923076923,0.12615384615384614,0.167735391184509,0.7764130957925091,0.05555555555555555,0.24825174825174826,0.15631666972334352
MSFRK-ALL,MSFRK-ALL,CV05,13,6500,0.0034665715463170054,0.0022121243751631755,18.923076923076923,0.12615384615384614,0.167735391184509,0.7764130957925091,0.05555555555555555,0.24825174825174826,0.15631666972334352
MS-TWO-RBF,MS-TWO-RBF,CV05,13,6500,0.0034950966119997413,0.0017609141622041667,18.923076923076923,0.12615384615384614,0.167735391184509,0.7764130957925091,0.05555555555555555,0.24825174825174826,0.15631666972334352
C06,C06,CV05,14,6500,0.0034628114620430103,0.001441945810967532,18.923076923076923,0.12615384615384614,0.167735391184509,0.7764130957925091,0.05555555555555555,0.24825174825174826,0.15631666972334352
MSFRK-ALL,MSFRK-ALL,CV05,14,6500,0.003470992289966998,0.002238248763147281,18.923076923076923,0.12615384615384614,0.167735391184509,0.7764130957925091,0.05555555555555555,0.24825174825174826,0.15631666972334352
MS-TWO-RBF,MS-TWO-RBF,CV05,14,6500,0.0034961315243809037,0.0017516380361524565,18.923076923076923,0.12615384615384614,0.167735391184509,0.7764130957925091,0.05555555555555555,0.24825174825174826,0.15631666972334352
C06,C06,CV05,15,6500,0.0034628114620430103,0.001441945810967532,18.923076923076923,0.12615384615384614,0.167735391184509,0.7764130957925091,0.05555555555555555,0.24825174825174826,0.15631666972334352
MSFRK-ALL,MSFRK-ALL,CV05,15,6500,0.0034641897421286163,0.0021978866822668515,18.923076923076923,0.12615384615384614,0.167735391184509,0.7764130957925091,0.05555555555555555,0.24825174825174826,0.15631666972334352
MS-TWO-RBF,MS-TWO-RBF,CV05,15,6500,0.003495889732653467,0.001768534856467311,18.923076923076923,0.12615384615384614,0.167735391184509,0.7764130957925091,0.05555555555555555,0.24825174825174826,0.15631666972334352
C06,C06,CV05,16,6500,0.0034628114620430103,0.001441945810967532,18.923076923076923,0.12615384615384614,0.167735391184509,0.7764130957925091,0.05555555555555555,0.24825174825174826,0.15631666972334352
MSFRK-ALL,MSFRK-ALL,CV05,16,6500,0.003457600601720033,0.002160506610636985,18.923076923076923,0.12615384615384614,0.167735391184509,0.7764130957925091,0.05555555555555555,0.24825174825174826,0.15631666972334352
MS-TWO-RBF,MS-TWO-RBF,CV05,16,6500,0.003495779291021602,0.001767418417130507,18.923076923076923,0.12615384615384614,0.167735391184509,0.7764130957925091,0.05555555555555555,0.24825174825174826,0.15631666972334352
C06,C06,CV05,17,6500,0.0034628114620430103,0.001441945810967532,18.923076923076923,0.12615384615384614,0.167735391184509,0.7764130957925091,0.05555555555555555,0.24825174825174826,0.15631666972334352
MSFRK-ALL,MSFRK-ALL,CV05,17,6500,0.003462499748115772,0.002153344885691892,18.923076923076923,0.12615384615384614,0.167735391184509,0.7764130957925091,0.05555555555555555,0.24825174825174826,0.15631666972334352
MS-TWO-RBF,MS-TWO-RBF,CV05,17,6500,0.00349531176188673,0.0017540158108378977,18.923076923076923,0.12615384615384614,0.167735391184509,0.7764130957925091,0.05555555555555555,0.24825174825174826,0.15631666972334352
C06,C06,CV05,18,6500,0.0034628114620430103,0.001441945810967532,18.923076923076923,0.12615384615384614,0.167735391184509,0.7764130957925091,0.05555555555555555,0.24825174825174826,0.15631666972334352
MSFRK-ALL,MSFRK-ALL,CV05,18,6500,0.003458593929131378,0.0021783204290478342,18.923076923076923,0.12615384615384614,0.167735391184509,0.7764130957925091,0.05555555555555555,0.24825174825174826,0.15631666972334352
MS-TWO-RBF,MS-TWO-RBF,CV05,18,6500,0.003495080098616163,0.0017602696010325474,18.923076923076923,0.12615384615384614,0.167735391184509,0.7764130957925091,0.05555555555555555,0.24825174825174826,0.15631666972334352
C06,C06,CV05,19,6500,0.0034628114620430103,0.001441945810967532,18.923076923076923,0.12615384615384614,0.167735391184509,0.7764130957925091,0.05555555555555555,0.24825174825174826,0.15631666972334352
MSFRK-ALL,MSFRK-ALL,CV05,19,6500,0.003462173546886682,0.0021415304068618073,18.923076923076923,0.12615384615384614,0.167735391184509,0.7764130957925091,0.05555555555555555,0.24825174825174826,0.15631666972334352
MS-TWO-RBF,MS-TWO-RBF,CV05,19,6500,0.0034948767447888834,0.0017552101895574135,18.923076923076923,0.12615384615384614,0.167735391184509,0.7764130957925091,0.05555555555555555,0.24825174825174826,0.15631666972334352
C06,C06,CV05,20,6500,0.0034628114620430103,0.001441945810967532,18.923076923076923,0.12615384615384614,0.167735391184509,0.7764130957925091,0.05555555555555555,0.24825174825174826,0.15631666972334352
MSFRK-ALL,MSFRK-ALL,CV05,20,6500,0.0034628171310105865,0.0021522071487504687,18.923076923076923,0.12615384615384614,0.167735391184509,0.7764130957925091,0.05555555555555555,0.24825174825174826,0.15631666972334352
MS-TWO-RBF,MS-TWO-RBF,CV05,20,6500,0.003496302262864639,0.001762598091897527,18.923076923076923,0.12615384615384614,0.167735391184509,0.7764130957925091,0.05555555555555555,0.24825174825174826,0.15631666972334352
